CASSEATGASYEQYF	TRBV02_01	LLWNGPMAV:HLA-A_02
CSVGTGGTNEKLFF	TRBV29-1_01	GLCTLVAML:HLA-A_02:01
CSVGAAGTNEKLFF	TRBV29-1_01	GLCTLVAML:HLA-A_02:01
CASSQAGLAAYNEQFF	TRBV04-2_01	GLCTLVAML:HLA-A_02:01
CAISGEFGSGANVLTF	TRBV10-3_01	GLCTLVAML:HLA-A_02:01
CSVGSEGTNEKLFF	TRBV29-1_01	GLCTLVAML:HLA-A_02:01
CSVEGATSEQFF	TRBV29-1_01	GLCTLVAML:HLA-A_02:01
CASSPPSGSGFNEQFF	TRBV18_01	GLCTLVAML:HLA-A_02:01
CSPGTDLYEQYF	TRBV29-1_01	GLCTLVAML:HLA-A_02:01
CASSYWVGRRDTQYF	TRBV06-5_01	GLCTLVAML:HLA-A_02:01
CATSEAASSWTGELFF	TRBV24-1_01	RPRGEVRFL:HLA-B_07:02
CATSEAASSWTGELFF	TRBV24-1_01	RPRGEVRFL:HLA-B_07:02
CATSEAASSWTGELFF	TRBV24-1_01	RPRGEVRFL:HLA-B_07:02
CATRIGWGTDTQYF	TRBV05-1_01	RPRGEVRFL:HLA-B_07:02
CATRIGWGTDTQYF	TRBV05-1_01	RPRGEVRFL:HLA-B_07:02
CAISDPGDTQYF	TRBV10-3_01	RPRGEVRFL:HLA-B_07:02
CATRIGWGTDTQYF	TRBV05-1_01	RPRGEVRFL:HLA-B_07:02
CATRIGWGTDTQYF	TRBV05-1_01	RPRGEVRFL:HLA-B_07:02
CASSLGGLGDTQYF	TRBV12-3_01	RPRGEVRFL:HLA-B_07:02
CASSVIGATYEQYF	TRBV06-1_01	RPRGEVRFL:HLA-B_07:02
CASRLQGINEKLFF	TRBV12-4_01	RPRGEVRFL:HLA-B_07:02
CATRIGWGTDTQYF	TRBV05-1_01	RPRGEVRFL:HLA-B_07:02
CAWTETGLSGNTIYF	TRBV30_01	RPRGEVRFL:HLA-B_07:02
CASRRQGRDNEQFF	TRBV12-4_01	RPRGEVRFL:HLA-B_07:02
CASSVWGTDTQYF	TRBV09_01	RPRGEVRFL:HLA-B_07:02
CASSTDSVDEQFF	TRBV05-1_01	RPRGEVRFL:HLA-B_07:02
CASRRQGRDNEQFF	TRBV12-4_01	RPRGEVRFL:HLA-B_07:02
CAWSWGDSTNSPLHF	TRBV30_01	YILEETSVM:HLA-A_02:01
CASGGADMKTEAFF	TRBV19_01	CVETMCNEY:HLA-B_18
CASSLGQAYEQYF	TRBV07-8_01	FLRGRAYGL:HLA-B_08:01:29
CASRPGLAGGRPEQYF	TRBV06-5_01	LLFGYPRYV:HLA-A_02:01:59
CASSYVGNTGELFF	TRBV06-5_01	SLLMWITQV:HLA-A_02:01:48
CASSQDRDTQYF	TRBV14_01	VMAPRTLIL:HLA-E_01:01:01:03
CASSYVGNTGELFF	TRBV06-5_01	SLLMWITQC:HLA-A_02:01:48
CASRPGLAGGRPEQYF	TRBV06-5_01	LLFGKPVYV:HLA-A_02:01:48
CASSYLGNTGELFF	TRBV06-5_01	SLLMWITQC:HLA-A_02:01:48
CASSSRSSYEQYF	TRBV19_01	GILGFVFTL:HLA-A_02:01:48
CASRPGLAGGRPEQYF	TRBV06-5_01	LLFGPVYV:HLA-A_02:01:48
CASRPGLAGGRPEQYF	TRBV06-5_01	MLWGYLQYV:HLA-A_02:01:48
CAWSETGLGTGELFF	TRBV30_01	ELAGIGILTV:HLA-A_02:01:48
CASSLGQAYEQYF	TRBV07-8_01	EEYLKAWTF:HLA-B_44:05:01
CASSLGQAYEQYF	TRBV07-8_01	EEYLQAFTY:HLA-B_44:05:01
CASPGLAGEYEQYF	TRBV06-1_01	LPEPLPQGQLTAY:HLA-B_35:08:01
CASSARSGELFF	TRBV09_01	HPVGEADYFEY:HLA-B_35:42:01
CSARDGTGNGYTF	TRBV20-1_01	GLCTLVAML:HLA-A_02:01:48
CASRPGLAGGRPEQYF	TRBV06-5_01	LLFGFPVYV:HLA-A_02:01:48
CASGQGNFDIQYF	TRBV06-2_01	FLRGRAYGL:HLA-B_08:01:29
CASSLWEKLAKNIQYF	TRBV12-4_01	ALWGPDPAAA:HLA-A_02:01:48
CASSPTSGIYEQYF	TRBV04-1_01	RFPLTFGWCF:HLA-A_24:02:84
CASSFLGTGVEQYF	TRBV28_01	ALGIGILTV:HLA-A_02:01:98
CASRPGLMSAQPEQYF	TRBV06-5_01	LLFGYPVYV:HLA-A_02:01:48
CASPGETEAFF	TRBV06-1_01	LPEPLPQGQLTAY:HLA-B_35:08:01
CASSYQGTEAFF	TRBV06-5_01	ILAKFLHWL:HLA-A_02:01:48
CASSVRSTDTQYF	TRBV07-2_01	APQPELPYPQPG:HLA-DQA1_05:01:01:02
CASSARSGELFF	TRBV09_01	HPVGQADYFEY:HLA-B_35:42:01
CASSLRGRGDQPQHF	TRBV11-2_01	HSKKKCDEL:HLA-B_08:01:29
CASRPRDPVTQYF	TRBV06-2_01	LQPLALEGSLQKRG:HLA-DRA_01:02:03
CASSLAPGTTNEKLFF	TRBV07-6_01	NLVPMVATV:HLA-A_02:01:59
CASSPAPSASSYEQYF	TRBV04-1_01	KLVALGINAV:HLA-A_02
CASSWSASYEQYF	TRBV19_01	KLVALGINAV:HLA-A_02
CASSSSWADTQYF	TRBV09_01	KLVALGINAV:HLA-A_02
CAISGQAVSTDTQYF	TRBV10-3_01	KLVALGINAV:HLA-A_02
CASSYGSYEQYF	TRBV06-6_01	KLVALGINAV:HLA-A_02
CASSWGGGEQYF	TRBV25-1_01	KLVALGINAV:HLA-A_02
CASSLEGSYEQYF	TRBV07-9_01	KLVALGINAV:HLA-A_02
CASTGGLGYTF	TRBV25-1_01	KLVALGINAV:HLA-A_02
CAWSINSAEAFF	TRBV30_01	KLVALGINAV:HLA-A_02
CASSSGATEAFF	TRBV25-1_01	KLVALGINAV:HLA-A_02
CASTQGSTDTQYF	TRBV06-5_01	KLVALGINAV:HLA-A_02
CASSSPGASTYEQYF	TRBV06-5_01	KLVALGINAV:HLA-A_02
CASSIGQYEQYF	TRBV19_01	KLVALGINAV:HLA-A_02
CASSRGDTEAFF	TRBV25-1_01	KLVALGINAV:HLA-A_02
CASSVEGIDEKLFF	TRBV09_01	KLVALGINAV:HLA-A_02
CATSSGDLSSGANVLTF	TRBV15_01	KLVALGINAV:HLA-A_02
CATSIDRGREKLFF	TRBV15_01	KLVALGINAV:HLA-A_02
CASSDDRGPYEQYF	TRBV02_01	KLVALGINAV:HLA-A_02
CASSQVRLNTEAFF	TRBV05-1_01	KLVALGINAV:HLA-A_02
CASSLGEKLFF	TRBV07-9_01	KLVALGINAV:HLA-A_02
CASDSNTEAFF	TRBV25-1_01	KLVALGINAV:HLA-A_02
CASSQEGGGDGQPQHF	TRBV04-1_01	TPQDLNTML:HLA-B_42:01
CASSLGPTEAFF	TRBV12-3_01	TPQDLNTML:HLA-B_42:01
CASSLDPEKGAFF	TRBV12-3_01	TPQDLNTML:HLA-B_42:01
CASSFSKNTEAFF	TRBV12-3_01	TPQDLNTML:HLA-B_42:01
CASSLGLNTIYF	TRBV12-3_01	TPQDLNTML:HLA-B_42:01
CASSSQTSGLFANTGELFF	TRBV07-9_01	TPQDLNTML:HLA-B_42:01
CASSFSKNTEAFF	TRBV12-3_01	TPQDLNTML:HLA-B_42:01
CASSLAFGTSGGEQYF	TRBV05-1_01	TPQDLNTML:HLA-B_42:01
CASSQEGGGQGQPQHF	TRBV04-1_01	TPQDLNTML:HLA-B_42:01
CASSDNPLVGGFTDTQYF	TRBV09_01	IIKDYGKQM:HLA-B_42:01
CASSLVDPTGFGLETQYF	TRBV05-1_01	IIKDYGKQM:HLA-B_42:01
CASRTSGGHEQFF	TRBV06-2_01	IIKDYGKQM:HLA-B_42:01
CASSVDKGGTDTQYF	TRBV09_01	IIKDYGKQM:HLA-B_42:01
CASALEQGGYNEQFF	TRBV09_01	IIKDYGKQM:HLA-B_42:01
CASSHLDSGLAVDTEAFF	TRBV05-1_01	FPRPWLHGL:HLA-B_42:01
CASSLWGGDFSQEQFF	TRBV07-2_01	FPRPWLHGL:HLA-B_42:01
CASSLYGGPEQPQHF	TRBV07-2_01	FPRPWLHGL:HLA-B_42:01
CASSLYSGGDKEQYF	TRBV07-2_01	FPRPWLHGL:HLA-B_42:01
CASSIKGYNEQFF	TRBV19_01	FPRPWLHGL:HLA-B_42:01
CASSIQTGNSPLHF	TRBV19_01	FPRPWLHGL:HLA-B_42:01
CASSLYSGPDQPQHF	TRBV07-2_01	FPRPWLHGL:HLA-B_42:01
CASSEGRDQETQYF	TRBV16_01	FPRPWLHGL:HLA-B_42:01
CASSLVGPPGELFF	TRBV05-5_01	LPPIVAKEI:HLA-B_42:01
CASSKPLYEQYF	TRBV07-8_01	LPPIVAKEI:HLA-B_42:01
CASSPIQGSEQYF	TRBV07-9_01	LPPIVAKEI:HLA-B_42:01
CASSWTGPPGEQFF	TRBV05-5_01	LPPIVAKEI:HLA-B_42:01
CASSPRQGHEQYF	TRBV07-9_01	LPPIVAKEI:HLA-B_42:01
CASSPRGGGETQYF	TRBV05-4_01	TPGPGVRYPL:HLA-B_42:01
CASSVSGGQVTDTQYF	TRBV09_01	TPGPGVRYPL:HLA-B_42:01
CASRKGIQETQYF	TRBV27_01	TPGPGVRYPL:HLA-B_42:01
CASSTFGATQETQYF	TRBV05-1_01	TPGPGVRYPL:HLA-B_42:01
CASSLSRQGTGELFF	TRBV27_01	TPGPGVRYPL:HLA-B_42:01
CSVKLTEFGYTF	TRBV29-1_01	TPGPGVRYPL:HLA-B_42:01
CASSPRGTRTDTQYF	TRBV05-1_01	TPGPGVRYPL:HLA-B_42:01
CSAPEPTSGRWSGELFF	TRBV20-1_01	TPGPGVRYPL:HLA-B_42:01
CASSLPPGGGVYGYTF	TRBV07-9_01	TPGPGVRYPL:HLA-B_42:01
CASSVGPGQEIHTDTQYF	TRBV09_01	TPGPGVRYPL:HLA-B_42:01
CASSVWGDPSYEQYF	TRBV09_01	TPGPGVRYPL:HLA-B_42:01
CSARDGTGNGYTF	TRBV20-1_01	GLCTLVAML:HLA-A_02:01
CASSYQTGTIYGYTF	TRBV06-5_01	NLVPMVATV:HLA-A_02:01
CASSYQTGAAYGYTF	TRBV06-5_01	NLVPMVATV:HLA-A_02:01
CASSCQTGAACGYTF	TRBV06-5_01	NLVPMVATV:HLA-A_02:01
CASAQIGPYEQYF	TRBV28_01	EPLPQGQLTAY:HLA-B_35:01
CASSTGDSNQPQHF	TRBV19_01	EPLPQGQLTAY:HLA-B_35:01
CAISTGDSNQPQHF	TRBV10-3_01	EPLPQGQLTAY:HLA-B_35:01
CAIGTGDSNQPQHF	TRBV10-3_01	EPLPQGQLTAY:HLA-B_35:01
CASSLVVAGGPMSEQFF	TRBV28_01	EPLPQGQLTAY:HLA-B_35:01
CASSLPGAGGDQPQHF	TRBV28_01	EPLPQGQLTAY:HLA-B_35:01
CASRPPGGNEQFF	TRBV28_01	EPLPQGQLTAY:HLA-B_35:01
CASRTPGVSTEAFF	TRBV28_01	EPLPQGQLTAY:HLA-B_35:01
CASSFEPGQGFYSNQPQHF	TRBV13_01	FLKEKGGL:HLA-B_08
CASSALASLNEQFF	TRBV14_01	FLKEKGGL:HLA-B_08
CASSYLPGQGDHYSNQPQHF	TRBV13_01	FLKEQGGL:HLA-B_08
CASSYEPGQVSHYSNQPQHF	TRBV13_01	FLKEQGGL:HLA-B_08
CASSYLPGQGDHYSNQPQHF	TRBV13_01	FLKETGGL:HLA-B_08
CASSYLPGQGDHYSNQPQHF	TRBV13_01	FLKEMGGL:HLA-B_08
CASSIGVYGYTF	TRBV19_01	GILGFVFTL:HLA-A_02:01
CSARDRTGNGYTF	TRBV20-1_01	GLCTLVAML:HLA-A_02:01
CSVGTGGTNEKLFF	TRBV29-1_01	GLCTLVAML:HLA-A_02:01
CASSIRSSYEQYF	TRBV19_01	GILGFVFTL:HLA-A_02:01
CASSIRSSYEQYF	TRBV19_01	GILGFVFTL:HLA-A_02:01
CASSTRSSYEQYF	TRBV19_01	GILGFVFTL:HLA-A_02:01
CASSIRSAYEQYF	TRBV19_01	GILGFVFTL:HLA-A_02:01
CASSVRSSYEQYF	TRBV19_01	GILGFVFTL:HLA-A_02:01
CASRTGLASTDTQYF	TRBV06-6_01	IVTDFSVIK:HLA-A_11:01
CASSISSTGELFF	TRBV19_01	GILGFVFTL:HLA-A_02:01
CASSIGVYGYTF	TRBV19_01	GILGFVFTL:HLA-A_02:01
CASSGRSTGELFF	TRBV19_01	GILGFVFTL:HLA-A_02:01
CSAWDREVVGTEAFF	TRBV20-1_01	GLCTLVAML:HLA-A_02:01
CSVEDGYEQYF	TRBV29-1_01	CVNGSCFTV:HLA-A_02:01
CASSNSEGSGANVLTF	TRBV19_01	CVNGSCFTV:HLA-A_02:01
CASSPLYVALREQYF	TRBV14_01	CVNGSCFTV:HLA-A_02:01
CASSEDQGLTATYEQYF	TRBV10-1_01	CVNGSCFTV:HLA-A_02:01
CSARTEGAEAFF	TRBV20-1_01	CVNGSCFTV:HLA-A_02:01
CSARTSGDFGEQFF	TRBV20-1_01	CVNGSCFTV:HLA-A_02:01
CASSAGTGIYDEAFF	TRBV07-9_01	TPRVTGGGAM:HLA-B_07:02
CASSLRGENRDDYEQYF	TRBV07-9_01	TPRVTGGGAM:HLA-B_07:02
CASSLISGRARNEQFF	TRBV07-9_01	TPRVTGGGAM:HLA-B_07:02
CASSSHDKQGARSPLHF	TRBV07-9_01	TPRVTGGGAM:HLA-B_07:02
CASSLIGQGLGDEQFF	TRBV07-9_01	TPRVTGGGAM:HLA-B_07:02
CASSRRGESSYNEQFF	TRBV07-9_01	TPRVTGGGAM:HLA-B_07:02
CASSLRGVSSYNEQFF	TRBV07-9_01	TPRVTGGGAM:HLA-B_07:02
CASRQGAGGNQPQHF	TRBV27_01	TPRVTGGGAM:HLA-B_07:02
CASRLGPGQPYEQYF	TRBV27_01	TPRVTGGGAM:HLA-B_07:02
CASSLGSSGTRQYF	TRBV27_01	TPRVTGGGAM:HLA-B_07:02
CASSLLGLQGSYNEQFF	TRBV27_01	TPRVTGGGAM:HLA-B_07:02
CASSLSTSSRNYGYTF	TRBV27_01	TPRVTGGGAM:HLA-B_07:02
CASSLGPGNYEQYF	TRBV27_01	TPRVTGGGAM:HLA-B_07:02
CASSLGGSPNYGYTF	TRBV27_01	TPRVTGGGAM:HLA-B_07:02
CASSVAGSATGELFF	TRBV09_01	NLVPMVATV:HLA-A_02:01
CASSLRQGEGMGEQFF	TRBV05-1_01	NLVPMVATV:HLA-A_02:01
CASRALRGDNEQFF	TRBV05-1_01	NLVPMVATV:HLA-A_02:01
CASSLDRDRGRPEAFF	TRBV07-9_01	NLVPMVATV:HLA-A_02:01
CASSVVNEQFF	TRBV12-3_01	NLVPMVATV:HLA-A_02:01
CASSLTNEQFF	TRBV12-3_01	NLVPMVATV:HLA-A_02:01
CASREGEYYGYTF	TRBV06-1_01	NLVPMVATV:HLA-A_02:01
CASSYSTGIGGGYTF	TRBV06-1_01	NLVPMVATV:HLA-A_02:01
CASTPQTGTGTYGYTF	TRBV06-1_01	NLVPMVATV:HLA-A_02:01
CSSGTGDGGEQFF	TRBV29-1_01	RAKFKQLL:HLA-B_08:01
CSAGTGEGGEQFF	TRBV29-1_01	RAKFKQLL:HLA-B_08:01
CSVGTGDNSPLHF	TRBV29-1_01	RAKFKQLL:HLA-B_08:01
CSAGQGEGEQYF	TRBV29-1_01	RAKFKQLL:HLA-B_08:01
CSVGAGEGYEQYF	TRBV29-1_01	RAKFKQLL:HLA-B_08:01
CASSSLDTEAFF	TRBV27_01	RAKFKQLL:HLA-B_08:01
CASSSLNTEAFF	TRBV27_01	RAKFKQLL:HLA-B_08:01
CSARDGTGNGYTF	TRBV20-1_01	GLCTLVAML:HLA-A_02:01
CSARGGTGNGYTF	TRBV20-1_01	GLCTLVAML:HLA-A_02:01
CSAHRTENTEAFF	TRBV20-1_01	GLCTLVAML:HLA-A_02:01
CSVGTGGTNEKLFF	TRBV29-1_01	GLCTLVAML:HLA-A_02:01
CSVDLANTEAFF	TRBV29-1_01	GLCTLVAML:HLA-A_02:01
CSVDLANTEAFF	TRBV29-1_01	GLCTLVAML:HLA-A_02:01
CSVGTGGTNEKLFF	TRBV29-1_01	GLCTLVAML:HLA-A_02:01
CSVGQGGTNEKLFF	TRBV29-1_01	GLCTLVAML:HLA-A_02:01
CSVGGTFYGYTF	TRBV29-1_01	GLCTLVAML:HLA-A_02:01
CSVEASGGLFNEQFF	TRBV29-1_01	GLCTLVAML:HLA-A_02:01
CASSPSAAAYEQYF	TRBV09_01	FLRGRAYGL:HLA-B_08:01
CASSLGQAYEQYF	TRBV07-8_01	FLRGRAYGL:HLA-B_08:01
CASSLGQAYEQYF	TRBV07-8_01	FLRGRAYGL:HLA-B_08:01
CASSLGQAYEQYF	TRBV07-8_01	FLRGRAYGL:HLA-B_08:01
CASRRQRTDTEAFF	TRBV28_01	TPRVTGGGAM:HLA-B_07:02
CSVEERVRGGEQYF	TRBV29-1_01	TPRVTGGGAM:HLA-B_07:02
CASSLRQGINTGELFF	TRBV07-9_01	TPRVTGGGAM:HLA-B_07:02
CASSYVIYEQYF	TRBV12-3_01	TPRVTGGGAM:HLA-B_07:02
CASSYSSGELFF	TRBV06-1_01	TPRVTGGGAM:HLA-B_07:02
CATSDDRDTGELFF	TRBV24-1_01	TPRVTGGGAM:HLA-B_07:02
CASSLGQAYEQYF	TRBV07-8_01	FLRGRAYGL:HLA-B_08:01
CASSLGQAYEQYF	TRBV07-8_01	FLRGRAYGL:HLA-B_08:01
CASSQAGFNEQFF	TRBV04-1_01	FLRGRAYGL:HLA-B_08:01
CSTGQGPYEQYF	TRBV29-1_01	RAKFKQLL:HLA-B_08:01
CSVGGVSSGVYNEQFF	TRBV29-1_01	RAKFKQLL:HLA-B_08:01
CASSYSGGVFEQFF	TRBV05-1_01	RAKFKQLL:HLA-B_08:01
CASSLTAGNNYGYTF	TRBV05-1_01	RAKFKQLL:HLA-B_08:01
CASSSTRTGDGQPQHF	TRBV07-9_01	RAKFKQLL:HLA-B_08:01
CASSPGGRQGDYNEQFF	TRBV06-1_01	RAKFKQLL:HLA-B_08:01
CASSELAGVGETQYF	TRBV11-2_01	RAKFKQLL:HLA-B_08:01
CASSVSTGEAYGYTF	TRBV09_01	GPGHKARVL:HLA-B_07:02
CSVGQNSANTGELFF	TRBV29-1_01	GPGHKARVL:HLA-B_07:02
CSVEDLGLAGATEQFF	TRBV29-1_01	GPGHKARVL:HLA-B_07:02
CASSSTGYVNEQYF	TRBV05-1_01	GPGHKARVL:HLA-B_07:02
CASSLAGDGANVLTF	TRBV05-1_01	GPGHKARVL:HLA-B_07:02
CASSLRGETQYF	TRBV05-1_01	GPGHKARVL:HLA-B_07:02
CASSLNTGVKNIQYF	TRBV05-1_01	GPGHKARVL:HLA-B_07:02
CASFRTGTSETQYF	TRBV05-5_01	GPGHKARVL:HLA-B_07:02
CASSLGDSWNSPLHF	TRBV07-9_01	GPGHKARVL:HLA-B_07:02
CASSQDEPSEQYF	TRBV04-1_01	GPGHKARVL:HLA-B_07:02
CATRDYEQYF	TRBV06-2_01	GPGHKARVL:HLA-B_07:02
CASSILAGLNEQYF	TRBV19_01	GPGHKARVL:HLA-B_07:02
CASSAFAGTGELFF	TRBV19_01	GPGHKARVL:HLA-B_07:02
CAWNRGMNTEAFF	TRBV30_01	GPGHKARVL:HLA-B_07:02
CASSLGTSGSYEQYF	TRBV11-2_01	GPGHKARVL:HLA-B_07:02
CASSPSGTPYEQYF	TRBV02_01	GPGHKARVL:HLA-B_07:02
CASSPSGTPYEQYF	TRBV02_01	GPGHKARVL:HLA-B_07:02
CASSPSGTPYERYF	TRBV02_01	GPGHKARVL:HLA-B_07:02
CATSRLDITPNSPLHF	TRBV15_01	GPGHKARVL:HLA-B_07:02
CATSREEPIQPGEQFF	TRBV15_01	GPGHKARVL:HLA-B_07:02
CATGRLAGETQYF	TRBV15_01	GPGHKARVL:HLA-B_07:02
CASSIFPGGGYGYTF	TRBV19_01	SLYNTVATL:HLA-A_02:01
CASSTGSAPNEKLFF	TRBV28_01	IPSINVHHY:HLA-B_35:01
CASSSGTAPNEKLFF	TRBV28_01	IPSINVHHY:HLA-B_35:01
CASSPGTGPNEKLFF	TRBV28_01	IPSINVHHY:HLA-B_35:01
CASSPPTAPNEKLFF	TRBV28_01	IPSINVHHY:HLA-B_35:01
CASSLPSGPNEKLFF	TRBV28_01	IPSINVHHY:HLA-B_35:01
CASSLASTPNEKLFF	TRBV28_01	IPSINVHHY:HLA-B_35:01
CASSPGTEPNEKLFF	TRBV28_01	IPSINVHHY:HLA-B_35:01
CASSPSSGPNEKLFF	TRBV28_01	IPSINVHHY:HLA-B_35:01
CASSPTTAPNEKLFF	TRBV28_01	IPSINVHHY:HLA-B_35:01
CATSTGETPNEKLFF	TRBV15_01	IPSINVHHY:HLA-B_35:01
CASSARSTGELFF	TRBV19_01	GILGFVFTL:HLA-A_02:01
CASSAQANQPQHF	TRBV25-1_01	GILGFVFTL:HLA-A_02:01
CAVLVDPYNEQFF	TRBV04-1_01	GILGFVFTL:HLA-A_02:01
CASSYLAGEITDTQYF	TRBV06-6_01	GILGFVFTL:HLA-A_02:01
CASSSPKGAKYEQYF	TRBV28_01	GILGFVFTL:HLA-A_02:01
CASSIRSSYEQYF	TRBV19_01	GILGFVFTL:HLA-A_02:01
CASSIRSSYEQYF	TRBV19_01	GILGFVFTL:HLA-A_02:01
CASSIRSAYEQYF	TRBV19_01	GILGFVFTL:HLA-A_02:01
CASSTRSTDTQYF	TRBV19_01	GILGFVFTL:HLA-A_02:01
CASSIRSSYEQYF	TRBV19_01	GILGFVFTL:HLA-A_02:01
CASSIGVYGYTF	TRBV19_01	GILGFVFTL:HLA-A_02:01
CASSIRSGYEQFF	TRBV19_01	GILGFVFTL:HLA-A_02:01
CASSPTLQGPLGETQYF	TRBV04-1_01	GILGFVFTL:HLA-A_02:01
CASSLFGSPLHF	TRBV09_01	GILGFVFTL:HLA-A_02:01
CASSIRSAYEQYF	TRBV19_01	GILGFVFTL:HLA-A_02:01
CASYTSDYGYTF	TRBV25-1_01	GILGFVFTL:HLA-A_02:01
CASSYSGQGSAAGETQYF	TRBV06-6_01	ELRRKMMYM:HLA-B_08
CASSRLAGGTDTQYF	TRBV07-3_01	QIKVRVDMV:HLA-B_08
CASKAGGSYNEQFF	TRBV12-3_01	TPQDLNTML:HLA-B_81:01
CASSVASGTSGGGQFF	TRBV05-1_01	TPQDLNTML:HLA-B_81:01
CASSQGSLSEAFF	TRBV12-3_01	TPQDLNTML:HLA-B_81:01
CASSLGGLNTIYF	TRBV12-3_01	TPQDLNTML:HLA-B_81:01
CASSFSKNTEAFF	TRBV12-3_01	TPQDLNTML:HLA-B_42:01
CASSQEGGGGGQPQHF	TRBV04-1_01	TPQDLNTML:HLA-B_42:01
CASSFSKNTEAFF	TRBV12-3_01	TPQDLNTML:HLA-B_42:01
CSVSEGASEQYF	TRBV29-1_01	VLEETSVML:HLA-A_02
CASSYATGASYGYTF	TRBV06-3_01	NLVPMVATV:HLA-A_02:01
CASSKLGTSEETQYF	TRBV05-6_01	LPEPLPQGQLTAY:HLA-B_35:08
CASPGLAGEYEQYF	TRBV06-1_01	LPEPLGQGQLTAY:HLA-B_35:08
CASPGLAGEYEQYF	TRBV06-1_01	LPEPLPQGQLTGY:HLA-B_35:08
CASSTGQVSPGELFF	TRBV02_01	GLCTLVAML:HLA-A_02
CASSEGRVSPGELFF	TRBV02_01	GLCTLVAML:HLA-A_02
CASSEGRISPGELFF	TRBV02_01	GLCTLVAML:HLA-A_02
CSARDRTGNGYTF	TRBV20-1_01	GLCTLVAML:HLA-A_02
CSARDRTGNGYTF	TRBV20-1_01	GLCTLVAML:HLA-A_02
CSARDWTGNGYTF	TRBV20-1_01	GLCTLVAML:HLA-A_02
CSARDATGNGYTF	TRBV20-1_01	GLCTLVAML:HLA-A_02
CSARDQTGNGYTF	TRBV20-1_01	GLCTLVAML:HLA-A_02
CSVGTGGTNEKLFF	TRBV29-1_01	GLCTLVAML:HLA-A_02
CSAPGQEISTEAFF	TRBV20-1_01	GLCTLVAML:HLA-A_02
CASSQSPGGTQYF	TRBV14_01	GLCTLVAML:HLA-A_02
CSARIGVGNTIYF	TRBV20-1_01	GLCTLVAML:HLA-A_02
CASSQSPGGTQYF	TRBV14_01	GLCTLVAML:HLA-A_02
CSVGSGGTNEKLFF	TRBV29-1_01	GLCTLVAML:HLA-A_02
CASTLWSATNEKLFF	TRBV28_01	NLVPMVATV:HLA-A_02:01
CASSQAGLAAYNEQFF	TRBV04-2_01	GLCTLVAML:HLA-A_02:01
CSARDGTGNGYTF	TRBV20-1_01	GLCTLVAML:HLA-A_02:01
CSARDGTGNGYTF	TRBV20-1_01	GLCTLVAML:HLA-A_02:01
CSARDGTGNGYTF	TRBV20-1_01	GLCTLVAML:HLA-A_02:01
CSARDSTGNGYTF	TRBV20-1_01	GLCTLVAML:HLA-A_02:01
CSARDSTGNGYTF	TRBV20-1_01	GLCTLVAML:HLA-A_02:01
CASSQSPGGEQYF	TRBV14_01	GLCTLVAML:HLA-A_02:01
CASSVRAGETQYF	TRBV19_01	GILGFVFTL:HLA-A_02:01
CASSVAGGDEQFF	TRBV09_01	GLCTLVAML:HLA-A_02:01
CSVGAGGTNEKLFF	TRBV29-1_01	GLCTLVAML:HLA-A_02:01
CSVGTQGTNEKLFF	TRBV29-1_01	GLCTLVAML:HLA-A_02:01
CSVGAGGTNEKLFF	TRBV29-1_01	GLCTLVAML:HLA-A_02:01
CSVGTGGTNEKLFF	TRBV29-1_01	GLCTLVAML:HLA-A_02:01
CASSQEEGPGNQPQHF	TRBV04-1_01	NLVPMVATV:HLA-A_02:01
CASSQSPGGTQYF	TRBV14_01	GLCTLVAML:HLA-A_02:01
CASSILTGPRTEAFF	TRBV19_01	GILGFVFTL:HLA-A_02:01
CSARVRGDVYGYTF	TRBV20-1_01	GILGFVFTL:HLA-A_02:01
CASSTRSGYEQYF	TRBV19_02	GILGFVFTL:HLA-A_02:01
CASSIRSSYEQYF	TRBV19_01	GILGFVFTL:HLA-A_02:01
CASSIRSSYEQYF	TRBV19_01	GILGFVFTL:HLA-A_02:01
CASSVRSSYEQYF	TRBV19_01	GILGFVFTL:HLA-A_02:01
CASSQDWGAGTQYF	TRBV14_01	GILGFVFTL:HLA-A_02:01
CASSLFPGFGEQYF	TRBV27_01	GILGFVFTL:HLA-A_02:01
CASSSRSRQYRGSSYEQYF	TRBV05-6_01	GILGFVFTL:HLA-A_02:01
CASSQVEAFYEQYF	TRBV04-1_01	GILGFVFTL:HLA-A_02:01
CASGLVPGGLVYEQYF	TRBV12-5_01	GILGFVFTL:HLA-A_02:01
CASSYGLEQFF	TRBV06-3_01	GILGFVFTL:HLA-A_02:01
CASGAGGPLNEQFF	TRBV19_01	GILGFVFTL:HLA-A_02:01
CASSAQTGASYGYTF	TRBV06-5_01	NLVPMVATV:HLA-A_02:01
CASSWKTGTGGTGYTF	TRBV06-5_01	NLVPMVATV:HLA-A_02:01
CATQGDNTYEQYF	TRBV19_01	GILGFVFTL:HLA-A_02:01
CATAITSTQYF	TRBV12-4_01	NLVPMVATV:HLA-A_02:01
CSAEPGTSGGLQYF	TRBV20-1_01	GLCTLVAML:HLA-A_02:01
CSARDGTRAHYEQFF	TRBV20-1_01	GILGFVFTL:HLA-A_02:01
CATSDFPPGVRGAPQETQYF	TRBV24-1_01	GILGFVFTL:HLA-A_02:01
CASSIGYYGYTF	TRBV19_02	GILGFVFTL:HLA-A_02:01
CASSIVNEAFF	TRBV12-4_01	NLVPMVATV:HLA-A_02:01
CASGPGTSATDTQYF	TRBV06-5_01	NLVPMVATV:HLA-A_02:01
CSARDGLAGHYEQYF	TRBV20-1_01	NLVPMVATV:HLA-A_02:01
CASSSVSGYTF	TRBV12-4_01	NLVPMVATV:HLA-A_02:01
CAWSISDLAKNIQYF	TRBV30_01	NLVPMVATV:HLA-A_02:01
CASSSQSNQPQHF	TRBV25-1_01	GILGFVFTL:HLA-A_02:01
CASNPGTGADEQYF	TRBV10-1_01	IPSINVHHY:HLA-B_35
CASNAGTGNEQYF	TRBV10-1_01	IPSINVHHY:HLA-B_35
CASNAGTGTDTQYF	TRBV10-1_01	IPSINVHHY:HLA-B_35
CAISVAARGEQFF	TRBV10-3_01	IPSINVHHY:HLA-B_35
CAISGRGDTEAFF	TRBV10-3_01	IPSINVHHY:HLA-B_35
CASSLGAGTFKTNEKLFF	TRBV07-4_01	IPSINVHHY:HLA-B_35
CASSLVASQETQYF	TRBV07-4_01	IPSINVHHY:HLA-B_35
CASSLMGGAHYGYTF	TRBV27_01	NEGVKAAW:HLA-B_44:03:08
CASSFFGNSYEQYF	TRBV05-1_01	NEGVKAAW:HLA-B_44:03:08
CASSIFGELFF	TRBV19_01	NEGVKAAW:HLA-B_44:03:08
CASSYVRTAEQFF	TRBV06-2_01	NEGVKAAW:HLA-B_44:03:08
CASSFAGELFF	TRBV05-1_01	NEGVKAAW:HLA-B_44:03:08
CASSIFGELFF	TRBV19_01	NEGVKAAW:HLA-B_44:03:08
CASSIFGELFF	TRBV19_01	NEGVKAAW:HLA-B_44:03:08
CASSLASRGGAYNEQFF	TRBV07-9_01	NEGVKAAW:HLA-B_44:03:08
CASSITGTGEAFF	TRBV19_01	NEGVKAAW:HLA-B_44:03:08
CASSYRRPSSYNEQFF	TRBV06-5_01	NEGVKAAW:HLA-B_44:03:08
CASSSDRSWTDEAFF	TRBV11-2_01	NEGVKAAW:HLA-B_44:03:08
CASSIAGRGGYSPLHF	TRBV19_01	NEGVKAAW:HLA-B_44:03:08
CASSSANYGYTF	TRBV12-4_01	NLVPMVATV:HLA-A_02:01
CASSSVNEQYF	TRBV12-4_01	NLVPMVATV:HLA-A_02:01
CAWVPGTGGTEAFF	TRBV30_01	NLVPMVATV:HLA-A_02:01
CASSSANYGYTF	TRBV12-4_01	NLVPMVATV:HLA-A_02:01
CASSYGMGVGDRDTQYF	TRBV06-5_01	SLYNTVATL:HLA-A_02
CASSASTGGGYTF	TRBV12-4_01	SLYNTVATL:HLA-A_02
CATSDPIRASSHEQFF	TRBV24-1_01	SLYNTVATL:HLA-A_02
CASSPNGDRVFDQPQHF	TRBV27_01	EIYKRWII:HLA-B_08
CASSENSLGRGLVKTQYF	TRBV02_01	EIYKRWII:HLA-B_08
CASSPNGDRVFDQPQHF	TRBV27_01	EIYKRWII:HLA-B_08
CASSPPMGRAEGYTF	TRBV02_01	EIYKRWII:HLA-B_08
CASSENSLGRGLVKTQYF	TRBV02_01	EIYKRWII:HLA-B_08
CASSPSGQGARTGELFF	TRBV18_01	EIYKRWII:HLA-B_08
CSVRQGYEQYF	TRBV29-1_01	EIYKRWII:HLA-B_08
CASSYLWGQYEQYF	TRBV06-2_01	EIYKRWII:HLA-B_08
CASSFLEDGYTF	TRBV12-3_01	EIYKRWII:HLA-B_08
CASSYGGTEAFF	TRBV06-6_01	EIYKRWII:HLA-B_08
CASSFQGERTEAFF	TRBV07-8_01	EIYKRWII:HLA-B_08
CASRNRAAGRFRETQYF	TRBV03-1_01	EIYKRWII:HLA-B_08
CASSLIPGNQPQHF	TRBV07-2_01	EIYKRWII:HLA-B_08
CASSLIPGNQPQHF	TRBV07-2_01	EIYKRWII:HLA-B_08
CASSMLDGGRDEQFF	TRBV07-8_01	EIYKRWII:HLA-B_08
CSARENYEQYF	TRBV20-1_01	EIYKRWII:HLA-B_08
CSARENYEQYF	TRBV20-1_01	EIYKRWII:HLA-B_08
CASSQSPTRLAGTPHNEQFF	TRBV16_01	EIYKRWII:HLA-B_08
CASGGQGDRQPQHF	TRBV02_01	EIYKRWII:HLA-B_08
CASSQSPTRLAGTPHNEQFF	TRBV16_01	EIYKRWII:HLA-B_08
CASSVVGDSRETQYF	TRBV09_01	EIYKRWII:HLA-B_08
CASSVLAGLGNEQFF	TRBV02_01	FLKEKGGL:HLA-B_08
CASRDFPSGGSYEQYF	TRBV06-1_01	FLKEKGGL:HLA-B_08
CASTYTGGAGGELFF	TRBV12-3_01	FLKEKGGL:HLA-B_08
CASSTLASGRYEQYF	TRBV09_01	FLKEKGGL:HLA-B_08
CASSEFGQGFYEQYF	TRBV06-1_01	FLKEKGGL:HLA-B_08
CASSTLASGRYEQYF	TRBV09_01	FLKEKGGL:HLA-B_08
CASSDSGAGTPNGYTF	TRBV06-4_01	FLKEKGGL:HLA-B_08
CASRVGQGVVGELFF	TRBV27_01	FLKEKGGL:HLA-B_08
CASSLDHQAGHEQYF	TRBV11-2_01	FLKEKGGL:HLA-B_08
CASSTPGRRTSNQPQHF	TRBV09_01	EIYKRWII:HLA-B_08
CASRNRAAGRFRETQYF	TRBV03-1_01	EIYKRWII:HLA-B_08
CASSLSRDRNEQFF	TRBV27_01	EIYKRWII:HLA-B_08
CASSVGGDARETQYF	TRBV09_01	EIYKRWII:HLA-B_08
CASSASTKDTQYF	TRBV02_01	EIYKRWII:HLA-B_08
CASSPGRLSHEQFF	TRBV04-3_01	KRWIILGLNK:HLA-B_27
CASSPGRTSHEQFF	TRBV04-3_01	KRWIILGLNK:HLA-B_27
CASSWDRNEQFF	TRBV07-9_01	KRWIILGLNK:HLA-B_27
CASSPGRTSHEQFF	TRBV04-3_01	KRWIILGLNK:HLA-B_27
CASSAGISAYEQYF	TRBV04-3_01	KRWIILGLNK:HLA-B_27
CASSPGQVAYEQYF	TRBV04-3_01	KRWIILGLNK:HLA-B_27
CSAREGVAGALYEQYF	TRBV20-1_01	KRWIILGLNK:HLA-B_27
CASSVVSDNEQFF	TRBV09_01	KRWIILGLNK:HLA-B_27
CASGFGGTEAFF	TRBV12-5_01	KRWIILGLNK:HLA-B_27
CASSYGLNTEAFF	TRBV12-3_01	FLKEKGGL:HLA-B_08
CASRYLRGEGAHPSNTEAFF	TRBV06-2_01	FLKEKGGL:HLA-B_08
CASSEFPAGVYEQFF	TRBV06-1_01	FLKEKGGL:HLA-B_08
CASSLMESVWVEQFF	TRBV09_01	FLKEKGGL:HLA-B_08
CASSYLAGQGAPYSNQPQHF	TRBV06-2_01	FLKEKGGL:HLA-B_08
CASSLGDLYTGELFF	TRBV07-9_01	FLKEKGGL:HLA-B_08
CATKGTGLYNEQFF	TRBV24-1_01	FLKEKGGL:HLA-B_08
CASSIRSSYEQYF	TRBV19_01	GILGFVFTL:HLA-A_02:01
CASSIRSSYEQYF	TRBV19_01	GILGFVFTL:HLA-A_02:01
CASSIRSSYEQYF	TRBV19_01	GILGFVFTL:HLA-A_02:01
CASSIRSSYEQYF	TRBV19_01	GILGFVFTL:HLA-A_02:01
CASSIRSSYEQYF	TRBV19_01	GILGFVFTL:HLA-A_02:01
CASSIRSSYEQYF	TRBV19_01	GILGFVFTL:HLA-A_02:01
CASSIRSSYEQYF	TRBV19_01	GILGFVFTL:HLA-A_02:01
CASSIRSSYEQYF	TRBV19_01	GILGFVFTL:HLA-A_02:01
CASSIRSSYEQYF	TRBV19_01	GILGFVFTL:HLA-A_02:01
CASSIRSSYEQYF	TRBV19_01	GILGFVFTL:HLA-A_02:01
CASSLEGYTEAFF	TRBV11-2_01	NLVPMVATV:HLA-A_02:01
CASSSANYGYTF	TRBV11-1_01	NLVPMVATV:HLA-A_02:01
CASSPKLQGAWAEKLFF	TRBV18_01	NLVPMVATV:HLA-A_02:01
CASSFQTGASYGYTF	TRBV06-5_01	NLVPMVATV:HLA-A_02:01
CASSLAPGATNEKLFF	TRBV11-1_01	NLVPMVATV:HLA-A_02:01
CASSFQGYTEAFF	TRBV11-1_01	NLVPMVATV:HLA-A_02:01
CASSLEGYTEAFF	TRBV11-2_01	NLVPMVATV:HLA-A_02:01
CASSLGQAYEQYF	TRBV07-8_01	FLRGRAYGL:HLA-B_08:01
CASSAPTGELFF	TRBV09_01	HPVGEADYFEY:HLA-B_35:01
CASSPRRYNEQFF	TRBV09_01	HPVGEADYFEY:HLA-B_35:08
CASRQDRDYQETQYF	TRBV05-1_01	HPVGEADYFEY:HLA-B_35:08
CASSARTGELFF	TRBV09_01	HPVGEADYFEY:HLA-B_35:01
CASSVRTGELFF	TRBV09_01	HPVGEADYFEY:HLA-B_35:01
CASSVRTGELFF	TRBV09_01	HPVGEADYFEY:HLA-B_35:01
CASSARSGELFF	TRBV09_01	HPVGEADYFEY:HLA-B_35:01
CASSSRSGELFF	TRBV09_01	HPVGEADYFEY:HLA-B_35:01
CASSLKSGELFF	TRBV09_01	HPVGEADYFEY:HLA-B_35:01
CAISDPGTLPNYGYTF	TRBV10-3_01	HPVGEADYFEY:HLA-B_35:08
CASSSVNEQFF	TRBV12-3_01	NLVPMVATV:HLA-A_02
CASSSANYGYTF	TRBV12-3_01	NLVPMVATV:HLA-A_02
CASSIRSSYEQYF	TRBV19_01	GILGFVFTL:HLA-A_02
CASSIRAAETQYF	TRBV19_01	GILGFVFTL:HLA-A_02
CASSIRSSYEQYF	TRBV19_01	GILGFVFTL:HLA-A_02
CASSIRSSYEQYF	TRBV19_01	GILGFVFTL:HLA-A_02
CASSIRSSYEQYF	TRBV19_01	GILGFVFTL:HLA-A_02
CASSTFGANVLTF	TRBV19_01	GILGFVFTL:HLA-A_02
CASSIRSSYEQYF	TRBV19_01	GILGFVFTL:HLA-A_02
CASSTYSQDTQYF	TRBV19_01	GILGFVFTL:HLA-A_02
CASSIGVYGYTF	TRBV19_01	GILGFVFTL:HLA-A_02
CASSIRSSTEAFF	TRBV19_01	GILGFVFTL:HLA-A_02
CASSSRSSYEQYF	TRBV19_01	GILGFVFTL:HLA-A_02
CASSSRSSYEQYF	TRBV19_01	GILGFVFTL:HLA-A_02
CASSEDHTGFYEQYF	TRBV06-1_01	NLVPMVATV:HLA-A_02
CASSPQTGVGNYGYTF	TRBV06-5_01	NLVPMVATV:HLA-A_02
CASSLAPGTTNEKLFF	TRBV07-6_01	NLVPMVATV:HLA-A_02
CASSLAPGATNEKLFF	TRBV07-6_01	NLVPMVATV:HLA-A_02
CASSLLGGWSEAFF	TRBV27_01	GILGFVFTL:HLA-A_02
CASSHSRDSYNEQFF	TRBV19_01	NLVPMVATV:HLA-A_02:01
CASSSATYGYTF	TRBV19_01	NLVPMVATV:HLA-A_02:01
CASSSANYGYTF	TRBV19_01	NLVPMVATV:HLA-A_02:01
CASSVGGPYTGELFF	TRBV09_01	NLVPMVATV:HLA-A_02:01
CASSSANYGYTF	TRBV19_01	NLVPMVATV:HLA-A_02:01
CASSSASYGYTF	TRBV19_01	NLVPMVATV:HLA-A_02:01
CASSSVNGAFF	TRBV19_01	NLVPMVATV:HLA-A_02:01
CASSPGNILYGYTF	TRBV18_01	NLVPMVATV:HLA-A_02:01
CASSVVGGRYGYTF	TRBV09_01	NLVPMVATV:HLA-A_02:01
CASSSVDEAFF	TRBV19_01	NLVPMVATV:HLA-A_02:01
CASSSTNGYTF	TRBV12-4_01	NLVPMVATV:HLA-A_02
CASSYATGTAYGYTF	TRBV06-5_01	NLVPMVATV:HLA-A_02
CASSLDRVTGELFF	TRBV27_01	NLVPMVATV:HLA-A_02
CASSLETGSNEQFF	TRBV05-1_01	MLNIPSINV:HLA-A_02
CASSSGGGEQYF	TRBV05-1_01	MLNIPSINV:HLA-A_02
CATHSGNTGELFF	TRBV24-1_01	MLNIPSINV:HLA-A_02
CASSLSTSGDNEQFF	TRBV27_01	MLNIPSINV:HLA-A_02
CSARDQVRANYGYTF	TRBV20-1_01	NLVPMVATV:HLA-A_02
CSARDQVRANYGYTF	TRBV20-1_01	NLVPMVATV:HLA-A_02
CASSPGQVLPGEQYF	TRBV02_01	GLCTLVAML:HLA-A_02
CSVGTGGTNEKLFF	TRBV29-1_01	GLCTLVAML:HLA-A_02
CASSQSPGGTQYF	TRBV14_01	GLCTLVAML:HLA-A_02
CASSLLVSGNEQFF	TRBV27_01	KRWIILGLNK:HLA-B_27
CASSQGVGNTIYF	TRBV07-2_01	KRWIILGLNK:HLA-B_27
CASSRYQTEAFF	TRBV03-1_01	KRWIILGLNK:HLA-B_27
CASSGMRGTEAFF	TRBV07-2_01	KRWIILGLNK:HLA-B_27
CASSLLVSGNEQFF	TRBV27_01	KRWIILGLNK:HLA-B_27
CASSLDVGEQYF	TRBV06-4_01	KRWIILGLNK:HLA-B_27
CASGQSGTAYNEQFF	TRBV10-1_01	KRWIILGLNK:HLA-B_27
CASSLGVNAVEQYF	TRBV07-2_01	KRWIILGLNK:HLA-B_27
CASSLDSTGGDGELFF	TRBV07-2_01	NLVPMVATV:HLA-A_02:01
CASSIDYYSNQPQHF	TRBV07-2_01	NLVPMVATV:HLA-A_02:01
CASSPHQADTQYF	TRBV07-3_01	NLVPMVATV:HLA-A_02:01
CASSSSTGTGRCLLPNNTEAFF	TRBV11-3_01	NLVPMVATV:HLA-A_02:01
CASSSAYYGYTF	TRBV12-4_01	NLVPMVATV:HLA-A_02:01
CASSPQTGAIYGYTF	TRBV06-5_01	NLVPMVATV:HLA-A_02:01
CASSPVTGQGFYGYTF	TRBV06-5_01	NLVPMVATV:HLA-A_02:01
CASSYQTGAAYGYTF	TRBV06-5_01	NLVPMVATV:HLA-A_02:01
CASSYQTGTIYGYTF	TRBV06-5_01	NLVPMVATV:HLA-A_02:01
CASSSLYGDTGELFF	TRBV06-5_01	NLVPMVATV:HLA-A_02:01
CASSLAPGTTNEKLFF	TRBV07-6_01	NLVPMVATV:HLA-A_02:01
CASSYGGGEDYGYTF	TRBV13_01	NLVPMVATV:HLA-A_02:01
CASHYGGSSYEQYF	TRBV13_01	NLVPMVATV:HLA-A_02:01
CATSREGPNQPQHF	TRBV15_01	NLVPMVATV:HLA-A_02:01
CASSIGGTGGIPQHF	TRBV19_01	NLVPMVATV:HLA-A_02:01
CASSLEGYTEAFF	TRBV27_01	NLVPMVATV:HLA-A_02:01
CASNPSGGYTGELFF	TRBV27_01	NLVPMVATV:HLA-A_02:01
CASRSAQRGFTETQYF	TRBV28_01	NLVPMVATV:HLA-A_02:01
CAWSVSDIMNTEAFF	TRBV30_01	NLVPMVATV:HLA-A_02:01
CASSEEPSGGAYEQYF	TRBV06-1_01	NLVPMVATV:HLA-A_02:01
CSAKILAGAGSEQYF	TRBV20-1_01	NLVPMVATV:HLA-A_02:01
CSVDETGGGETQYF	TRBV29-1_01	NLVPMVATV:HLA-A_02:01
CASSEGRVLPGELFF	TRBV02_01	GLCTLVAML:HLA-A_02:01
CASSFSRDSDEQFF	TRBV05-1_01	GLCTLVAML:HLA-A_02:01
CSARDGTGNGYTF	TRBV20-1_01	GLCTLVAML:HLA-A_02:01
CSARDRVGNTIYF	TRBV20-1_01	GLCTLVAML:HLA-A_02:01
CASSTSDTQYF	TRBV25-1_01	GLCTLVAML:HLA-A_02:01
CASSFGQQETQYF	TRBV12-4_01	GLCTLVAML:HLA-A_02:01
CASSQDRGAVYGYTF	TRBV04-1_01	SFHSLHLLF:HLA-A_24:02
CASSLDRGNIQYF	TRBV07-9_01	SFHSLHLLF:HLA-A_24:02
CASSPGTSGNTGELFF	TRBV07-2_01	SFHSLHLLF:HLA-A_24:02
CATFRDRDTGELFF	TRBV07-9_01	SFHSLHLLF:HLA-A_24:02
CAPTPKTGSETQYF	TRBV12-4_01	SFHSLHLLF:HLA-A_24:02
CASMPDRKNTIYF	TRBV07-9_01	SFHSLHLLF:HLA-A_24:02
CASIEDRTPEAFF	TRBV07-9_01	SFHSLHLLF:HLA-A_24:02
CASSQRSGQGNSPLHF	TRBV03-1_01	SFHSLHLLF:HLA-A_24:02
CASSQDRGYVYGYTF	TRBV04-1_01	SFHSLHLLF:HLA-A_24:02
CASSSSTSGNTGELFF	TRBV05-1_01	SFHSLHLLF:HLA-A_24:02
CASIPDRNTEAFF	TRBV07-9_01	SFHSLHLLF:HLA-A_24:02
CASSHPAGNFHGYTF	TRBV04-1_01	SFHSLHLLF:HLA-A_24:02
CASSLGPGGAYEQYF	TRBV07-8_01	SFHSLHLLF:HLA-A_24:02
CASSVPRTDTQYF	TRBV07-9_01	SFHSLHLLF:HLA-A_24:02
CASSPDRAHTIYF	TRBV07-9_01	SFHSLHLLF:HLA-A_24:02
CASSPDRRIYEQYF	TRBV18_01	SFHSLHLLF:HLA-A_24:02
CASSQVAGASFNEQFF	TRBV04-1_01	SFHSLHLLF:HLA-A_24:02
CASSIRASYEQYF	TRBV19_01	GILGFVFTL:HLA-A_02:01
CASSIRSTDTQYF	TRBV19_01	GILGFVFTL:HLA-A_02:01
CASSIRSTGELFF	TRBV19_01	GILGFVFTL:HLA-A_02:01
CASSIRSTGELFF	TRBV19_01	GILGFVFTL:HLA-A_02:01
CASSIRSTGELFF	TRBV19_01	GILGFVFTL:HLA-A_02:01
CSARDINPGLAYEQFF	TRBV20-1_01	KRWIILGLNK:HLA-B_27:05
CASSPDSNNEQFF	TRBV06-2_01	KRWIILGLNK:HLA-B_27:05
CASGDRQNSPLHF	TRBV28_01	KRWIILGLNK:HLA-B_27:05
CASSSSSQEQFF	TRBV07-8_01	KRWIILGLNK:HLA-B_27:05
CASSQGQFGNEQFF	TRBV04-3_01	KRWIILGLNK:HLA-B_27:05
CASSSSSQEQFF	TRBV07-8_01	KRWIILGLNK:HLA-B_27:05
CASSPGQYSHEQYF	TRBV04-3_01	KRWIILGLNK:HLA-B_27:05
CASSRNNIEAFF	TRBV27_01	KRWIILGLNK:HLA-B_27:05
CASSSQENTEAFF	TRBV06-1_01	KRWIILGLNK:HLA-B_27:05
CASSDRQNSPLHF	TRBV28_01	KRWIILGLNK:HLA-B_27:05
CASSQGQLNTQYF	TRBV04-3_01	KRWIILGLNK:HLA-B_27:05
CASSLGEQPQHF	TRBV07-9_01	KRWIILGLNK:HLA-B_27:05
CASSPYSGSYEQYF	TRBV07-9_01	KRWIILGLNK:HLA-B_27:05
CASGLGPSGTEAFF	TRBV12-5_01	KRWIILGLNK:HLA-B_27:05
CASGSGLANNEQFF	TRBV04-3_01	KRWIILGLNK:HLA-B_27:05
CASSFDSYEQYF	TRBV07-9_01	KRWIILGLNK:HLA-B_27:05
CASSPRSLSYEQYF	TRBV07-9_01	KRWIILGLNK:HLA-B_27:05
CASSFDSYEQYF	TRBV07-9_01	KRWIILGLNK:HLA-B_27:05
CSARTLEGILTTGETQYF	TRBV20-1_01	KRWIILGLNK:HLA-B_27:05
CASSRADLSYEQYF	TRBV09_01	KRWIILGLNK:HLA-B_27:05
CASSYRTGELFF	TRBV27_01	KRWIILGLNK:HLA-B_27:05
CSARTLEGILTTGETQYF	TRBV20-1_01	KRWIILGLNK:HLA-B_27:05
CASSQGTSDYEQYF	TRBV04-3_01	KRWIILGLNK:HLA-B_27:05
CSARGGERFYEQYF	TRBV20-1_01	KRWIIMGLNK:HLA-B_27:05
CASSLDSYEQYF	TRBV07-9_01	KRWIILGLNK:HLA-B_27:05
CASSPLGGHHSGANVLTF	TRBV07-2_01	KRWIILGLNK:HLA-B_27:05
CASSLDSYEQYF	TRBV07-9_01	KRWIILGLNK:HLA-B_27:05
CASSYDLNEQYF	TRBV07-9_01	KRWIILGLNK:HLA-B_27:05
CSARVTSSDEQYF	TRBV20-1_01	KRWIILGLNK:HLA-B_27:05
CASSFIAGTEAFF	TRBV12-3_01	KRWIILGLNK:HLA-B_27:05
CASSLVAGTYNEQFF	TRBV07-2_01	KRWIILGLNK:HLA-B_27:05
CSASDNELPGSSYNEQFF	TRBV20-1_01	KRWIILGLNK:HLA-B_27:05
CSASDNELPGSSYNEQFF	TRBV20-1_01	KRWIILGLNK:HLA-B_27:05
CASSMADLSYEQYF	TRBV09_01	KRWIILGLNK:HLA-B_27:05
CASSGGLPEGYTF	TRBV27_01	KRWIILGLNK:HLA-B_27:05
CSGRGVAYNSPLHF	TRBV20-1_01	KRWIILGLNK:HLA-B_27:05
CSASNPLLGQGAGYGYTF	TRBV20-1_01	KRWIILGLNK:HLA-B_27:05
CASSPGWGSYEQYF	TRBV05-6_01	RLRPGGKKK:HLA-A_03:01
CASSLGWGPNEQFF	TRBV05-6_01	RLRPGGKKK:HLA-A_03:01
CASATIMGGRASNEQFF	TRBV28_01	RLRPGGKKK:HLA-A_03:01
CASSQETGDEQYF	TRBV14_01	GPGMKARVL:HLA-B_07:02
CASSLETGDEQYF	TRBV07-6_01	GPGMKARVL:HLA-B_07:02
CASSLIGHSNQPQHF	TRBV19_01	SLYNTVATL:HLA-A_02:01
CASSFDAEQFF	TRBV05-1_01	SLYNTVATL:HLA-A_02:01
CASSFDSEAFF	TRBV05-1_01	SLYNTVATL:HLA-A_02:01
CATSFDSEAFF	TRBV15_01	SLYNTVATL:HLA-A_02:01
CASSFDAEAFF	TRBV05-1_01	SLYNTVATL:HLA-A_02:01
CASNLGGPQQPQHF	TRBV12-4_01	SLYNTVATL:HLA-A_02:01
CSARDVVDGNTGELFF	TRBV20-1_01	FLKEKGGL:HLA-B_08:01
CASSEGSQEVFF	TRBV07-9_01	FLGKIWPSHK:HLA-A_02:01
CASSFTSGTDTQYF	TRBV04-1_01	FLGKIWPSHK:HLA-A_02:01
CASSYVGGDGYTF	TRBV06-2_01	FLGKIWPSHK:HLA-A_02:01
CASSLERETEAFF	TRBV13_01	RLRPGGKKR:HLA-A_03:01
CASSLDWGTFGEQYF	TRBV05-6_01	RLRPGGKKR:HLA-A_03:01
CASSEDESYEQYF	TRBV06-6_01	RLRPGGKKR:HLA-A_03:01
CATSDDGASDGNEQFF	TRBV24-1_01	RLRPGGKKR:HLA-A_03:01
CASSLDWGTFGEQYF	TRBV05-6_01	RLRPGGKKR:HLA-A_03:01
CASSQDPAGVGTDTQYF	TRBV14_01	RLRPGGKKR:HLA-A_03:01
CASSLGVDSLTDTQYF	TRBV05-6_01	RLRPGGKKR:HLA-A_03:01
CASSLERETEAFF	TRBV13_01	RLRPGGKKR:HLA-A_03:01
CASSLDWGTFGEQYF	TRBV05-6_01	RLRPGGKKR:HLA-A_03:01
CASSLDRAGDTQYF	TRBV05-6_01	RLRPGGKKR:HLA-A_03:01
CATSDDGASDGNEQFF	TRBV24-1_01	RLRPGGKKR:HLA-A_03:01
CASSLERETEAFF	TRBV13_01	RLRPGGKKR:HLA-A_03:01
CASSQDPAGWGTDTQYF	TRBV14_01	RLRPGGKKR:HLA-A_03:01
CASSNGVGIAEAFF	TRBV05-6_01	RLRPGGKKR:HLA-A_03:01
CASSVLRAAFF	TRBV25-1_01	FLKEKGGL:HLA-B_08:01
CASSPLARVDEQFF	TRBV03-1_01	TPGPGVRYPL:HLA-B_07:02
CSASPRGRYNEQFF	TRBV20-1_01	TPGPGVRYPL:HLA-B_07:02
CASSQVGRRDTQYF	TRBV04-3_01	TPGPGVRYPL:HLA-B_07:02
CSASPRGRYNEQFF	TRBV20-1_01	TPGPGVRYPL:HLA-B_07:02
CASSTGLAGEGRHNEQFF	TRBV06-2_01	TPGPGVRYPL:HLA-B_07:02
CASSSPLTSGRLNEQFF	TRBV11-2_01	TPGPGVRYPL:HLA-B_07:02
CSASPRGRYNEQFF	TRBV20-1_01	TPGPGVRYPL:HLA-B_07:02
CATSDEVAGGRHHEQFF	TRBV24-1_01	TPGPGVRYPL:HLA-B_07:02
CATRDRQGRYNEQFF	TRBV24-1_01	TPGPGVRYPL:HLA-B_07:02
CATSDEVAGGRHHEQFF	TRBV24-1_01	TPGPGVRYPL:HLA-B_07:02
CASSPRGRDETQYF	TRBV18_01	FPQGEAREL:HLA-B_07:02
CASSPRGRDETQYF	TRBV18_01	FPQGEAREL:HLA-B_07:02
CASSPGLDGEQYF	TRBV13_01	RLRPGGKKK:HLA-A_03:01
CASSPGWGLDEQFF	TRBV07-6_01	RLRPGGKKK:HLA-A_03:01
CATSDDGTPNNEQFF	TRBV24-1_01	RLRPGGKKK:HLA-A_03:01
CASSVGWGSETQYF	TRBV09_01	RLRPGGKKK:HLA-A_03:01
CASRDSSYEQYF	TRBV28_01	RLRPGGKKK:HLA-A_03:01
CASSVGWGSETQYF	TRBV09_01	RLRPGGKKK:HLA-A_03:01
CASRDSSYEQYF	TRBV28_01	RLRPGGRKR:HLA-A_03:01
CASSPLGGLGNEQFF	TRBV28_01	RLRPGGRKR:HLA-A_03:01
CASRDSSYEQYF	TRBV28_01	RLRPGGRKR:HLA-A_03:01
CASSHTTGGRTEAFF	TRBV04-1_01	GEIYKRWII:HLA-B_08:01
CASSTKAGGLADTQYF	TRBV09_01	GEIYKRWII:HLA-B_08:01
CASSYSPLNTEAFF	TRBV06-2_01	TPRVTGGGAM:HLA-B_07:02
CASSYSPLNTEAFF	TRBV06-2_01	TPRVTGGGAM:HLA-B_07:02
CASSLHGQGVRSPLHF	TRBV07-9_01	TPRVTGGGAM:HLA-B_07:02
CASSLHGQGVRSPLHF	TRBV07-9_01	TPRVTGGGAM:HLA-B_07:02
CASSYSSGELFF	TRBV06-2_01	TPRVTGGGAM:HLA-B_07:02
CASSSAEPYNSPLHF	TRBV04-3_01	TPRVTGGGAM:HLA-B_07:02
CASSSIGQGLGDEQFF	TRBV07-9_01	TPRVTGGGAM:HLA-B_07:02
CASSLIGQGLGDEQFF	TRBV07-9_01	TPRVTGGGAM:HLA-B_07:02
CASSSHESQGARSPLHF	TRBV07-9_01	TPRVTGGGAM:HLA-B_07:02
CASSPARNTEAFF	TRBV07-2_01	RPHERNGFTV:HLA-B_07
CASSSANYGYTF	TRBV11-1_01	NLVPMVATV:HLA-A_02
CASSSHDRQGASSPLHF	TRBV06-4_01	TPRVTGGGAM:HLA-B_07
CASSSVNEQFF	TRBV11-1_01	NLVPMVATV:HLA-A_02
CASSSVSEAFF	TRBV11-1_01	NLVPMVATV:HLA-A_02
CASSLGLENEQFF	TRBV07-8_01	GLCTLVAML:HLA-A_02:01
CSVGGTFYGYTF	TRBV29-1_01	GLCTLVAML:HLA-A_02:01
CASSAGRVSPGELFF	TRBV02_01	GLCTLVAML:HLA-A_02:01
CASSVAGGDEQFF	TRBV09_01	GLCTLVAML:HLA-A_02:01
CSVGTGGTNEKLFF	TRBV29-1_01	GLCTLVAML:HLA-A_02:01
CSARDRTGNGYTF	TRBV20-1_01	GLCTLVAML:HLA-A_02:01
CSARDEVGNTIYF	TRBV20-1_01	GLCTLVAML:HLA-A_02:01
CASSELGRFIIQPQHF	TRBV06-1_01	GLCTLVAML:HLA-A_02:01
CSVGTGGTNEKLFF	TRBV29-1_01	GLCTLVAML:HLA-A_02:01
CSVGSGGTNEKLFF	TRBV29-1_01	GLCTLVAML:HLA-A_02:01
CASSLGTSFRTDTQYF	TRBV12-3_01	YVLDHLIVV:HLA-A_02:01
CASSYMGVEQFF	TRBV06-2_01	YVLDHLIVV:HLA-A_02:01
CASSSPGDYTYEQYF	TRBV11-2_01	YVLDHLIVV:HLA-A_02:01
CASSMLLGGGQPQHF	TRBV19_01	YVLDHLIVV:HLA-A_02:01
CASRGLLGGITEAFF	TRBV19_01	YVLDHLIVV:HLA-A_02:01
CSARGAGFSGANVLTF	TRBV20-1_01	YVLDHLIVV:HLA-A_02:01
CASSDLANEQFF	TRBV10-1_01	YVLDHLIVV:HLA-A_02:01
CASSPGAGLYNEQFF	TRBV06-2_01	YVLDHLIVV:HLA-A_02:01
CASSLTTGIQYF	TRBV06-2_01	YVLDHLIVV:HLA-A_02:01
CASSSLQGNGQPQHF	TRBV28_01	YVLDHLIVV:HLA-A_02:01
CASSLDLSSGANVLTF	TRBV05-4_01	YVLDHLIVV:HLA-A_02:01
CASSPPLGLHTGELFF	TRBV18_01	YVLDHLIVV:HLA-A_02:01
CAWSGLSGSYNEQFF	TRBV30_01	YVLDHLIVV:HLA-A_02:01
CASSYPFGGAWDEQFF	TRBV07-2_01	IPSINVHHY:HLA-B_35:01
CASSYATAYEQYF	TRBV06-2_01	IPSINVHHY:HLA-B_35:01
CASSLDPAGQGYEQYF	TRBV11-2_01	IPSINVHHY:HLA-B_35:01
CASGRTGSEAFF	TRBV06-2_01	IPSINVHHY:HLA-B_35:01
CASSSHDRDGGYSPLHF	TRBV07-9_01	TPRVTGGGAM:HLA-B_07:02
CASSLSWGGFYNEQFF	TRBV27_01	TPRVTGGGAM:HLA-B_07:02
CASSSHERQGQNSPLHF	TRBV07-9_01	TPRVTGGGAM:HLA-B_07:02
CASRPNLGGTTEAFF	TRBV27_01	TPRVTGGGAM:HLA-B_07:02
CASSIHSETGVGSPLHF	TRBV07-9_01	TPRVTGGGAM:HLA-B_07:02
CASSLSASTARYGYTF	TRBV27_01	TPRVTGGGAM:HLA-B_07:02
CASKQEWGNTEAFF	TRBV07-9_01	TPRVTGGGAM:HLA-B_07:02
CASSYQTGAAYGYTF	TRBV06-5_01	NLVPMVATV:HLA-A_02:01
CASSHWDRETSGNTIYF	TRBV06-6_01	NLVPMVATV:HLA-A_02:01
CASSPTTGTGHYGYTF	TRBV06-5_01	NLVPMVATV:HLA-A_02:01
CASSLDSIASGNTIYF	TRBV05-1_01	VLEETSVML:HLA-A_02:01
CASSIVGAHTEAFF	TRBV19_01	IVTDFSVIK:HLA-A_11:01
CASSAWDINTGELFF	TRBV09_01	IVTDFSVIK:HLA-A_11:01
CASSRTSGGFYNEQFF	TRBV02_01	IVTDFSVIK:HLA-A_11:01
CASSLGSGNYGYTF	TRBV09_01	IVTDFSVIK:HLA-A_11:01
CASSEASGGFYNEQFF	TRBV07-2_01	IVTDFSVIK:HLA-A_11:01
CASYWGLAVNEQFF	TRBV28_01	RPPIFIRRL:HLA-B_07:02
CASSQDRLTGGYTF	TRBV04-1_01	RPPIFIRRL:HLA-B_07:02
CASSEILGMNTEAFF	TRBV09_01	RPPIFIRRL:HLA-B_07:02
CASSPTNPAGDTETQYF	TRBV07-8_01	RPPIFIRRL:HLA-B_07:02
CASSGTHNEQFF	TRBV14_01	RPPIFIRRL:HLA-B_07:02
CASSLSQGIQNIQYF	TRBV27_01	RPPIFIRRL:HLA-B_07:02
CASSFRLAVKNEQFF	TRBV05-1_01	RPPIFIRRL:HLA-B_07:02
CASSLEAGVSYEQYF	TRBV07-6_01	RPPIFIRRL:HLA-B_07:02
CASSLGASTDTQYF	TRBV07-9_01	RPPIFIRRL:HLA-B_07:02
CASSQETGSYEQYF	TRBV04-1_01	RPPIFIRRL:HLA-B_07:02
CAGSQDRLTGGYTF	TRBV04-1_01	RPPIFIRRL:HLA-B_07:02
CASSSGQAYEQYF	TRBV07-8_01	FLRGRAYGL:HLA-B_08:01
CASSQGALTGQPQHF	TRBV04-1_01	YPLHEQHGM:HLA-B_35:01
CASSLVLSSPTYEQYF	TRBV07-2_01	RAKFKQLL:HLA-B_08:01
CASSSHVINQFF	TRBV11-2_01	RAKFKQLL:HLA-B_08:01
CASSLGTGHNEQFF	TRBV11-2_01	RAKFKQLL:HLA-B_08:01
CASSSNRDRNTIYF	TRBV05-6_01	RAKFKQLL:HLA-B_08:01
CASSLGLGVNNEQFF	TRBV07-9_01	RAKFKQLL:HLA-B_08:01
CASSQVQGTSGGEQYF	TRBV04-2_01	RAKFKQLL:HLA-B_08:01
CASSLWIQETQYF	TRBV07-2_01	RAKFKQLL:HLA-B_08:01
CASTSAGTPDNEQFF	TRBV04-1_01	RAKFKQLL:HLA-B_08:01
CASSQGVGENTEAFF	TRBV04-1_01	RAKFKQLL:HLA-B_08:01
CASSLAVLSSYNEQFF	TRBV07-3_01	RAKFKQLL:HLA-B_08:01
CASSRGTGEGYEQYF	TRBV07-3_01	RAKFKQLL:HLA-B_08:01
CASSLTGPGDQPQHF	TRBV07-9_01	RAKFKQLL:HLA-B_08:01
CASSLTGAGDQPQHF	TRBV07-9_01	RAKFKQLL:HLA-B_08:01
CASSLLIGANNEQFF	TRBV07-6_01	RAKFKQLL:HLA-B_08:01
CASSPITRIVGDTQYF	TRBV11-2_01	RAKFKQLL:HLA-B_08:01
CASSLIASGGYNEQFF	TRBV07-3_01	RAKFKQLL:HLA-B_08:01
CSVGAGDYEQYF	TRBV29-1_01	RAKFKQLL:HLA-B_08:01
CASSFMQGDSPLHF	TRBV07-9_01	RAKFKQLL:HLA-B_08:01
CASSFSGSLTTEAFF	TRBV12-3_01	RAKFKQLL:HLA-B_08:01
CASSLAPSYEQYF	TRBV07-9_01	RAKFKQLL:HLA-B_08:01
CASSLLGTENTEAFF	TRBV07-9_01	RAKFKQLL:HLA-B_08:01
CATKRTGTDTQYF	TRBV15_01	RAKFKQLL:HLA-B_08:01
CASSFRGEGSYEQYF	TRBV12-3_01	RAKFKQLL:HLA-B_08:01
CASSLGRDGVYF	TRBV07-2_01	RAKFKQLL:HLA-B_08:01
CASSQLGQSETQYF	TRBV07-9_01	RAKFKQLL:HLA-B_08:01
CASSLTGPGDQPQHF	TRBV07-9_01	RAKFKQLL:HLA-B_08:01
CASLRGLGTDTQYF	TRBV07-9_01	RAKFKQLL:HLA-B_08:01
CASSPLIGTSGTEAFF	TRBV04-2_01	RAKFKQLL:HLA-B_08:01
CASSATGLSVTDTQYF	TRBV05-1_01	RAKFKQLL:HLA-B_08:01
CASSPTSGEYNEQFF	TRBV04-1_01	RAKFKQLL:HLA-B_08:01
CASRDPGLAGEGHGELFF	TRBV12-3_01	RAKFKQLL:HLA-B_08:01
CASSFQGYTEAFF	TRBV28_01	NLVPMVATV:HLA-A_02:01
CASSLAGYEQYF	TRBV12-3_01	NLVPMVATV:HLA-A_02:01
CASSYTLPGTVPQRNQPQHF	TRBV06-2_01	GILGFVFTL:HLA-A_02:01
CASSDGQARNTGELFF	TRBV06-1_01	TPRVTGGGAM:HLA-B_07:02
CASSILAVAGNEQFF	TRBV19_01	GILGFVFTL:HLA-A_02:01
CASSQGRGPGKYF	TRBV04-1_01	GILGFVFTL:HLA-A_02:01
CASSQSPGGEQYF	TRBV14_01	GLCTLVAML:HLA-A_02:01
CASSVAGGDEQFF	TRBV09_01	GLCTLVAML:HLA-A_02:01
CSARDGTGNGYTF	TRBV20-1_01	GLCTLVAML:HLA-A_02:01
CSARDGTGNGYTF	TRBV20-1_01	GLCTLVAML:HLA-A_02:01
CSARDRVGNTIYF	TRBV20-1_01	GLCTLVAML:HLA-A_02:01
CSARSETGNTIYF	TRBV20-1_01	GLCTLVAML:HLA-A_02:01
CASSLTDPYEQYF	TRBV07-8_01	GLCTLVAML:HLA-A_02:01
CASSQDFRGGYEQYF	TRBV04-1_01	GLCTLVAML:HLA-A_02:01
CAWSRGAVEQFF	TRBV30_01	GLCTLVAML:HLA-A_02:01
CSARDKTGNGYTF	TRBV20-1_01	GLCTLVAML:HLA-A_02:01
CSARGQAITEKLFF	TRBV20-1_01	GLCTLVAML:HLA-A_02:01
CSARGQAITEKLFF	TRBV20-1_01	GLCTLVAML:HLA-A_02:01
CASSLAGGSNQPQHF	TRBV07-9_01	GILGFVFTL:HLA-A_02:01
CASSLAPLSTDTQYF	TRBV07-8_01	GILGFVFTL:HLA-A_02:01
CSGRSKGAVNEKLFF	TRBV29-1_01	TPRVTGGGAM:HLA-B_07:02
CASSLAGQGSPYEQYF	TRBV07-8_01	LPRRSGAAGA:HLA-B_07:02
CASSLIGVSSYNEQFF	TRBV07-9_01	LPRRSGAAGA:HLA-B_07:02
CSAISGSGGVGDTQYF	TRBV20-1_01	GILGFVFTL:HLA-A_02:01
CASSLALRQESREQYF	TRBV04-1_01	CTELKLSDY:HLA-A_01:01
CASSPGTGTYGYTF	TRBV10-2_01	VTEHDTLLY:HLA-A_01:01
CATSSLSGRVTGELFF	TRBV15_01	VTEHDTLLY:HLA-A_01:01
CSVRTGGLGANVLTF	TRBV29-1_01	VTEHDTLLY:HLA-A_01:01
CASSQERGGKWAYEQYF	TRBV04-3_01	VTEHDTLLY:HLA-A_01:01
CASSVGQGKTYEQYF	TRBV09_01	VTEHDTLLY:HLA-A_01:01
CASSSVNEQYF	TRBV12-3_01	NLVPMVATV:HLA-A_02:01
CASSLAPGATNEKLFF	TRBV07-6_01	NLVPMVATV:HLA-A_02:01
CASSIRSSYEQYF	TRBV19_01	GILGFVFTL:HLA-A_02:01
CASSMFVGQPQHF	TRBV19_01	GILGFVFTL:HLA-A_02:01
CASSYYSNQPQHF	TRBV19_01	GILGFVFTL:HLA-A_02:01
CASSVVERAFF	TRBV12-3_01	NLVPMVATV:HLA-A_02:01
CASSQGPPGLAQETQYF	TRBV04-1_01	HSKKKCDEL:HLA-B_08:01
CASSPRQGGTGELFF	TRBV05-1_01	HSKKKCDEL:HLA-B_08:01
CASSPRQGGTGELFF	TRBV05-1_01	HSKKKCDEL:HLA-B_08:01
CASSPRQGGTGELFF	TRBV05-1_01	HSKKKCDEL:HLA-B_08:01
CASSPRQGGTGELFF	TRBV05-1_01	HSKKKCDEL:HLA-B_08:01
CASSSRQGGTGELFF	TRBV05-1_01	HSKKKCDEL:HLA-B_08:01
CASSHRQGGTGELFF	TRBV05-1_01	HSKKKCDEL:HLA-B_08:01
CASSNRQGGTGELFF	TRBV05-1_01	HSKKKCDEL:HLA-B_08:01
CAISGGSGDNEQFF	TRBV10-3_01	HSKKKCDEL:HLA-B_08:01
CAISESTGPGGDTQYF	TRBV10-3_01	HSKKKCDEL:HLA-B_08:01
CAISVSGRSTDTQYF	TRBV10-3_01	HSKKKCDEL:HLA-B_08:01
CAISGMGQRDNEQFF	TRBV10-3_01	HSKKKCDEL:HLA-B_08:01
CAISDEGRNTEAFF	TRBV10-3_01	HSKKKCDEL:HLA-B_08:01
CASSRRGAATSTDTQYF	TRBV11-2_01	HSKKKCDEL:HLA-B_08:01
CASSRRQGAMRETQYF	TRBV11-3_01	HSKKKCDEL:HLA-B_08:01
CASSLRGRGDQPQHF	TRBV11-2_01	HSKKKCDEL:HLA-B_08:01
CAISEDRALNEQFF	TRBV10-3_01	ATDALMTGY:HLA-A_01:01
CAVQPGQGMQPQHF	TRBV10-3_01	ATDALMTGY:HLA-A_01:01
CAISDGTVNNQPQHF	TRBV10-3_01	ATDALMTGY:HLA-A_01:01
CAISEGAMGNQPQHF	TRBV10-3_01	ATDALMTGY:HLA-A_01:01
CAISDQTSGNQPQHF	TRBV10-3_01	ATDALMTGY:HLA-A_01:01
CAISDAGAGNQPQHF	TRBV10-3_01	ATDALMTGY:HLA-A_01:01
CAISESTVGNQPQHF	TRBV10-3_01	ATDALMTGY:HLA-A_01:01
CAISESTVGNQPQHF	TRBV10-3_01	ATDALMTGY:HLA-A_01:01
CAISESSIGNQPQHF	TRBV10-3_01	ATDALMTGY:HLA-A_01:01
CAISESSSGSNEQFF	TRBV10-3_01	ATDALMTGY:HLA-A_01:01
CAISESSSGANVLTF	TRBV10-3_01	ATDALMTGY:HLA-A_01:01
CAISEGVSGGYNEQFF	TRBV10-3_01	ATDALMTGY:HLA-A_01:01
CASSPGDTGANVLTF	TRBV27_01	ATDALMTGY:HLA-A_01:01
CASSSTDTGANVLTF	TRBV27_01	ATDALMTGY:HLA-A_01:01
CASSSGATGANVLTF	TRBV27_01	ATDALMTGY:HLA-A_01:01
CASQGGEIGNNEQFF	TRBV27_01	ATDALMTGY:HLA-A_01:01
CASSPISISSGLPEYF	TRBV27_01	ATDALMTGY:HLA-A_01:01
CASSPREIGNQPQHF	TRBV19_01	ATDALMTGY:HLA-A_01:01
CASTTGTIGNQPQHF	TRBV19_01	ATDALMTGY:HLA-A_01:01
CASIDRTIGNQPQHF	TRBV19_01	ATDALMTGY:HLA-A_01:01
CASSIRDAGNQPQHF	TRBV19_01	ATDALMTGY:HLA-A_01:01
CATRGTVINTGELFF	TRBV19_01	ATDALMTGY:HLA-A_01:01
CASSIGGWRAEATNEKLFF	TRBV19_01	ATDALMTGY:HLA-A_01:01
CASRGGTINTGELFF	TRBV09_01	ATDALMTGY:HLA-A_01:01
CASSVATVMTGELFF	TRBV09_01	ATDALMTGY:HLA-A_01:01
CASSTGTSNTGELFF	TRBV09_01	ATDALMTGY:HLA-A_01:01
CASMSRDLNTGELFF	TRBV09_01	ATDALMTGY:HLA-A_01:01
CASRETYEQYF	TRBV02_01	ATDALMTGY:HLA-A_01:01
CASRDTYEQYF	TRBV02_01	ATDALMTGY:HLA-A_01:01
CASSERRYTGELFF	TRBV02_01	ATDALMTGY:HLA-A_01:01
CASSGGTASTDTQYF	TRBV02_01	ATDALMTGY:HLA-A_01:01
CASRSGTSNTGELFF	TRBV02_01	ATDALMTGY:HLA-A_01:01
CASRTGTSNTGELFF	TRBV02_01	ATDALMTGY:HLA-A_01:01
CASRAGTSNTGELFF	TRBV02_01	ATDALMTGY:HLA-A_01:01
CARSRGGINTGELFF	TRBV02_01	ATDALMTGY:HLA-A_01:01
CASSEGNGGINIQYF	TRBV02_01	ATDALMTGY:HLA-A_01:01
CASRDILTSYNEQFF	TRBV02_01	ATDALMTGY:HLA-A_01:01
CASSGDRDAGSSYEQYF	TRBV02_01	ATDALMTGY:HLA-A_01:01
CASSLSSHYGYTF	TRBV07-8_01	ATDALMTGY:HLA-A_01:01
CASRPSGQLDEQFF	TRBV07-8_01	ATDALMTGY:HLA-A_01:01
CASSSLGQLETQYF	TRBV07-8_01	ATDALMTGY:HLA-A_01:01
CASNPAGQLETQYF	TRBV07-8_01	ATDALMTGY:HLA-A_01:01
CASRPTGQLETQYF	TRBV07-2_01	ATDALMTGY:HLA-A_01:01
CASSLVGQLETQYF	TRBV07-8_01	ATDALMTGY:HLA-A_01:01
CASSFSGQLDTIYF	TRBV07-8_01	ATDALMTGY:HLA-A_01:01
CASSPFGTGPYEQYF	TRBV07-3_01	ATDALMTGY:HLA-A_01:01
CASSPSTANTQPQHF	TRBV07-9_01	ATDALMTGY:HLA-A_01:01
CASSLMQGQGRNGYTF	TRBV07-8_01	ATDALMTGY:HLA-A_01:01
CASSLSGQLDTQYF	TRBV11-2_01	ATDALMTGY:HLA-A_01:01
CASSLVGQLETQYF	TRBV11-2_01	ATDALMTGY:HLA-A_01:01
CASSLVGQLDEQYF	TRBV11-2_01	ATDALMTGY:HLA-A_01:01
CASRWTGQLDEQFF	TRBV11-2_01	ATDALMTGY:HLA-A_01:01
CASSSRDRGPHGQYF	TRBV07-9_01	TPRVTGGGAM:HLA-B_07
CASSHDYRGRRSPLHF	TRBV07-9_01	TPRVTGGGAM:HLA-B_07
CASSSRDLGEYEQYF	TRBV07-9_01	TPRVTGGGAM:HLA-B_07
CASSPNRNTEAFF	TRBV04-3_01	RPHERNGFTVL:HLA-B_07:02
CASSPARNTEAFF	TRBV04-3_01	RPHERNGFTVL:HLA-B_07:02
CASSPQRNTEAFF	TRBV04-3_01	RPHERNGFTVL:HLA-B_07:02
CASSPYRNTEAFF	TRBV04-3_01	RPHERNGFTVL:HLA-B_07:02
CASSPHRNTEAFF	TRBV04-3_01	RPHERNGFTVL:HLA-B_07:02
CASSPQRNTEAFF	TRBV04-3_01	RPHERNGFTVL:HLA-B_07:02
CASSPARNTEAFF	TRBV04-3_01	RPHERNGFTVL:HLA-B_07:02
CASSPSRNTEAFF	TRBV04-3_01	RPHERNGFTVL:HLA-B_07:02
CSGIDKPVTDTQYF	TRBV29-1_01	RPHERNGFTVL:HLA-B_07:02
CSATPARASNTEAFF	TRBV20-1_01	RPHERNGFTVL:HLA-B_07:02
CSATILAGVPYGEQYF	TRBV20-1_01	FLKEKGGL:HLA-B_08
CASSVGAGTEAFF	TRBV19_01	FLKEKGGL:HLA-B_08
CASSIFGSPFNQPQHF	TRBV07-2_01	FLKEKGGL:HLA-B_08
CSATILAGVPYGEQYF	TRBV20-1_01	FLKEKGGL:HLA-B_08
CSARPMAASGLTYEQYF	TRBV20-1_01	FLKEKGGL:HLA-B_08
CASSEYGAAVYEQYF	TRBV06-1_01	FLKEKGGL:HLA-B_08
CASSLNLRGSSGNTIYF	TRBV07-3_01	FLKEKGGL:HLA-B_08
CASSFHPGQGASYSNQPQHF	TRBV06-3_01	FLKEKGGL:HLA-B_08
CASSYERGGLPKNIQYF	TRBV06-6_01	FLKEKGGL:HLA-B_08
CASSLGQGRSLGHEQYF	TRBV27_01	FLKEKGGL:HLA-B_08
CASSEPALAEQYYEQYF	TRBV07-2_01	FLKEKGGL:HLA-B_08
CASSFTPGTGAPYSNQPQHF	TRBV07-2_01	FLKEKGGL:HLA-B_08
CASSMGQHSNQPQHF	TRBV19_01	FLKEKGGL:HLA-B_08
CAWDVKDRRIGNEQFF	TRBV30_01	FLKEKGGL:HLA-B_08
CASSLELAGEDYEQYF	TRBV28_01	FLKEKGGL:HLA-B_08
CSVRDGYEQYF	TRBV29-1_01	EIYKRWII:HLA-B_08
CASSLVGPGGREKLFF	TRBV07-2_01	EIYKRWII:HLA-B_08
CASSSGLPTNEKLFF	TRBV19_01	EIYKRWII:HLA-B_08
CASSVVGDFRETQYF	TRBV09_01	EIYKRWII:HLA-B_08
CASSYGGTEAFF	TRBV06-6_01	EIYKRWII:HLA-B_08
CASSAITSGGARDEQFF	TRBV09_01	EIYKRWII:HLA-B_08
CASSRSTGELFF	TRBV27_01	KRWIILGLNK:HLA-B_27
CASSVRTGELFF	TRBV27_01	KRWIILGLNK:HLA-B_27
CASSRSTGELFF	TRBV27_01	KRWIILGLNK:HLA-B_27
CASSFGMHGYTF	TRBV19_01	GILGFVFTL:HLA-A_02:01
CASSTRSSYEQYF	TRBV19_01	GILGFVFTL:HLA-A_02:01
CASSGRSADTQYF	TRBV19_02	GILGFVFTL:HLA-A_02:01
CASSIRSAYEQYF	TRBV19_01	GILGFVFTL:HLA-A_02:01
CASSIRSTGELFF	TRBV19_01	GILGFVFTL:HLA-A_02:01
CASSIRASYEQYF	TRBV19_02	GILGFVFTL:HLA-A_02:01
CASSTRSSYEQYF	TRBV19_01	GILGFVFTL:HLA-A_02:01
CASSIRSAYEQYF	TRBV19_01	GILGFVFTL:HLA-A_02:01
CASSIRSTGELFF	TRBV19_01	GILGFVFTL:HLA-A_02:01
CASSLTGTVYEQYF	TRBV18_01	GILGFVFTL:HLA-A_02:01
CASSVRSSYEQYF	TRBV19_01	GILGFVFTL:HLA-A_02:01
CASSGRSADTQYF	TRBV19_02	GILGFVFTL:HLA-A_02:01
CASSTRSSYEQYF	TRBV19_01	GILGFVFTL:HLA-A_02:01
CASSIRSAYEQYF	TRBV19_01	GILGFVFTL:HLA-A_02:01
CASSIRSAYEQYF	TRBV19_01	GILGFVFTL:HLA-A_02:01
CASSMRSTDTQYF	TRBV19_01	GILGFVFTL:HLA-A_02:01
CASSMRSTDTQYF	TRBV19_02	GILGFVFTL:HLA-A_02:01
CASGVRSGEVEQFF	TRBV19_01	GILGFVFTL:HLA-A_02:01
CASSIRSAYEQYF	TRBV19_02	GILGFVFTL:HLA-A_02:01
CASSGRSQETQYF	TRBV19_01	GILGFVFTL:HLA-A_02:01
CASSTRSSETQYF	TRBV19_01	GILGFVFTL:HLA-A_02:01
CASSIRSTDTQYF	TRBV19_02	GILGFVFTL:HLA-A_02:01
CASSTRSTDTQYF	TRBV19_01	GILGFVFTL:HLA-A_02:01
CASSSRSSYEQYF	TRBV19_02	GILGFVFTL:HLA-A_02:01
CASSIRSSYEQYF	TRBV19_01	GILGFVFTL:HLA-A_02:01
CASSIRSAYEQYF	TRBV19_02	GILGFVFTL:HLA-A_02:01
CASSFDSGAYEQYF	TRBV11-2_01	ARMILMTHF:HLA-B_27
CASSFDSGAYEQYF	TRBV11-2_01	ARMILMTHF:HLA-B_27
CASRLGASSYNEQFF	TRBV02_01	ARMILMTHF:HLA-B_27
CASSIVGHMNTEAFF	TRBV19_01	ARMILMTHF:HLA-B_27
CASSLYGGSNTGELFF	TRBV27_01	ARMILMTHF:HLA-B_27
CASSLDASSASYEQYF	TRBV05-1_01	ARMILMTHF:HLA-B_27
CASSYGQAYQPQHF	TRBV06-1_01	ARMILMTHF:HLA-B_27
CASSLYGGSNTGELFF	TRBV27_01	ARMILMTHF:HLA-B_27
CASSYSNLPVFSPNQPQHF	TRBV06-1_01	ARMILMTHF:HLA-B_27
CASSLYGGSNTGELFF	TRBV27_01	ARMILMTHF:HLA-B_27
CASSFDGQGYEQYF	TRBV04-1_01	ARMILMTHF:HLA-B_27
CASSYSNLPVFSPNQPQHF	TRBV06-1_01	ARMILMTHF:HLA-B_27
CASSLDASSASYEQYF	TRBV05-1_01	ARMILMTHF:HLA-B_27
CAGNNRDSSTDTQYF	TRBV07-9_01	ATDALMTGY:HLA-A_01
CASSGTRQISGTEAFF	TRBV02_01	ATDALMTGY:HLA-A_01
CSARPIDSSNQPQHF	TRBV20-1_01	ATDALMTGY:HLA-A_01
CAISESTAGSQPQHF	TRBV10-3_01	ATDALMTGY:HLA-A_01
CAGNNRDSSTDTQYF	TRBV07-9_01	ATDALMTGY:HLA-A_01
CATSSPGLASDEQFF	TRBV15_01	YSEHPTFTSQY:HLA-A_01:01
CASSFNGPNTEAFF	TRBV05-1_01	ELRRKMMYM:HLA-B_08:01
CASSLFDGTGSTEAFF	TRBV27_01	ELRRKMMYM:HLA-B_08:01
CASSPTPGQRNGYTF	TRBV04-1_01	QIKVRVDMV:HLA-B_08:01
CASSLKPGLSIDTQYF	TRBV07-8_01	QIKVRVDMV:HLA-B_08:01
CATSVPSGRSYNEQFF	TRBV24-1_01	QIKVRVDMV:HLA-B_08:01
CASREKGYDEQFF	TRBV14_01	HPVGEADYFEY:HLA-B_35:01
CASSTGDHSNQPQHF	TRBV06-6_01	EPLPQGQLTAY:HLA-B_35:01
CASSPALDAQYF	TRBV12-3_01	IPSINVHHY:HLA-B_35:01
CASSSTGGGGTEAFF	TRBV07-2_01	QYDPVAALF:HLA-A_24:02
CASTPRDRSNYEQYF	TRBV27_01	QYDPVAALF:HLA-A_24:02
CAGTGIRSAGELFF	TRBV30_01	QYDPVAALF:HLA-A_24:02
CAWSVASGANNEQFF	TRBV30_01	FPTKDVAL:HLA-B_35:08
CASSLVAGYGSYNEQFF	TRBV07-6_01	FPTKDVAL:HLA-B_35:08
CASSLVAGYGSYNEQFF	TRBV07-6_01	FPTKDVAL:HLA-B_35:08
CASSLVAGYGSYNEQFF	TRBV07-6_01	FPTKDVAL:HLA-B_35:08
CAWSEPGLDQPQHF	TRBV30_01	FPTKDVAL:HLA-B_35:08
CAWSLASGGTDNEQFF	TRBV30_01	FPTKDVAL:HLA-B_35:08
CASRVGTGNLYEQYF	TRBV27_01	TPRVTGGGAM:HLA-B_07:02
CASSEVTGTAWGYTF	TRBV06-5_01	NLVPMVATV:HLA-A_02:01
CASSLELAMGETQYF	TRBV07-9_01	IPSINVHHY:HLA-B_35:01
CASSLSPPTYEQYF	TRBV27_01	TPRVTGGGAM:HLA-B_07:02
CASSRELSMGETQYF	TRBV07-9_01	IPSINVHHY:HLA-B_35:01
CASSSSSAPNEKLFF	TRBV28_01	IPSINVHHY:HLA-B_35:01
CATSDRTGRHEQYF	TRBV15_01	IPSINVHHY:HLA-B_35:01
CSVEEGVLYEQYF	TRBV29-1_01	IPSINVHHY:HLA-B_35:01
CAISATGAVTEAFF	TRBV10-3_01	RAKFKQLL:HLA-B_08:01
CASSAAGELETQYF	TRBV06-6_01	RPPIFIRRL:HLA-B_07:02
CASSDGKIAPSEQYF	TRBV02_01	GLCTLVAML:HLA-A_02:01
CASSFSPTAQGLEQYF	TRBV27_01	YPLHEQHGM:HLA-B_35:01
CASSIGQAYEQYF	TRBV07-8_01	FLRGRAYGL:HLA-B_08:01
CASSLRTTNEKLFF	TRBV28_01	YPLHEQHGM:HLA-B_35:01
CASSLVLSSPTYYEQYF	TRBV07-2_01	RAKFKQLL:HLA-B_08:01
CASSPDGELFF	TRBV18_01	VSFIEFVGW:HLA-B_57:01
CASSPLGHRDTEAFF	TRBV07-9_01	VSFIEFVGW:HLA-B_57:01
CASSQDRLTGGYTF	TRBV04-1_01	RPPIFIRRL:HLA-B_07:02
CASSQETGSYEQFF	TRBV04-1_01	RPPIFIRRL:HLA-B_07:02
CASSQETGSYEQYF	TRBV04-1_01	RPPIFIRRL:HLA-B_07:02
CASSQETSLYNEQFF	TRBV04-1_01	RPPIFIRRL:HLA-B_07:02
CASSQGFGGGETQYF	TRBV04-1_01	YVLDHLIVV:HLA-A_02:01
CASSQSPGGIQYF	TRBV14_01	GLCTLVAML:HLA-A_02:01
CASSSGQAYEQYF	TRBV07-8_01	FLRGRAYGL:HLA-B_08:01
CASSSLRGSNQPQHF	TRBV28_01	YVLDHLIVV:HLA-A_02:01
CASSSTEQATYGYTF	TRBV07-9_01	RAKFKQLL:HLA-B_08:01
CASSVGQAYEQYF	TRBV07-8_01	FLRGRAYGL:HLA-B_08:01
CASSWGQGSNYGYTF	TRBV07-2_01	IVTDFSVIK:HLA-A_11:01
CASTVQGRETQYF	TRBV06-2_01	YVLDHLIVV:HLA-A_02:01
CSAEIIAEAIYNEQFF	TRBV20-1_01	GLCTLVAML:HLA-A_02:01
CSARGEAITEKLFF	TRBV20-1_01	GLCTLVAML:HLA-A_02:01
CASSLAPGATNEKLFF	TRBV07-6_01	NLVPMVATV:HLA-A_02:01
CASILERGSSYNEQFF	TRBV07-2_01	IPSINVHHY:HLA-B_35:01
CASSLQTGQETQYF	TRBV28_01	TPRVTGGGAM:HLA-B_07:02
CASSSHDRQGQNSPLHF	TRBV07-9_01	TPRVTGGGAM:HLA-B_07:02
CASSYDWHEQFF	TRBV09_01	IPSINVHHY:HLA-B_35:01
CSATGGGEQYF	TRBV20-1_01	IPSINVHHY:HLA-B_35:01
CAGGTGETSPGELFF	TRBV02_01	GLCTLVAML:HLA-A_02:01
CASMGGASYNEQFF	TRBV19_01	YVLDHLIVV:HLA-A_02:01
CASRGFLGGGQPQHF	TRBV19_01	YVLDHLIVV:HLA-A_02:01
CASSEILGMNTEAFF	TRBV09_01	RPPIFIRRL:HLA-B_07:02
CASSFFLPTQREYEQYF	TRBV28_01	GLCTLVAML:HLA-A_02:01
CASSFGGGSNYGYTF	TRBV11-2_01	IVTDFSVIK:HLA-A_11:01
CASSFRLAVKNEQFF	TRBV05-1_01	RPPIFIRRL:HLA-B_07:02
CASSGTHNEQFF	TRBV14_01	RPPIFIRRL:HLA-B_07:02
CASSIDGTAYEQYF	TRBV19_01	GLCTLVAML:HLA-A_02:01
CASSLAPSYEQYF	TRBV07-9_01	RAKFKQLL:HLA-B_08:01
CASSLGTGHNEQFF	TRBV11-2_01	RAKFKQLL:HLA-B_08:01
CASSLIASGGYNEQFF	TRBV07-3_01	RAKFKQLL:HLA-B_08:01
CASSLLGEKAYEQYF	TRBV12-3_01	RAKFKQLL:HLA-B_08:01
CASSLPGTSGISQDTQYF	TRBV07-9_01	RAKFKQLL:HLA-B_08:01
CASSLPRGRDNEQFF	TRBV07-9_01	RAKFKQLL:HLA-B_08:01
CASSLTAPGIQPQHF	TRBV07-9_01	RAKFKQLL:HLA-B_08:01
CASSLTGPGDQPQHF	TRBV07-9_01	RAKFKQLL:HLA-B_08:01
CASSPGTSGGGDEETQYF	TRBV12-3_01	RAKFKQLL:HLA-B_08:01
CASSPGVTSGRMGEQYF	TRBV04-2_01	YVLDHLIVV:HLA-A_02:01
CASSPITRIVGDTQYF	TRBV11-2_01	RAKFKQLL:HLA-B_08:01
CASSPTGTSHTGELFF	TRBV12-4_01	VSFIEFVGW:HLA-B_57:01
CASSPTNPAGDTETQYF	TRBV07-8_01	RPPIFIRRL:HLA-B_07:02
CASSQAQGMGNSPLHF	TRBV04-2_01	RAKFKQLL:HLA-B_08:01
CASSQGALTGQPQHF	TRBV04-1_01	YPLHEQHGM:HLA-B_35:01
CASSRTDDTEAFF	TRBV07-9_01	RAKFKQLL:HLA-B_08:01
CASSSMVAGEYEQFF	TRBV12-3_01	RAKFKQLL:HLA-B_08:01
CASSSNRDRNTIYF	TRBV05-6_01	RAKFKQLL:HLA-B_08:01
CASSSTGPGNSPLHF	TRBV07-9_01	RAKFKQLL:HLA-B_08:01
CASSVASGTDTQYF	TRBV09_01	FLRGRAYGL:HLA-B_08:01
CASTELGDTHNEQFF	TRBV09_01	IVTDFSVIK:HLA-A_11:01
CASTGGSGYTF	TRBV13_01	YVLDHLIVV:HLA-A_02:01
CASTPGSKLPDTQYF	TRBV02_01	GLCTLVAML:HLA-A_02:01
CATLAGEGEQFF	TRBV10-3_01	RPPIFIRRL:HLA-B_07:02
CATLISQGSRAGELFF	TRBV12-4_01	VSFIEFVGW:HLA-B_57:01
CATSWTGTYEQYF	TRBV15_01	YVLDHLIVV:HLA-A_02:01
CSAPIPPYNEQFF	TRBV20-1_01	YVLDHLIVV:HLA-A_02:01
CSAREIGGRHQPQHF	TRBV20-1_01	VSFIEFVGW:HLA-B_57:01
CSVEGGPGTAYNEQFF	TRBV29-1_01	IVTDFSVIK:HLA-A_11:01
CSVVLAPVQEQFF	TRBV29-1_01	YVLDHLIVV:HLA-A_02:01
CSARDRTGNGYTF	TRBV20-1_01	GLCTLVAML:HLA-A_02:01
CASSSLNTEAFF	TRBV27_01	RAKFKQLL:HLA-B_08:01
CSGGQGEGEQYF	TRBV29-1_01	RAKFKQLL:HLA-B_08:01
CASSFSTDTQYF	TRBV05-1_01	GLCTLVAML:HLA-A_02:01
CASSVGQAYEQYF	TRBV07-8_01	FLRGRAYGL:HLA-B_08:01
CSARDGTGNGYTF	TRBV20-1_01	GLCTLVAML:HLA-A_02:01
CASSPQGLGTEAFF	TRBV28_01	ELAGIGILTV:HLA-A_02
CAISESGGRVDEQYF	TRBV10-3_01	GLNKIVRMY:HLA-B_15
CASSLQGAPEQFF	TRBV04-3_01	GLNKIVRMY:HLA-B_15
CASSLYGEYEQYF	TRBV07-2_01	KRWIILGLNK:HLA-B_27
CSARGWVSNNQETQYF	TRBV20-1_01	KRWIILGLNK:HLA-B_27
CASSFIPGQGTHYSNQPQHF	TRBV06-2_01	FLKEKGGL:HLA-B_08
CASSQEMNRVVGNEQFF	TRBV04-1_01	FLKEKGGL:HLA-B_08
CAGSQEFLNRRYF	TRBV04-1_01	EIYKRWII:HLA-B_08
CASSLSGSGWQETQYF	TRBV05-1_01	EIYKRWII:HLA-B_08
CASSEAGGTEAFF	TRBV05-1_01	GLNKIVRMY:HLA-B_15
CASSPQQTLGAFF	TRBV13_01	GLNKIVRMY:HLA-B_15
CASSVVGDEQYF	TRBV09_01	YSEHPTFTSQY:HLA-A_01:01
CASSYSTGTPGIYTF	TRBV06-5_01	NLVPMVATV:HLA-A_02:01
CASSPVQGAFYNSPLHF	TRBV06-5_01	NLVPMVATV:HLA-A_02:01
CSARDFDRTGELFF	TRBV20-1_01	NLVPMVATV:HLA-A_02:01
CSVDETGGGETQYF	TRBV29-1_01	NLVPMVATV:HLA-A_02:01
CASSLAPGTTNEKLFF	TRBV07-6_01	NLVPMVATV:HLA-A_02:01
CASSSLYGDTGELFF	TRBV06-5_01	NLVPMVATV:HLA-A_02:01
CASSYATGIGNYGYTF	TRBV06-5_01	NLVPMVATV:HLA-A_02:01
CASSLEGYTEAFF	TRBV27_01	NLVPMVATV:HLA-A_02:01
CASSVQGYTEAFF	TRBV28_01	NLVPMVATV:HLA-A_02:01
CASSSAYYGYTF	TRBV12-4_01	NLVPMVATV:HLA-A_02:01
CASSPRQGGKQPQHF	TRBV18_01	NLVPMVATV:HLA-A_02:01
CASSEVGATNYGYTF	TRBV06-1_01	NLVPMVATV:HLA-A_02:01
CASSLEGYTEAFF	TRBV27_01	NLVPMVATV:HLA-A_02:01
CASSSLGGAGTGELFF	TRBV13_01	NLVPMVATV:HLA-A_02:01
CASSTSDTQYF	TRBV25-1_01	GLCTLVAML:HLA-A_02:01
CASSHVGGYEQYF	TRBV04-1_01	GLCTLVAML:HLA-A_02:01
CASSLGNTEAFF	TRBV06-2_01	GLCTLVAML:HLA-A_02:01
CSVGTGGTNEKLFF	TRBV29-1_01	GLCTLVAML:HLA-A_02:01
CASSVAGGDEQYF	TRBV09_01	GLCTLVAML:HLA-A_02:01
CSARDGTGNGYTF	TRBV20-1_01	GLCTLVAML:HLA-A_02:01
CASSHVGGYEQYF	TRBV04-1_01	GLCTLVAML:HLA-A_02:01
CASSLGNTEAFF	TRBV06-2_01	GLCTLVAML:HLA-A_02:01
CASSFEEPQGGLGIYNEQFF	TRBV05-5_01	NLVPMVATV:HLA-A_02:01
CASSLLIQGGENTEAFF	TRBV27_01	NLVPMVATV:HLA-A_02:01
CASSYSIRRGVNEQFF	TRBV06-2_01	NLVPMVATV:HLA-A_02:01
CSVEGYGQGIGYNEQFF	TRBV29-1_01	NLVPMVATV:HLA-A_02:01
CASSSANYGYTF	TRBV12-4_01	NLVPMVATV:HLA-A_02:01
CASSSANYGYTF	TRBV12-4_01	NLVPMVATV:HLA-A_02:01
CASSEVGATNYGYTF	TRBV06-1_01	NLVPMVATV:HLA-A_02:01
CASSSFGPSNQPQHF	TRBV07-2_01	KRWIILGLNK:HLA-B_27:05
CASSFGTGGEQYF	TRBV07-2_01	KRWIIMGLNK:HLA-B_27:05
CASSGGRDRSHEQYF	TRBV07-3_01	KRWIIMGLNK:HLA-B_27:05
CASSFGTGGEQYF	TRBV07-2_01	KRWIIMGLNK:HLA-B_27:05
CASSYQTGAAYGYTF	TRBV06-5_01	NLVPMVATV:HLA-A_02:01
CASSPVTGQGFYGYTF	TRBV06-5_01	NLVPMVATV:HLA-A_02:01
CSAKILAGAGSEQYF	TRBV20-1_01	NLVPMVATV:HLA-A_02:01
CASSLAASVNPAYGQYF	TRBV05-1_01	NLVPMVATV:HLA-A_02:01
CSVEGEEDANYEQYF	TRBV29-1_01	KRWIILGLNK:HLA-B_27:05
CASSFGGAGDTEAFF	TRBV27_01	KRWIILGLNK:HLA-B_27:05
CASSRDTVYNQPQHF	TRBV07-9_01	KRWIILGLNK:HLA-B_27:05
CASSPGAGENIQYF	TRBV07-9_01	KRWIILGLNK:HLA-B_27:05
CASSQVWGSGEKLFF	TRBV03-1_01	NLVPMVATV:HLA-A_02:01
CASRGLAGGLGELFF	TRBV06-5_01	NLVPMVATV:HLA-A_02:01
CASSIGGTGGIPQHF	TRBV19_01	NLVPMVATV:HLA-A_02:01
CASSLRGGNTDTQYF	TRBV28_01	KRWIILGLNK:HLA-B_27:05
CASSGNSFSAFF	TRBV27_01	KRWIILGLNK:HLA-B_27:05
CATSETGELFF	TRBV24-1_01	KRWIILGLNK:HLA-B_27:05
CASSLRGGNTDTQYF	TRBV28_01	KRWIIMGLNK:HLA-B_27:05
CSARAGLNNEQFF	TRBV20-1_01	KRWIIMGLNK:HLA-B_27:05
CASSSANYGYTF	TRBV12-3_01	NLVPMVATV:HLA-A_02:01
CASSFQGYTEAFF	TRBV28_01	NLVPMVATV:HLA-A_02:01
CASSYGGGEDYGYTF	TRBV13_01	NLVPMVATV:HLA-A_02:01
CASSPHQADTQYF	TRBV07-3_01	NLVPMVATV:HLA-A_02:01
CASSLLGGNPTQYF	TRBV07-2_01	KRWIILGLNK:HLA-B_27:05
CASSLLGGNPTQYF	TRBV07-2_01	KRWIIMGLNK:HLA-B_27:05
CASSRKTGPYEQYF	TRBV12-3_01	KRWIILGLNK:HLA-B_27:05
CASSLTSGSPYNEQFF	TRBV27_01	NLVPMVATV:HLA-A_02:01
CASSLTSGSPYNEQFF	TRBV27_01	NLVPMVATV:HLA-A_02:01
CASMGGANTEAFF	TRBV27_01	KRWIILGLNK:HLA-B_27:05
CASSLVGRGLDEQYF	TRBV07-6_01	KRWIIMGLNK:HLA-B_27:05
CSAPLAGAPQDTQYF	TRBV20-1_01	KRWIILGLNK:HLA-B_27:05
CASSSFGPSNQPQHF	TRBV07-2_01	KRWIILGLNK:HLA-B_27:05
CASSFGPSNQPQHF	TRBV07-2_01	KRWIILGLNK:HLA-B_27:05
CASRPGQGSHEQFF	TRBV06-5_01	KRWIILGLNK:HLA-B_27:05
CASSSFGPSNQPQHF	TRBV07-2_01	KRWIIMGLNK:HLA-B_27:05
CASSKQSGTGYYGYTF	TRBV06-5_01	NLVPMVATV:HLA-A_02:01
CASSQLGPSAYEQYF	TRBV16_01	NLVPMVATV:HLA-A_02:01
CASSAVAGAPLEQYF	TRBV27_01	NLVPMVATV:HLA-A_02:01
CASSKQSGTGYYGYTF	TRBV06-5_01	NLVPMVATV:HLA-A_02:01
CASSPGQFSHEAFF	TRBV04-3_01	KRWIILGLNK:HLA-B_27:05
CASSRGTSDYEQYF	TRBV04-3_01	KRWIILGLNK:HLA-B_27:05
CASSRGTSDYEQYF	TRBV04-3_01	KRWIIMGLNK:HLA-B_27:05
CASSEGANTEAFF	TRBV06-4_01	LLWNGPMAV:HLA-A_02
CAWSGDRAMVSGELFF	TRBV30_01	LLWNGPMAV:HLA-A_02
CSASRRGGTNEKLFF	TRBV20-1_01	LLWNGPMAV:HLA-A_02
CASSHWREESEQFF	TRBV19_01	LLWNGPMAV:HLA-A_02
CASSDSGTDTQYF	TRBV06-4_01	LLWNGPMAV:HLA-A_02
CASGGTGATYSNQPQHF	TRBV28_01	LLLGIGILV:HLA-A_02
CASRPDFTGEQYF	TRBV10-1_01	LLLGIGILV:HLA-A_02
CASSVGRFVGPYEKLFF	TRBV09_01	LLLGIGILV:HLA-A_02
CASSIFPNPGNTIYF	TRBV19_01	VAANIVLTV:HLA-A_02
CASSPFLTGSNTEAFF	TRBV11-2_01	VAANIVLTV:HLA-A_02
CASTLTGFAEAFF	TRBV19_01	VAANIVLTV:HLA-A_02
CASSQEGTAYEQYF	TRBV04-2_01	VAANIVLTV:HLA-A_02
CASSPWTGIPYNSPLHF	TRBV09_01	VAANIVLTV:HLA-A_02
CASSEVGQGFNGYTF	TRBV25-1_01	VAANIVLTV:HLA-A_02
CASSLDRVTGELFF	TRBV27_01	NLVPMVATV:HLA-A_02:01
CASSWDPTYNEQFF	TRBV06-2_01	KLSALGINAV:HLA-A_02:01
CASSFITSGFPYEQYF	TRBV28_01	KLSALGINAV:HLA-A_02:01
CASSPGTGGNSPLHF	TRBV05-1_01	GLCTLVAML:HLA-A_02
CASSSQGQGHVNTEAFF	TRBV07-9_01	GLCTLVAML:HLA-A_02
CASSLASGNSYEQYF	TRBV11-2_01	GLCTLVAML:HLA-A_02
CASSFAGTDTQYF	TRBV27_01	ELAGIGILTV:HLA-A_02
CASSYSFTEATYEQYF	TRBV06-5_01	ELAGIGILTV:HLA-A_02
CAWSQMGLGTEAFF	TRBV30_01	ELAGIGILTV:HLA-A_02
CASSYSFTEATYEQYF	TRBV06-5_01	ELAGIGILTV:HLA-A_02
CASSQVGQAIYGYTF	TRBV04-1_01	NLSALGIFST:HLA-A_02
CSVEDRGVSYEQYF	TRBV29-1_01	NLSALGIFST:HLA-A_02
CASSLEVTYEQYF	TRBV07-9_01	NLSALGIFST:HLA-A_02
CASSFEGNTGELFF	TRBV27_01	NLSALGIFST:HLA-A_02
CASSQVGQAIYGYTF	TRBV04-1_01	NLSALGIFST:HLA-A_02
CASSQVGQAIYGYTF	TRBV04-1_01	NLSALGIFST:HLA-A_02
CASSFEGNTGELFF	TRBV27_01	NLSALGIFST:HLA-A_02
CASSIQRNYGYTF	TRBV06-5_01	NLSALGIFST:HLA-A_02
CATSDFGTEAFF	TRBV24-1_01	NLSALGIFST:HLA-A_02
CASSEGQNYGYTF	TRBV27_01	NLSALGIFST:HLA-A_02
CASSPETGIGGQPQHF	TRBV07-2_01	NLSALGIFST:HLA-A_02
CASSPGTSGRAWNNEQFF	TRBV12-3_01	NLVPMVATV:HLA-A_02:01
CASSLLAVGTGGNTEAFF	TRBV07-2_01	NLVPMVATV:HLA-A_02:01
CASSLLLAGYNEQFF	TRBV11-2_01	NLVPMVATV:HLA-A_02:01
CASSSANYGYTF	TRBV12-3_01	NLVPMVATV:HLA-A_02:01
CASSSETELLYYGYTF	TRBV06-6_02	NLVPMVATV:HLA-A_02
CASSLGPNNYYGYTF	TRBV27_01	TPRVTGGGAM:HLA-B_07:02
CASSLGPASYEQYF	TRBV27_01	TPRVTGGGAM:HLA-B_07:02
CASSLGPNNYYGYTF	TRBV27_01	TPRVTGGGAM:HLA-B_07:02
CASGLGSSPMFNEQFF	TRBV12-5_01	TPRVTGGGAM:HLA-B_07:02
CASSLGSANTDTQYF	TRBV27_01	TPRVTGGGAM:HLA-B_07:02
CASSKEDREKETQYF	TRBV19_01	TPRVTGGGAM:HLA-B_07:02
CASSLSYSTLSYEQYF	TRBV27_01	TPRVTGGGAM:HLA-B_07:02
CSGGALGQDFGGYTF	TRBV29-1_01	TPRVTGGGAM:HLA-B_07:02
CASSLSHSTGNYGYTF	TRBV27_01	TPRVTGGGAM:HLA-B_07:02
CASSLSPSTGRVEQYF	TRBV27_01	TPRVTGGGAM:HLA-B_07:02
CASSLLRDSPTDTQYF	TRBV06-2_01	YSEHPTFTSQY:HLA-A_01:01
CASSQWERDPQYF	TRBV04-3_01	YSEHPTFTSQY:HLA-A_01:01
CASSQVLRVLSYNEQFF	TRBV04-3_01	YSEHPTFTSQY:HLA-A_01:01
CATAQNRLQETQYF	TRBV15_01	YSEHPTFTSQY:HLA-A_01:01
CASSQWERDPQYF	TRBV04-3_01	YSEHPTFTSQY:HLA-A_01:01
CATSSRDTSSDEQFF	TRBV15_01	YSEHPTFTSQY:HLA-A_01:01
CASSLLRDSPTDTQYF	TRBV06-2_01	YSEHPTFTSQY:HLA-A_01:01
CASTRADTGELFF	TRBV18_01	YSEHPTFTSQY:HLA-A_01:01
CSVEGLAGTGELFF	TRBV29-1_01	YSEHPTFTSQY:HLA-A_01:01
CAISEWDIHSSGNTIYF	TRBV10-3_01	NLVPMVATV:HLA-A_02:01
CAISEWDIHSSGNTIYF	TRBV10-3_01	NLVPMVATV:HLA-A_02:01
CATSRPLDSTDTQYF	TRBV15_01	YSEHPTFTSQY:HLA-A_01:01
CSVEESGLAGNTGELFF	TRBV29-1_01	QIKVRVKMV:HLA-B_08:01
CASSLSRGAYEQYF	TRBV06-5_01	QIKVRVKMV:HLA-B_08:01
CASSPGGQGGQPQHF	TRBV04-2_01	QIKVRVKMV:HLA-B_08:01
CSVEESGLAGNTGELFF	TRBV29-1_01	QIKVRVKMV:HLA-B_08:01
CASSSREVTGELFF	TRBV05-1_01	QIKVRVKMV:HLA-B_08:01
CASKWTSGGPNTGELFF	TRBV10-1_01	QIKVRVKMV:HLA-B_08:01
CASSSREVTGELFF	TRBV05-1_01	QIKVRVKMV:HLA-B_08:01
CASKWTSGGPNTGELFF	TRBV10-1_01	QIKVRVKMV:HLA-B_08:01
CASSVRQEPYNEQFF	TRBV07-8_01	VLEETSVML:HLA-A_02:01
CASSDVAPAPFYGYTF	TRBV06-4_01	EPLPQGQLTAY:HLA-B_35:01
CASSIDLRGYQNIQYF	TRBV19_01	EPLPQGQLTAY:HLA-B_35:01
CSARDQGEWGIKETQYF	TRBV20-1_01	RPPIFIRRL:HLA-B_07:02
CASSGRSNTEAFF	TRBV19_01	GILGFVFTL:HLA-A_02:01
