allele;gene_sequence;gene_functionalliy;CDR1_seq;cdr1_cs;CDR1_template;CDR1_Identity_with_template;CDR2 _seq;cdr2_cs;CDR2_template;CDR2_Identity_with_template;manipulated_beta_chain
TRBV1*01;DTGITQTPKYLVTAMGSKRTMKREHLGHDSMYWYRQKAKKSLEFMFYYNCKEFIENKTVPNHFTPECPDSSRLYLHVVALQQEDSAAYLC;P;GHDS;0;0;0;YNCKEF;0;0;0;DTGITQTPKYLVTAMGSKRTMKREHLGHDSMYWYRQKAKKSLEFMFYYNCKEFIENKTVPNHFTPECPDSSRLYLHVVALQQEDSAAYLCASSFRALAADTQYFGKGTRLTVV
TRBV2*01;EPEVTQTPSHQVTQMGQEVILRCVPISNHLYFYWYRQILGQKVEFLVSFYNNEISEKSEIFDDQFSVERPDGSNFTLKIRSTKLEDSAMYF;F;SNHLY;2;4ELK;78;FYNNE;5;4ELK;58;EPEVTQTPSHQVTQMGQEVILRCVPISNHLYFYWYRQILGQKVEFLVSFYNNEISEKSEIFDDQFSVERPDGSNFTLKIRSTKLEDSAMYFASSFRALAADTQYFGKGTRLTVV
TRBV2*02;EPEVTQTPSHQVTQMGQEVLHCVPISNHLYFYWYRQILGQKVEFLVSFYNNEISEKSEIFDDQFSVERPDGSNFTLKIRSTKLEDSAMYF;(F);SNHLY;2;4ELK;78;FYNNE;5;4ELK;58;EPEVTQTPSHQVTQMGQEVLHCVPISNHLYFYWYRQILGQKVEFLVSFYNNEISEKSEIFDDQFSVERPDGSNFTLKIRSTKLEDSAMYFASSFRALAADTQYFGKGTRLTVV
TRBV2*03;EPEVTQTPSHQVTQMGQEVILRCVPISNHLYFYWYRQILGQKVEFLVSFYNNEISEKSEIFDDQFSVERPDGSNFTLKIRSTKLEDSAMYF;(F);SNHLY;2;4ELK;78;FYNNE;5;4ELK;58;EPEVTQTPSHQVTQMGQEVILRCVPISNHLYFYWYRQILGQKVEFLVSFYNNEISEKSEIFDDQFSVERPDGSNFTLKIRSTKLEDSAMYFASSFRALAADTQYFGKGTRLTVV
TRBV3-1*01;DTAVSQTPKYLVTQMGNDKSIKCEQNLGHDTMYYKQDSKKFLKIMFSYNNKELIINETVPNRFSPKSPDKAHLNLHINSLELGDSAVYF;F;LGHDT;2;3Q5T;44;YNNKEL;3;3VXM;56;DTAVSQTPKYLVTQMGNDKSIKCEQNLGHDTMYYKQDSKKFLKIMFSYNNKELIINETVPNRFSPKSPDKAHLNLHINSLELGDSAVYFASSFRALAADTQYFGKGTRLTVV
TRBV3-1*02;DTAVSQTPKYLVTQMGNDKSIKCEQNLGHDTMYYKQDSKKFLKIMFSYNNKEIIINETVPNRFSPKSPDKAKNLHINSLELGDSAVYF;(F);LGHDT;2;3Q5T;44;YNNKEI;3;3VXM;56;DTAVSQTPKYLVTQMGNDKSIKCEQNLGHDTMYYKQDSKKFLKIMFSYNNKEIIINETVPNRFSPKSPDKAKNLHINSLELGDSAVYFASSFRALAADTQYFGKGTRLTVV
TRBV3-2*01;DTAVSQTPKYLVTQMGKKESLK*EQNLGHNAMYWYKQDSKKFLKTMFIYSNKEPILNETVPNRFSPDSPDKAHLNLHINSLELGDSAVYF;P;LGHNA;0;0;0;YSNKEP;0;0;0;DTAVSQTPKYLVTQMGKKESLK*EQNLGHNAMYWYKQDSKKFLKTMFIYSNKEPILNETVPNRFSPDSPDKAHLNLHINSLELGDSAVYFASSFRALAADTQYFGKGTRLTVV
TRBV3-2*02;DTAVSQTPKYLVTQMGKKESLK*EQNLGHNAMYWYKQDSKKFLKTMFIYSNKEPILNETVPNRFSPDSPDKVHLNLHINSLELGDSAVYF;P;LGHNA;0;0;0;YSNKEP;0;0;0;DTAVSQTPKYLVTQMGKKESLK*EQNLGHNAMYWYKQDSKKFLKTMFIYSNKEPILNETVPNRFSPDSPDKVHLNLHINSLELGDSAVYFASSFRALAADTQYFGKGTRLTVV
TRBV3-2*03;DTAVSQTPKYLVTQTGKKESLK*EQNLGHNAMYWYKQDSKKFLKTMFIYSNKEPILNETVPNRFSPDSPDKVHLNLHINSLELGDSAVYF;(P);LGHNA;0;0;0;YSNKEP;0;0;0;DTAVSQTPKYLVTQTGKKESLK*EQNLGHNAMYWYKQDSKKFLKTMFIYSNKEPILNETVPNRFSPDSPDKVHLNLHINSLELGDSAVYFASSFRALAADTQYFGKGTRLTVV
TRBV4-1*01;DTEVTQTPKHLVMGMTNKKSLKCEQHMGHRAMYWYKQKAKKPPELMFVYSYEKLSINESVPSRFSPECPNSSLLNLHLHALQPEDSALYL;F;MGHRA;1;3VXM;100;YSYEKL;3;3VXM;100;DTEVTQTPKHLVMGMTNKKSLKCEQHMGHRAMYWYKQKAKKPPELMFVYSYEKLSINESVPSRFSPECPNSSLLNLHLHALQPEDSALYLASSFRALAADTQYFGKGTRLTVV
TRBV4-1*02;DTEVTQTPKHLVMGMTNKKSLKCEQHMGHRAMYWYKQKAKKPPELMFVYSYEKLSINESVPSRFSPECPNSSLLNLHLHALQPEDSALYL;(F);MGHRA;1;3VXM;100;YSYEKL;3;3VXM;100;DTEVTQTPKHLVMGMTNKKSLKCEQHMGHRAMYWYKQKAKKPPELMFVYSYEKLSINESVPSRFSPECPNSSLLNLHLHALQPEDSALYLASSFRALAADTQYFGKGTRLTVV
TRBV4-2*01;ETGVTQTPRHLVMGMTNKKSLKCEQHLGHNAMYWYKQSAKKPLELMFVYNFKEQTENNSVPSRFSPECPNSSHLFLHLHTLQPEDSALYL;F;LGHNA;1;3VXM;78;YNFKEQ;3;3VXM;56;ETGVTQTPRHLVMGMTNKKSLKCEQHLGHNAMYWYKQSAKKPLELMFVYNFKEQTENNSVPSRFSPECPNSSHLFLHLHTLQPEDSALYLASSFRALAADTQYFGKGTRLTVV
TRBV4-2*02;ETGVTQTPRHLVMGMTNKKSLKCEQHLGHNAMYWYKQSAKKPLELMFVYNFKEQTENNSVPSRFSPECPNSSHLCLHLHTLQPEDSALYL;(F);LGHNA;1;3VXM;78;YNFKEQ;3;3VXM;56;ETGVTQTPRHLVMGMTNKKSLKCEQHLGHNAMYWYKQSAKKPLELMFVYNFKEQTENNSVPSRFSPECPNSSHLCLHLHTLQPEDSALYLASSFRALAADTQYFGKGTRLTVV
TRBV4-3*01;ETGVTQTPRHLVMGMTNKKSLKCEQHLGHNAMYWYKQSAKKPLELMFVYSLEERVENNSVPSRFSPECPNSSHLFLHLHTLQPEDSALYL;F;LGHNA;1;3VXM;78;YSLEER;3;3VXM;67;ETGVTQTPRHLVMGMTNKKSLKCEQHLGHNAMYWYKQSAKKPLELMFVYSLEERVENNSVPSRFSPECPNSSHLFLHLHTLQPEDSALYLASSFRALAADTQYFGKGTRLTVV
TRBV4-3*02;ETGVTQTPRHLVMGMTNKKSLKCEQHLGHNAMYWYKQSAKKPLELMFVYSLEERVENNSVPSRFSPECPNSSHSFLHLHTLQPEDSALYL;(F);LGHNA;1;3VXM;78;YSLEER;3;3VXM;67;ETGVTQTPRHLVMGMTNKKSLKCEQHLGHNAMYWYKQSAKKPLELMFVYSLEERVENNSVPSRFSPECPNSSHSFLHLHTLQPEDSALYLASSFRALAADTQYFGKGTRLTVV
TRBV4-3*03;ETGVTQTPRHLVMGMTNKKSLKCEQHLGHNAMYWYKQSAKKPLELMFVYSLEERVENNSVPSRFSPECPNSSHLFLHLHTLQPEDSALYL;(F);LGHNA;1;3VXM;78;YSLEER;3;3VXM;67;ETGVTQTPRHLVMGMTNKKSLKCEQHLGHNAMYWYKQSAKKPLELMFVYSLEERVENNSVPSRFSPECPNSSHLFLHLHTLQPEDSALYLASSFRALAADTQYFGKGTRLTVV
TRBV4-3*04;ETGVTQTPRHLVMGMTNKKSLKCEQHLGHNAMYWYKQSAKKPLELMFVYSLEERVENNSVPSRFSPECPNSSHLFLHLHTLQPEDSALYL;(F);LGHNA;1;3VXM;78;YSLEER;3;3VXM;67;ETGVTQTPRHLVMGMTNKKSLKCEQHLGHNAMYWYKQSAKKPLELMFVYSLEERVENNSVPSRFSPECPNSSHLFLHLHTLQPEDSALYLASSFRALAADTQYFGKGTRLTVV
TRBV5-1*01;KAGVTQTPRYLIKTRGQQVTLSCSPISGHRSVSWYQQTPGQGLQFLFEYFSETQRNKGNFPGRFSGRQFSNSRSEMNVSTLELGDSALYL;F;SGHRS;2;4P4K;100;YFSETQ;3;4P4K;100;KAGVTQTPRYLIKTRGQQVTLSCSPISGHRSVSWYQQTPGQGLQFLFEYFSETQRNKGNFPGRFSGRQFSNSRSEMNVSTLELGDSALYLASSFRALAADTQYFGKGTRLTVV
TRBV5-1*02;RAGVTQTPRHLIKTRGQQVTLGCSPISGHRSVSWYQQTLGQGLQFLFEYFSETQRNKGNFLGRFSGRQFSNSRSEMNVSTLELGDSALYL;(F);SGHRS;2;4P4K;100;YFSETQ;3;4P4K;94;RAGVTQTPRHLIKTRGQQVTLGCSPISGHRSVSWYQQTLGQGLQFLFEYFSETQRNKGNFLGRFSGRQFSNSRSEMNVSTLELGDSALYLASSFRALAADTQYFGKGTRLTVV
TRBV5-3*01;EAGVTQSPTHLIKTRGQQVTLRCSPISGHSSVSWYQQAPGQGPQFIFEYANELRRSEGNFPNRFSGRQFHDCCSEMNVSALELGDSALYL;ORF;SGHSS;2;1zGL;89;YANELR;3;1ZGL;67;EAGVTQSPTHLIKTRGQQVTLRCSPISGHSSVSWYQQAPGQGPQFIFEYANELRRSEGNFPNRFSGRQFHDCCSEMNVSALELGDSALYLASSFRALAADTQYFGKGTRLTVV
TRBV5-3*02;EAGVTQSPTHLIKTRGQQVTLRCSPISGHSSVSWYQQAPGQGPQFIFEYANELRRSEGNFPNRFSGRQFHDYCSEMNVSALELGDSALYL;ORF;SGHSS;2;1zGL;89;YANELR;3;1ZGL;67;EAGVTQSPTHLIKTRGQQVTLRCSPISGHSSVSWYQQAPGQGPQFIFEYANELRRSEGNFPNRFSGRQFHDYCSEMNVSALELGDSALYLASSFRALAADTQYFGKGTRLTVV
TRBV5-4*01;ETGVTQSPTHLIKTRGQQVTLRCSSQSGHNTVSWYQQALGQGPQFIFQYYREEENGRGNFPPRFSGLQFPNYSSELNVNALELDDSALYL;F;SGHNT;2;4JRY;67;YYREEE;3;4JRY;78;ETGVTQSPTHLIKTRGQQVTLRCSSQSGHNTVSWYQQALGQGPQFIFQYYREEENGRGNFPPRFSGLQFPNYSSELNVNALELDDSALYLASSFRALAADTQYFGKGTRLTVV
TRBV5-4*02;ETGVTQSPTHLIKTRGQQVTLRCSSQSGHNTVSWYQQALGQGPQFIFQYYREEENGRGNFPPRFSGLQFPNYNSELNVNALELDDSALYL;(F);SGHNT;2;4JRY;67;YYREEE;3;4JRY;78;ETGVTQSPTHLIKTRGQQVTLRCSSQSGHNTVSWYQQALGQGPQFIFQYYREEENGRGNFPPRFSGLQFPNYNSELNVNALELDDSALYLASSFRALAADTQYFGKGTRLTVV
TRBV5-4*03;ETGVTQSPTHLIKTRGQQVTLRCSSQSGHNTVSWYQQALGQGPQFIFQYYREEENGRGNFPPRFSGLQFPNYSSELNVNALELDDSALYL;(F);SGHNT;2;4JRY;67;YYREEE;3;4JRY;78;ETGVTQSPTHLIKTRGQQVTLRCSSQSGHNTVSWYQQALGQGPQFIFQYYREEENGRGNFPPRFSGLQFPNYSSELNVNALELDDSALYLASSFRALAADTQYFGKGTRLTVV
TRBV5-4*04;ETGVTQSPTHLIKTRGQQVTLRCSSQSGHNTVSWYQQALGQGPQFIFQYYREEENGRGNSPPRFSGLQFPNYSSELNVNALELDDSALYL;(F);SGHNT;2;4JRY;67;YYREEE;3;4JRY;78;ETGVTQSPTHLIKTRGQQVTLRCSSQSGHNTVSWYQQALGQGPQFIFQYYREEENGRGNSPPRFSGLQFPNYSSELNVNALELDDSALYLASSFRALAADTQYFGKGTRLTVV
TRBV5-5*01;DAGVTQSPTHLIKTRGQQVTLRCSPISGHKSVSWYQQVLGQGPQFIFQYYEKEERGRGNFPDRFSARQFPNYSSELNVNALLLGDSALYL;F;SGHKS;2;4JRY;67;YYEKEE;3;4JRY;89;DAGVTQSPTHLIKTRGQQVTLRCSPISGHKSVSWYQQVLGQGPQFIFQYYEKEERGRGNFPDRFSARQFPNYSSELNVNALLLGDSALYLASSFRALAADTQYFGKGTRLTVV
TRBV5-5*02;DAGVTQSPTHLIKTRGQHVTLRCSPISGHKSVSWYQQVLGQGPQFIFQYYEKEERGRGNFPDRFSARQFPNYSSELNVNALLLGDSALYL;(F);SGHKS;2;4JRY;67;YYEKEE;3;4JRY;89;DAGVTQSPTHLIKTRGQHVTLRCSPISGHKSVSWYQQVLGQGPQFIFQYYEKEERGRGNFPDRFSARQFPNYSSELNVNALLLGDSALYLASSFRALAADTQYFGKGTRLTVV
TRBV5-5*03;DAGVTQSPTHLIKTRGQQVTLRCSPISEHKSVSWYQQVLGQGPQFIFQYYEKEERGRGNFPDRFSARQFPNYSSELNVNALLLGDSALYL;(F);SEHKS;2;4JRY;56;YYEKEE;3;4JRY;89;DAGVTQSPTHLIKTRGQQVTLRCSPISEHKSVSWYQQVLGQGPQFIFQYYEKEERGRGNFPDRFSARQFPNYSSELNVNALLLGDSALYLASSFRALAADTQYFGKGTRLTVV
TRBV5-6*01;NAGVTQTPKFQVLKTGQSMTLQCAQDMNHNSMYWYRQDPGMGLRLIYYSASEGTTDKGEVPNGYNVSRLNKREFSLRLESAAPSQTSVYF;F;SGHDT;2;4JRY;100;YYEEEE;3;4JRY;100;NAGVTQTPKFQVLKTGQSMTLQCAQDMNHNSMYWYRQDPGMGLRLIYYSASEGTTDKGEVPNGYNVSRLNKREFSLRLESAAPSQTSVYFASSFRALAADTQYFGKGTRLTVV
TRBV5-7*01;DAGVTQSPTHLIKTRGQHVTLRCSPISGHTSVSSYQQALGQGPQFIFQYYEKEERGRGNFPDQFSGHQFPNYSSELNVNALLLGDSALYLC;ORF;SGHTS;2;4JRY;67;YYEKEE;3;4JRY;83;DAGVTQSPTHLIKTRGQHVTLRCSPISGHTSVSSYQQALGQGPQFIFQYYEKEERGRGNFPDQFSGHQFPNYSSELNVNALLLGDSALYLCASSFRALAADTQYFGKGTRLTVV
TRBV5-8*01;EAGVTQSPTHLIKTRGQQATLRCSPISGHTSVYWYQQALGLGLQFLLWYDEGEERNRGNFPPRFSGRQFPNYSSELNVNALELEDSALYLC;F;SGHTS;2;4E41;100;YDEGEE;3;4E41;100;EAGVTQSPTHLIKTRGQQATLRCSPISGHTSVYWYQQALGLGLQFLLWYDEGEERNRGNFPPRFSGRQFPNYSSELNVNALELEDSALYLCASSFRALAADTQYFGKGTRLTVV
TRBV5-8*02;RGQQATLRCSPISGHTSVYWYQQALGLGLQLLLWYDEGEERNRGNFPPRFSGRQFPNYSSELNVNALELEDSALYLC;(F);SGHTS;2;4E41;100;YDEGEE;3;4E41;100;RGQQATLRCSPISGHTSVYWYQQALGLGLQLLLWYDEGEERNRGNFPPRFSGRQFPNYSSELNVNALELEDSALYLCASSFRALAADTQYFGKGTRLTVV
TRBV6-1*01;NAGVTQTPKFQVLKTGQSMTLQCAQDMNHNSMYWYRQDPGMGLRLIYYSASEGTTDKGEVPNGYNVSRLNKREFSLRLESAAPSQTSVYFC;F;MNHNS;1;2AK4;100;SASEGT;2;2AK4;100;NAGVTQTPKFQVLKTGQSMTLQCAQDMNHNSMYWYRQDPGMGLRLIYYSASEGTTDKGEVPNGYNVSRLNKREFSLRLESAAPSQTSVYFCASSFRALAADTQYFGKGTRLTVV
TRBV6-2*01;NAGVTQTPKFRVLKTGQSMTLLCAQDMNHEYMYWYRQDPGMGLRLIHYSVGEGTTAKGEVPDGYNVSRLKKQNFLLGLESAAPSQTSVYFC;F;MNHEY;1;4G8F;100;SVGEGT;2;4G8F;100;NAGVTQTPKFRVLKTGQSMTLLCAQDMNHEYMYWYRQDPGMGLRLIHYSVGEGTTAKGEVPDGYNVSRLKKQNFLLGLESAAPSQTSVYFCASSFRALAADTQYFGKGTRLTVV
TRBV6-3*01;NAGVTQTPKFRVLKTGQSMTLLCAQDMNHEYMYWYRQDPGMGLRLIHYSVGEGTTAKGEVPDGYNVSRLKKQNFLLGLESAAPSQTSVYFC;F;MNHEY;1;4G8F;100;SVGEGT;2;4G8F;100;NAGVTQTPKFRVLKTGQSMTLLCAQDMNHEYMYWYRQDPGMGLRLIHYSVGEGTTAKGEVPDGYNVSRLKKQNFLLGLESAAPSQTSVYFCASSFRALAADTQYFGKGTRLTVV
TRBV6-4*01;IAGITQAPTSQILAAGRRMTLRCTQDMRHNAMYWYRQDLGLGLRLIHYSNTAGTTGKGEVPDGYSVSRANTDDFPLTLASAVPSQTSVYFC;F;MRHNA;1;4L3E;100;SNTAGT;2;4L3E;100;IAGITQAPTSQILAAGRRMTLRCTQDMRHNAMYWYRQDLGLGLRLIHYSNTAGTTGKGEVPDGYSVSRANTDDFPLTLASAVPSQTSVYFCASSFRALAADTQYFGKGTRLTVV
TRBV6-4*02;TAGITQAPTSQILAAGRSMTLRCTQDMRHNAMYWYRQDLGLGLRLIHYSNTAGTTGKGEVPDGYSVSRANTDDFPLTLASAVPSQTSVYFC;F;MRHNA;1;4L3E;100;SNTAGT;2;4L3E;100;TAGITQAPTSQILAAGRSMTLRCTQDMRHNAMYWYRQDLGLGLRLIHYSNTAGTTGKGEVPDGYSVSRANTDDFPLTLASAVPSQTSVYFCASSFRALAADTQYFGKGTRLTVV
TRBV6-5*01;NAGVTQTPKFQVLKTGQSMTLQCAQDMNHEYMSWYRQDPGMGLRLIHYSVGAGITDQGEVPNGYNVSRSTTEDFPLRLLSAAPSQTSYYFC;F;MNHEY;1;1BD2;100;SVGAGI;2;1BD2;100;NAGVTQTPKFQVLKTGQSMTLQCAQDMNHEYMSWYRQDPGMGLRLIHYSVGAGITDQGEVPNGYNVSRSTTEDFPLRLLSAAPSQTSYYFCASSFRALAADTQYFGKGTRLTVV
TRBV6-6*01;NAGVTQTPKFRILKIGQSMTLQCTQDMNHNYMYWYRQDPGMGLKLIYYSVGAGITDKGEVPNGYNVSRSTTEDFPLRLELAAPSQTSVYFC;F;MNHNY;1;2IAL;100;SVGAGI;2;2IAL;100;NAGVTQTPKFRILKIGQSMTLQCTQDMNHNYMYWYRQDPGMGLKLIYYSVGAGITDKGEVPNGYNVSRSTTEDFPLRLELAAPSQTSVYFCASSFRALAADTQYFGKGTRLTVV
TRBV6-6*02;NAGVTQTPKFRILKIGQSMTLQCAQDMNHNYMYWYRQDPGMGLKLIYYSVGAGITDKGEVPNGYNVSRSTTEDFPLRLELAAPSQTSVYFC;F;MNHNY;1;2IAL;89;SVGAGI;2;2IAL;100;NAGVTQTPKFRILKIGQSMTLQCAQDMNHNYMYWYRQDPGMGLKLIYYSVGAGITDKGEVPNGYNVSRSTTEDFPLRLELAAPSQTSVYFCASSFRALAADTQYFGKGTRLTVV
TRBV6-6*03;NAGVTQTPKFRILKIGQSMTLQCAQDMNHNYMYWYRQDPGMGLKLIYYSVGAGITDKGEVPNGYNVSRSTTEDFPLRLELAAPSQTSVYFC;(F);MNHNY;1;2IAL;89;SVGAGI;2;2IAL;100;NAGVTQTPKFRILKIGQSMTLQCAQDMNHNYMYWYRQDPGMGLKLIYYSVGAGITDKGEVPNGYNVSRSTTEDFPLRLELAAPSQTSVYFCASSFRALAADTQYFGKGTRLTVV
TRBV6-6*04;NAGVTQTPKFRILKIGQSMTLQCTQDMNHEYMYWYRQDPGMGLKLIYYSVGAGITDKGEVPNGYNVSRSTTEDFPLRLELAAPSQTSVYFC;(F);MNHEY;1;2IAL;89;SVGAGI;2;2IAL;100;NAGVTQTPKFRILKIGQSMTLQCTQDMNHEYMYWYRQDPGMGLKLIYYSVGAGITDKGEVPNGYNVSRSTTEDFPLRLELAAPSQTSVYFCASSFRALAADTQYFGKGTRLTVV
TRBV6-6*05;NAGVTQTPKFRILKIGQSMTLQCAQDMNHNYMYWYRQDPGMGLKLIYYSVGAGITDKGEVPNGYNVSRSTTEDFPLRLELAAASQTSVYFC;(F);MNHNY;1;2IAL;89;SVGAGI;2;2IAL;100;NAGVTQTPKFRILKIGQSMTLQCAQDMNHNYMYWYRQDPGMGLKLIYYSVGAGITDKGEVPNGYNVSRSTTEDFPLRLELAAASQTSVYFCASSFRALAADTQYFGKGTRLTVV
TRBV6-7*01;NAGVTQTPKFHVLKTGQSMTLLCAQDMNHEYMYRYRQDPGKGLRLIYYSVAAALTDKGEVPNGYNVSRSNTEDFPLKLESAAPSQTSVYFC;ORF;MNHEY;1;1BD2;100;SVAAAL;2;1BD2;78;NAGVTQTPKFHVLKTGQSMTLLCAQDMNHEYMYRYRQDPGKGLRLIYYSVAAALTDKGEVPNGYNVSRSNTEDFPLKLESAAPSQTSVYFCASSFRALAADTQYFGKGTRLTVV
TRBV6-8*01;NAGVTQTPKFHILKTGQSMTLQCAQDMNHGYMSWYRQDPGMGLRLIYYSAAAGTTDKEVPNGYNVSRLNTEDFPLRLVSAAPSQTSVYLC;F;MNHGYM;1;1BD2;89;SAAAGT;2;3HG1;35;NAGVTQTPKFHILKTGQSMTLQCAQDMNHGYMSWYRQDPGMGLRLIYYSAAAGTTDKEVPNGYNVSRLNTEDFPLRLVSAAPSQTSVYLCASSFRALAADTQYFGKGTRLTVV
TRBV6-9*01;NAGVTQTPKFHILKTGQSMTLQCAQDMNHGYLSWYRQDPGMGLRRIHYSVAAGITDKGEVPDGYNVSRSNTEDFPLRLESAAPSQTSVYFC;F;MNHGY;1;1BD2;78;SVAAGI;2;1BD2;83;NAGVTQTPKFHILKTGQSMTLQCAQDMNHGYLSWYRQDPGMGLRRIHYSVAAGITDKGEVPDGYNVSRSNTEDFPLRLESAAPSQTSVYFCASSFRALAADTQYFGKGTRLTVV
TRBV7-1*01;GAGVSQSLRHKVAKKGKDVALRYDPISGHNALYWYRQSLGQGLEFPIYFQGKDAADKSGLPRDRFSAQRSEGSISTLKFQRTQQGDLAVYLC;ORF;SGHNA;2;4OZF;89;FQGKDA;4;4OZF;79;GAGVSQSLRHKVAKKGKDVALRYDPISGHNALYWYRQSLGQGLEFPIYFQGKDAADKSGLPRDRFSAQRSEGSISTLKFQRTQQGDLAVYLCASSFRALAADTQYFGKGTRLTVV
TRBV7-2*01;GAGVSQSPSNKVTEKGKDVELRCDPISGHTALYWYRQSLGQGLEFLIYFQGNSAPDKSGLPSDRFSAERTGGSVSTLTIQRTQQEDSAVYLCA;F;SGHTA;2;4OZF;100;FQGNSA;4;4OZF;100;GAGVSQSPSNKVTEKGKDVELRCDPISGHTALYWYRQSLGQGLEFLIYFQGNSAPDKSGLPSDRFSAERTGGSVSTLTIQRTQQEDSAVYLCAASSFRALAADTQYFGKGTRLTVV
TRBV7-2*02;GAGVSQSPSNKVTEKGKDVELRCDPISGHTALYWYRQRLGQGLEFLIYFQGNSAPDKSGLPSDRFSAERTGESVSTLTIQRTQQEDSAVYLCA;F;SGHTA;2;4OZF;100;FQGNSA;4;4OZF;100;GAGVSQSPSNKVTEKGKDVELRCDPISGHTALYWYRQRLGQGLEFLIYFQGNSAPDKSGLPSDRFSAERTGESVSTLTIQRTQQEDSAVYLCAASSFRALAADTQYFGKGTRLTVV
TRBV7-2*03;GAGVSQSPSNKVTEKGKDVELRCDPISGHTALYWYRQRLGQGLEFLIYFQGNSAPDKSGLPSDRFSAERTGESVSTLTIQRTQQEDSAVYLCT;F;SGHTA;2;4OZF;100;FQGNSA;4;4OZF;100;GAGVSQSPSNKVTEKGKDVELRCDPISGHTALYWYRQRLGQGLEFLIYFQGNSAPDKSGLPSDRFSAERTGESVSTLTIQRTQQEDSAVYLCTASSFRALAADTQYFGKGTRLTVV
TRBV7-2*04;GAGVSQSPSNKVTEKGKDVELRCDPISGHTALYWYRQSLGQGLEFLIYFQGNSAPDKSGLPSDRFSAERTGGSVSTLTIQRTQQEDSAVYLCA;(F);SGHTA;2;4OZF;100;FQGNSA;4;4OZF;100;GAGVSQSPSNKVTEKGKDVELRCDPISGHTALYWYRQSLGQGLEFLIYFQGNSAPDKSGLPSDRFSAERTGGSVSTLTIQRTQQEDSAVYLCAASSFRALAADTQYFGKGTRLTVV
TRBV7-3*01;GAGVSQTPSNKVTEKGKYVELRCDPISGHTALYWYRQSLGQGPEFLIYFQGTGAADDSGLPNDRFFAVRPEGSVSTLKIQRTERGDSAVYLC;F;SGHTA;2;4MAY;100;FQGTGA;4;4MAY;100;GAGVSQTPSNKVTEKGKYVELRCDPISGHTALYWYRQSLGQGPEFLIYFQGTGAADDSGLPNDRFFAVRPEGSVSTLKIQRTERGDSAVYLCASSFRALAADTQYFGKGTRLTVV
TRBV7-3*02;GAGVSQTPSNKVTEKGKDVELRCDPISGHTALYWYRQSLGQGPEFLIYFQGTGAADDSGLPKDRFFAVRPEGSVSTLKIQRTEQGDSAVYLR;ORF;SGHTA;2;4MAY;100;FQGTGA;4;4MAY;95;GAGVSQTPSNKVTEKGKDVELRCDPISGHTALYWYRQSLGQGPEFLIYFQGTGAADDSGLPKDRFFAVRPEGSVSTLKIQRTEQGDSAVYLRASSFRALAADTQYFGKGTRLTVV
TRBV7-3*03;GAGVSQTPSNKVTEKGKDVELRCDPISGHTALYWYRQSLGQGPEFLIYFQGTGAADDSGLPKDRFFAVRPEGSVSTLKIQRTEQGDSAAYLR;ORF;SGHTA;2;4MAY;100;FQGTGA;4;4MAY;95;GAGVSQTPSNKVTEKGKDVELRCDPISGHTALYWYRQSLGQGPEFLIYFQGTGAADDSGLPKDRFFAVRPEGSVSTLKIQRTEQGDSAAYLRASSFRALAADTQYFGKGTRLTVV
TRBV7-3*04;GAGVSQTPSNKVTEKGKYVELRCDPISGHTALYWYRQSLGQGPEFLIYFQGTGAADDSGLPNDRFFAVRPEGSVSTLKIQRTERGDSAVYLC;(F);SGHTA;2;4MAY;100;FQGTGA;4;4MAY;100;GAGVSQTPSNKVTEKGKYVELRCDPISGHTALYWYRQSLGQGPEFLIYFQGTGAADDSGLPNDRFFAVRPEGSVSTLKIQRTERGDSAVYLCASSFRALAADTQYFGKGTRLTVV
TRBV7-3*05;WELRCDPISGHTALYWYRQSLGQGPELLIYFQGTGAADDSGLPNDRFFAVRPEGSVSTLKIQRTERGDSAVYLC;(F);SGHTA;2;4MAY;100;FQGTGA;4;4MAY;100;WELRCDPISGHTALYWYRQSLGQGPELLIYFQGTGAADDSGLPNDRFFAVRPEGSVSTLKIQRTERGDSAVYLCASSFRALAADTQYFGKGTRLTVV
TRBV7-4*01;GAGVSQSPRYKVAKRGRDVALRCDSISGHVTLYWYRQTLGQGSEVLTYSQSDAQRDKSGRPSGRFSAERPERSVSTLKIQRTEQGDSAVYLC;F;SGHVT;2;4OZF;67;SQSDAQ;4;4OZF;58;GAGVSQSPRYKVAKRGRDVALRCDSISGHVTLYWYRQTLGQGSEVLTYSQSDAQRDKSGRPSGRFSAERPERSVSTLKIQRTEQGDSAVYLCASSFRALAADTQYFGKGTRLTVV
TRBV7-6*01;GAGVSQSPRYKVTKRGQDVALRCDPISGHVSLYWYRQALGQGPEFLTYFNYEAQQDKSGLPNDRFSAERPEGSISTLTIQRTEQRDSAMYRC;F;SGHVS;2;4OZF;78;FNYEA;4;4OZF;63;GAGVSQSPRYKVTKRGQDVALRCDPISGHVSLYWYRQALGQGPEFLTYFNYEAQQDKSGLPNDRFSAERPEGSISTLTIQRTEQRDSAMYRCASSFRALAADTQYFGKGTRLTVV
TRBV7-6*02;GAGVSQSPRYKVTKRGQDVALRCDPISGHVSLYWYRQALGQGPEFLTYFNYEAQQDKSGLPNDRFSAERPEGSISTLTIQRTEQRDSAMYRC;(F);SGHVS;2;4OZF;78;FNYEA;4;4OZF;63;GAGVSQSPRYKVTKRGQDVALRCDPISGHVSLYWYRQALGQGPEFLTYFNYEAQQDKSGLPNDRFSAERPEGSISTLTIQRTEQRDSAMYRCASSFRALAADTQYFGKGTRLTVV
TRBV7-7*01;GAGVSQSPRYKVTKRGQDVTLRCDPISSHATLYWYQQALGQGPEFLTYFNYEAQPDKSGLPSDRFSAERPEGSISTLTIQRTEQRDSAMYRC;F;SSHAT;2;4OZF;67;FNYEAQ;4;4OZF;74;GAGVSQSPRYKVTKRGQDVTLRCDPISSHATLYWYQQALGQGPEFLTYFNYEAQPDKSGLPSDRFSAERPEGSISTLTIQRTEQRDSAMYRCASSFRALAADTQYFGKGTRLTVV
TRBV7-7*02;GAGVSQSPRYKVTKRGQDVTLRCDPISSHVTLYWYQQALGQGPEFLTYFNYEAQPDKSGLPSDRFSAERPEGSISTLTIQRTEQRDSAMYRC;(F);SSHVT;2;4OZF;67;FNYEAQ;4;4OZF;74;GAGVSQSPRYKVTKRGQDVTLRCDPISSHVTLYWYQQALGQGPEFLTYFNYEAQPDKSGLPSDRFSAERPEGSISTLTIQRTEQRDSAMYRCASSFRALAADTQYFGKGTRLTVV
TRBV7-8*01;GAGVSQSPRYKVAKRGQDVALRCDPISGHVSLFWYQQALGQGPEFLTYFQNEAQLDKSGLPSDRFFAERPEGSVSTLKIQRTQQEDSAVYLC;F;SGHVS;2;1M15;100;FQNEAQ;4;1M15;100;GAGVSQSPRYKVAKRGQDVALRCDPISGHVSLFWYQQALGQGPEFLTYFQNEAQLDKSGLPSDRFFAERPEGSVSTLKIQRTQQEDSAVYLCASSFRALAADTQYFGKGTRLTVV
TRBV7-8*02;GAGVSQSPRYKVAKRGQDVALRCDPISGHVSLFWYQQALGQGPEFLTYFQNEAQLDKSGLPSDRFFAERPEGSVSTLKIQRTQKEDSAVYLC;F;SGHVS;2;1M15;100;FQNEAQ;4;1M15;100;GAGVSQSPRYKVAKRGQDVALRCDPISGHVSLFWYQQALGQGPEFLTYFQNEAQLDKSGLPSDRFFAERPEGSVSTLKIQRTQKEDSAVYLCASSFRALAADTQYFGKGTRLTVV
TRBV7-8*03;GAGVSQSPRYKVAKRGQDVALRCDPISGHVSLFWYQQALGQGPEFLTYFQNEAQLDKSGLPSDRFFAERPEGSVSTLKIQRTQQEDSAVYLCASRL;(F);SGHVS;0;0;0;FQNEAQ;0;0;0;GAGVSQSPRYKVAKRGQDVALRCDPISGHVSLFWYQQALGQGPEFLTYFQNEAQLDKSGLPSDRFFAERPEGSVSTLKIQRTQQEDSAVYLCASRLASSFRALAADTQYFGKGTRLTVV
TRBV7-9*01;DTGVSQNPRHKITKRGQNVTFRCDPISEHNRLYWYRQTLGQGPEFLTYFQNEAQLEKSRLLSDRFSAERPKGSFSTLEIQRTEQGDSAMYLC;F;SEHNR;2;3DX9;100;FQNEAQ;5;3DX9;100;DTGVSQNPRHKITKRGQNVTFRCDPISEHNRLYWYRQTLGQGPEFLTYFQNEAQLEKSRLLSDRFSAERPKGSFSTLEIQRTEQGDSAMYLCASSFRALAADTQYFGKGTRLTVV
TRBV7-9*02;DTGVSQNPRHNITKRGQNVTFRCDPISEHNRLYWYRQTLGQGPEFLTYFQNEAQLEKSRLLSDRFSAERPKGSFSTLEIQRTEQGDSAMYLC;(F);SEHNR;2;3DX9;100;FQNEAQ;5;3DX9;100;DTGVSQNPRHNITKRGQNVTFRCDPISEHNRLYWYRQTLGQGPEFLTYFQNEAQLEKSRLLSDRFSAERPKGSFSTLEIQRTEQGDSAMYLCASSFRALAADTQYFGKGTRLTVV
TRBV7-9*03;DTGVSQDPRHKITKRGQNVTFRCDPISEHNRLYWYRQTLGQGPEFLTYFQNEAQLEKSRLLSDRFSAERPKGSFSTLEIQRTEQGDSAMYLC;F;SEHNR;2;3DX9;100;FQNEAQ;5;3DX9;100;DTGVSQDPRHKITKRGQNVTFRCDPISEHNRLYWYRQTLGQGPEFLTYFQNEAQLEKSRLLSDRFSAERPKGSFSTLEIQRTEQGDSAMYLCASSFRALAADTQYFGKGTRLTVV
TRBV7-9*04;ISGVSHNPRHKITKRGQNVTFRCDPISEHNRLYWYRQNPGQGPEFLTYFQNEAQLEKSGLLSDRISAERPKGSFSTLEIQRTEQGDSAMYLC;(F);SEHNR;2;3DX9;100;FQNEAQ;5;3DX9;89;ISGVSHNPRHKITKRGQNVTFRCDPISEHNRLYWYRQNPGQGPEFLTYFQNEAQLEKSGLLSDRISAERPKGSFSTLEIQRTEQGDSAMYLCASSFRALAADTQYFGKGTRLTVV
TRBV7-9*05;DTGVSQNPRHKITKRGQNVTFRCDPISEHNRLYWYRQTLGQGPEFLTYFQNEAQLEKSRLLSDRFSAERPKGSLSTLEIQRTEQGDSAMYLC;(F);SEHNR;2;3DX9;100;FQNEAQ;5;3DX9;100;DTGVSQNPRHKITKRGQNVTFRCDPISEHNRLYWYRQTLGQGPEFLTYFQNEAQLEKSRLLSDRFSAERPKGSLSTLEIQRTEQGDSAMYLCASSFRALAADTQYFGKGTRLTVV
TRBV7-9*06;DTGVSQNPRHKITKRGQNVTFRCDPISEHNRLYWYRQTLGQGPEFLTYFQNEAQLEKSRLLSDRFSAERPKGSLSTLEIQRTEQGDSAMYLC;(F);SEHNR;2;3DX9;100;FQNEAQ;5;3DX9;100;DTGVSQNPRHKITKRGQNVTFRCDPISEHNRLYWYRQTLGQGPEFLTYFQNEAQLEKSRLLSDRFSAERPKGSLSTLEIQRTEQGDSAMYLCASSFRALAADTQYFGKGTRLTVV
TRBV7-9*07;DTGVSQNPRHKITKRGQNVTFRCDPISEHNRLYWYRQTLGQGPEFLTYFQNEAQLEKSRLLSDRFSAERPKGSFSTLEIQRTEEGDSAMYLC;(F);SEHNR;2;3DX9;100;FQNEAQ;5;3DX9;100;DTGVSQNPRHKITKRGQNVTFRCDPISEHNRLYWYRQTLGQGPEFLTYFQNEAQLEKSRLLSDRFSAERPKGSFSTLEIQRTEEGDSAMYLCASSFRALAADTQYFGKGTRLTVV
TRBV9*01;DSGVTQTPKHLITATGQRVTLRCSPRSGDLSVYWYQQSLDQGLQFLIQYYNGEERAKGNILERFSAQQFPDLHSELNLSSLELGDSALYFC;F;SGDLS;2;3MV7;100;YYNGEE;3;3MV7;100;DSGVTQTPKHLITATGQRVTLRCSPRSGDLSVYWYQQSLDQGLQFLIQYYNGEERAKGNILERFSAQQFPDLHSELNLSSLELGDSALYFCASSFRALAADTQYFGKGTRLTVV
TRBV9*02;DSGVTQTPKHLITATGQRVTLRCSPRSGDLSVYWYQQSLDQGLQFLIHYYNGEERAKGNILERFSAQQFPDLHSELNLSSLELGDSALYFC;F;SGDLS;2;3MV8;100;YYNGEE;3;3MV8;100;DSGVTQTPKHLITATGQRVTLRCSPRSGDLSVYWYQQSLDQGLQFLIHYYNGEERAKGNILERFSAQQFPDLHSELNLSSLELGDSALYFCASSFRALAADTQYFGKGTRLTVV
TRBV9*03;DSGVTQTPKHLITATGQRVTLRCSPRSGDLSVYWYQQSLDQGLQFLIQYYNGEERAKGNILERFSAQQFPDLHSELNLSSLELGDSALYFC;(F);SGDLS;2;3MV7;100;YYNGEE;3;3MV7;100;DSGVTQTPKHLITATGQRVTLRCSPRSGDLSVYWYQQSLDQGLQFLIQYYNGEERAKGNILERFSAQQFPDLHSELNLSSLELGDSALYFCASSFRALAADTQYFGKGTRLTVV
TRBV10-1*01;DAEITQSPRHKITETGRQVTLACHQTWNHNNMFWYRQDLGHGLRLIHYSYGVQDTNKGEVSDGYSVSRSNTEDLPLTLESAASSQTSVYFC;F;WNHNN;1;3QEQ;67;SYGVQD;2;3QEQ;89;DAEITQSPRHKITETGRQVTLACHQTWNHNNMFWYRQDLGHGLRLIHYSYGVQDTNKGEVSDGYSVSRSNTEDLPLTLESAASSQTSVYFCASSFRALAADTQYFGKGTRLTVV
TRBV10-1*02;DAEITQSPRHKITETGRQVTLACHQTWNHNNMFWYRQDLGHGLRLIHYSYGVHDTNKGEVSDGYSVSRSNTEDLPLTLESAASSQTSVYFC;F;WNHNN;1;3QEQ;67;SYGVHD;2;3QEQ;89;DAEITQSPRHKITETGRQVTLACHQTWNHNNMFWYRQDLGHGLRLIHYSYGVHDTNKGEVSDGYSVSRSNTEDLPLTLESAASSQTSVYFCASSFRALAADTQYFGKGTRLTVV
TRBV10-2*01;DAGITQSPRYKITETGRQVTLMCHQTWSHSYMFWYRQDLGHGLRLIYYSAAADITDKGEVPDGYVVSRSKTENFPLTLESATRSQTSVYFC;F;WSHSY;1;3QEQ;67;SAAADI;2;3QEQ;61;DAGITQSPRYKITETGRQVTLMCHQTWSHSYMFWYRQDLGHGLRLIYYSAAADITDKGEVPDGYVVSRSKTENFPLTLESATRSQTSVYFCASSFRALAADTQYFGKGTRLTVV
TRBV10-2*02;DAGITQSPRYKITETGRQVTLMCHQTWSHSYMFWYRQDLGHGLRLIYYSAAADITDKGEVPDGYVVSRSKTENFPLTLESATRSQTSVYFC;F;WSHSY;1;3QEQ;67;SAAADI;2;3QEQ;61;DAGITQSPRYKITETGRQVTLMCHQTWSHSYMFWYRQDLGHGLRLIYYSAAADITDKGEVPDGYVVSRSKTENFPLTLESATRSQTSVYFCASSFRALAADTQYFGKGTRLTVV
TRBV10-3*01;DAGITQSPRHKVTETGTPVTLRCHQTENHRYMYWYRQDPGHGLRLIHYSYGVKDTDKGEVSDGYSVSRSKTEDFLLTLESATSSQTSVYFC;F;ENHRY;1;3QEQ;100;SYGVKD;2;3QEQ;100;DAGITQSPRHKVTETGTPVTLRCHQTENHRYMYWYRQDPGHGLRLIHYSYGVKDTDKGEVSDGYSVSRSKTEDFLLTLESATSSQTSVYFCASSFRALAADTQYFGKGTRLTVV
TRBV10-3*02;DAGITQSPRHKVTETGTPVTLRCHQTENHRYMYWYRQDPGHGLRLIHYSYGVKDTDKGEVSDGYSVSRSKTEDFLLTLESATSSQTSVYFC;F;ENHRY;1;3QEQ;100;SYGVKD;2;3QEQ;100;DAGITQSPRHKVTETGTPVTLRCHQTENHRYMYWYRQDPGHGLRLIHYSYGVKDTDKGEVSDGYSVSRSKTEDFLLTLESATSSQTSVYFCASSFRALAADTQYFGKGTRLTVV
TRBV11-1*01;EAEVAQSPRYKITEKSQAVAFWCDPISGHATLYWYRQILGQGPELLVQFQDESVVDDSQLPKDRFSAERLKGVDSTLKIQPAELGDSAMYLC;F;SGHAT;2;3FFC;89;FQDESV;4;3FFC;84;EAEVAQSPRYKITEKSQAVAFWCDPISGHATLYWYRQILGQGPELLVQFQDESVVDDSQLPKDRFSAERLKGVDSTLKIQPAELGDSAMYLCASSFRALAADTQYFGKGTRLTVV
TRBV11-2*01;EAGVAQSPRYKIIEKRQSVAFWCNPISGHATLYWYQQILGQGPKLLIQFQNNGVVDDSQLPKDRFSAERLKGVDSTLKIQPAKLEDSAVYLC;F;SGHAT;2;3FFC;100;FQNNGV;4;3FFC;100;EAGVAQSPRYKIIEKRQSVAFWCNPISGHATLYWYQQILGQGPKLLIQFQNNGVVDDSQLPKDRFSAERLKGVDSTLKIQPAKLEDSAVYLCASSFRALAADTQYFGKGTRLTVV
TRBV11-2*02;EAGVAQSPRYKIIEKRQSVAFWCNPISGHATLYWYQQILGQGPKLLIQFQNNGVVDDSQLPKDRFSAERLKGVDSTLKIQPAKLENSAVYLC;[F];SGHAT;2;3FFC;100;FQNNGV;4;3FFC;100;EAGVAQSPRYKIIEKRQSVAFWCNPISGHATLYWYQQILGQGPKLLIQFQNNGVVDDSQLPKDRFSAERLKGVDSTLKIQPAKLENSAVYLCASSFRALAADTQYFGKGTRLTVV
TRBV11-2*03;EAGVAQSPRYKIIEKRQSVAFWCNPISGHATLYWYQQILGQGPKLLIQFQNNGVVDDSQLPKDRFSAERLKGVDSTLKIQPAKLEDSAVYLC;F;SGHAT;2;3FFC;100;FQNNGV;4;3FFC;100;EAGVAQSPRYKIIEKRQSVAFWCNPISGHATLYWYQQILGQGPKLLIQFQNNGVVDDSQLPKDRFSAERLKGVDSTLKIQPAKLEDSAVYLCASSFRALAADTQYFGKGTRLTVV
TRBV11-3*01;EAGVVQSPRYKIIEKKQPVAFWCNPISGHNTLYWYLQNLGQGPELLIRYENEEAVDDSQLPKDRFSAERLKGVDSTLKIQPAELGDSAVYLC;F;SGHNT;2;3FFC;89;YENEEA;4;3FFC;68;EAGVVQSPRYKIIEKKQPVAFWCNPISGHNTLYWYLQNLGQGPELLIRYENEEAVDDSQLPKDRFSAERLKGVDSTLKIQPAELGDSAVYLCASSFRALAADTQYFGKGTRLTVV
TRBV11-3*02;EAGVVQSPRYKIIEKKQPVAFWCNPISGHNTLYWYRQNLGQGPELLIRYENEEAVDDSQLPKDRFSAERLKGVDSTLKIQPAELGDSAVYLC;(F);SGHNT;2;3FFC;89;YENEEA;4;3FFC;68;EAGVVQSPRYKIIEKKQPVAFWCNPISGHNTLYWYRQNLGQGPELLIRYENEEAVDDSQLPKDRFSAERLKGVDSTLKIQPAELGDSAVYLCASSFRALAADTQYFGKGTRLTVV
TRBV11-3*03;EAGVVQSPRYKIIEKKQPVAFWCNPISGHNTLYWYLQNLGQGPELLIRYENEEAVDDSQLPKDRFSAERLKGVDSTLKIQPAELGDSAMYLC;(F);SGHNT;2;3FFC;89;YENEEA;4;3FFC;68;EAGVVQSPRYKIIEKKQPVAFWCNPISGHNTLYWYLQNLGQGPELLIRYENEEAVDDSQLPKDRFSAERLKGVDSTLKIQPAELGDSAMYLCASSFRALAADTQYFGKGTRLTVV
TRBV11-3*04;EAGVVQSPRYKIIEKKQPVAFWCNPISGHNTLYWYRQNLGQGPELLIRYENEEAVDDSQLPKDRFSAERLKGVDSTLKIQPAELGDSAVYLC;(F);SGHNT;2;3FFC;89;YENEEA;4;3FFC;68;EAGVVQSPRYKIIEKKQPVAFWCNPISGHNTLYWYRQNLGQGPELLIRYENEEAVDDSQLPKDRFSAERLKGVDSTLKIQPAELGDSAVYLCASSFRALAADTQYFGKGTRLTVV
TRBV12-1*01;DAGVIQSPRHKVTEMGQSVTLRCEPISGHNDLLWYRQTFVQGLELLNYFCSWTLVDDSGVSKD*FSAQMPDVSFSTLRIQPMEPRDLGLYFC;P;SGHND;0;0;0;FCSWTL;0;0;0;DAGVIQSPRHKVTEMGQSVTLRCEPISGHNDLLWYRQTFVQGLELLNYFCSWTLVDDSGVSKD*FSAQMPDVSFSTLRIQPMEPRDLGLYFCASSFRALAADTQYFGKGTRLTVV
TRBV12-2*01;DAGIIQSPKHEVTEMGQTVTLRCEPIFGHNFLFWYRDTFVQGLELLSYFRS*SIIDNAGMPTERFSAERPDGSFSTLKIQPAEQGDSAVYVC;P;FGHNF;0;0;0;FRS*SI;0;0;0;DAGIIQSPKHEVTEMGQTVTLRCEPIFGHNFLFWYRDTFVQGLELLSYFRS*SIIDNAGMPTERFSAERPDGSFSTLKIQPAEQGDSAVYVCASSFRALAADTQYFGKGTRLTVV
TRBV12-3*01;DAGVIQSPRHEVTEMGQEVTLRCKPISGHNSLFWYRQTMMRGLELLIYFNNNVPIDDSGMPEDRFSAKMPNASFSTLKIQPSEPRDSAVYFC;F;SGHNS;2;3UTP;78;FNNNVP;4;3UTP;100;DAGVIQSPRHEVTEMGQEVTLRCKPISGHNSLFWYRQTMMRGLELLIYFNNNVPIDDSGMPEDRFSAKMPNASFSTLKIQPSEPRDSAVYFCASSFRALAADTQYFGKGTRLTVV
TRBV12-4*01;DAGVIQSPRHEVTEMGQEVTLRCKPISGHDYLFWYRQTMMRGLELLIYFNNNVPIDDSGMPEDRFSAKMPNASFSTLKIQPSEPRDSAVYFC;F;SGHDY;2;3UTP;100;FNNNVP;4;3UTP;100;DAGVIQSPRHEVTEMGQEVTLRCKPISGHDYLFWYRQTMMRGLELLIYFNNNVPIDDSGMPEDRFSAKMPNASFSTLKIQPSEPRDSAVYFCASSFRALAADTQYFGKGTRLTVV
TRBV12-4*02;DAGVIQSPRHEVTEMGQEVTLRCKPISGHDYLFWYRQTMMRGLELLIYFNNNVPIDDSGMPEDRFSAKMPNASFSTLRIQPSEPRDSAVYFC;(F);SGHDY;2;3UTP;100;FNNNVP;4;3UTP;100;DAGVIQSPRHEVTEMGQEVTLRCKPISGHDYLFWYRQTMMRGLELLIYFNNNVPIDDSGMPEDRFSAKMPNASFSTLRIQPSEPRDSAVYFCASSFRALAADTQYFGKGTRLTVV
TRBV12-5*01;DARVTQTPRHKVTEMGQEVTMRCQPILGHNTVFWYRQTMMQGLELLAYFRNRAPLDDSGMPKDRFSAEMPDATLATLKIQPSEPRDSAVYFC;F;LGHNT;2;3UTP;44;FRNRAP;4;3UTP;74;DARVTQTPRHKVTEMGQEVTMRCQPILGHNTVFWYRQTMMQGLELLAYFRNRAPLDDSGMPKDRFSAEMPDATLATLKIQPSEPRDSAVYFCASSFRALAADTQYFGKGTRLTVV
TRBV13*01;AAGVIQSPRHLIKEKRETATLKCYPIPRHDTVYWYQQGPGQDPQFLISFYEKMQSDKGSIPDRFSAQQFSDYHSELNMSSLELGDSALYFC;F;PRHDT;2;3Q5Y;44;FYEKMQ;3;3Q5Y;56;AAGVIQSPRHLIKEKRETATLKCYPIPRHDTVYWYQQGPGQDPQFLISFYEKMQSDKGSIPDRFSAQQFSDYHSELNMSSLELGDSALYFCASSFRALAADTQYFGKGTRLTVV
TRBV13*02;AAGVIQSPRHLIREKRETATLKCYPIPRHDTVYWYQQGPGQDPQFFISFYEKMQSDKGSIPDRFSAQQFSDYHSELNMSSLELGDSALYFC;(F);PRHDT;2;3Q5Y;44;FYEKMQ;3;3Q5Y;56;AAGVIQSPRHLIREKRETATLKCYPIPRHDTVYWYQQGPGQDPQFFISFYEKMQSDKGSIPDRFSAQQFSDYHSELNMSSLELGDSALYFCASSFRALAADTQYFGKGTRLTVV
TRBV14*01;EAGVTQFPSHSVIEKGQTVTLRCDPISGHDNLYWYRRVMGKEIKFLLHFVKESKQDESGMPNNRFLAERTGGTYSTLKVQPAELEDSGVYFC;F;SGHDN;2;2ESV;100;FVKESK;4;2ESV;100;EAGVTQFPSHSVIEKGQTVTLRCDPISGHDNLYWYRRVMGKEIKFLLHFVKESKQDESGMPNNRFLAERTGGTYSTLKVQPAELEDSGVYFCASSFRALAADTQYFGKGTRLTVV
TRBV14*02;EAGVTQFPSHSVIEKGQTVTLRCDPISGHDNLYWYRRVMGKEIKFLLHFVKESKQDESGMPNNRFLAERTGGTYSTLKVQPAELEDSGVYFC;(F);SGHDN;2;2ESV;100;FVKESK;4;2ESV;100;EAGVTQFPSHSVIEKGQTVTLRCDPISGHDNLYWYRRVMGKEIKFLLHFVKESKQDESGMPNNRFLAERTGGTYSTLKVQPAELEDSGVYFCASSFRALAADTQYFGKGTRLTVV
TRBV15*01;DAMVIQNPRYQVTQFGKPVTLSCSQTLNHNVMYWYQQKSSQAPKLLFHYYDKDFNNEADTPDNFQSRRPNTSFCFLDIRSPGLGDTAMYLC;F;LNHNV;2;4OZF;11;YYDKDF;2;3HE7;39;DAMVIQNPRYQVTQFGKPVTLSCSQTLNHNVMYWYQQKSSQAPKLLFHYYDKDFNNEADTPDNFQSRRPNTSFCFLDIRSPGLGDTAMYLCASSFRALAADTQYFGKGTRLTVV
TRBV15*02;DAMVIQNPRYQVTQFGKPVTLSCSQTLNHNVMYWYQQKSSQAPKLLFHYYDKDFNNEADTPDNFQSRRPNTSFCFLDIRSPGLGDAAMYLC;F;LNHNV;2;4OZF;11;YYDKDF;3;4JRY;28;DAMVIQNPRYQVTQFGKPVTLSCSQTLNHNVMYWYQQKSSQAPKLLFHYYDKDFNNEADTPDNFQSRRPNTSFCFLDIRSPGLGDAAMYLCASSFRALAADTQYFGKGTRLTVV
TRBV15*03;DAMVIQNPRYRVTQFGKPVTLSCSQTLNHNVMYWYQQKSSQAPKLLFHYYNKDFNNEADTPDNFQSRRPNTSFCFLDIRSPGLGDAAMYQC;(F);LNHNV;2;4OZF;11;YYNKDF;3;4JRY;28;DAMVIQNPRYRVTQFGKPVTLSCSQTLNHNVMYWYQQKSSQAPKLLFHYYNKDFNNEADTPDNFQSRRPNTSFCFLDIRSPGLGDAAMYQCASSFRALAADTQYFGKGTRLTVV
TRBV16*01;GEEVAQTPKHLVRGEGQKAKLYCAPIKGHSYVFWYQQVLKNEFKFLISFQNENVFDETGMPKERFSAKCLPNSPCSLEIQATKLEDSAVYFC;F;KGHSY;2;3QJF;56;FQNENV;5;3QJF;42;GEEVAQTPKHLVRGEGQKAKLYCAPIKGHSYVFWYQQVLKNEFKFLISFQNENVFDETGMPKERFSAKCLPNSPCSLEIQATKLEDSAVYFCASSFRALAADTQYFGKGTRLTVV
TRBV16*02;GEEVAQTPKHLVRGEGQKAKLYCAPIKGHS*VFWYQQVLKNEFKFLISFQNENVFDETGMPKERFSAKCLPNSPCSLEIQATKLEDSAVYFC;P;KGHS*;0;0;0;FQNENV;0;0;0;GEEVAQTPKHLVRGEGQKAKLYCAPIKGHS*VFWYQQVLKNEFKFLISFQNENVFDETGMPKERFSAKCLPNSPCSLEIQATKLEDSAVYFCASSFRALAADTQYFGKGTRLTVV
TRBV16*03;GEEVAQTPKHLVRGEGQKAKLYCAPIKGHS*VFWYQQVLKNEFKFLVSFQNENVFDETGMPKERFSAKCLPNSPCSLEIQATKLEDSAVYFC;(F);KGHS*;0;0;0;FQNENV;0;0;0;GEEVAQTPKHLVRGEGQKAKLYCAPIKGHS*VFWYQQVLKNEFKFLVSFQNENVFDETGMPKERFSAKCLPNSPCSLEIQATKLEDSAVYFCASSFRALAADTQYFGKGTRLTVV
TRBV17*01;EPGVSQTPRHKVTNMGQEVILRCDPSSGHMFVHWYRQNLRQEMKLLISFQYQNIAVDSGMPKERFTAERPNGTSSTLKIHPAEPRDSAVYLY;ORF;SGHMF;2;4OZF;56;FQYQNI;4;4OZF;37;EPGVSQTPRHKVTNMGQEVILRCDPSSGHMFVHWYRQNLRQEMKLLISFQYQNIAVDSGMPKERFTAERPNGTSSTLKIHPAEPRDSAVYLYASSFRALAADTQYFGKGTRLTVV
TRBV17*02;EPGVSQTPRHKVTNMGQEVILRCDPSSGHMFVHWYRQNLRQEMKLLISFQYQNIAVDSGMPKERFTAERPNGTSSTLKIHPAEPRDSAVYLY;ORF;SGHMF;2;4OZF;56;FQYQNI;4;4OZF;37;EPGVSQTPRHKVTNMGQEVILRCDPSSGHMFVHWYRQNLRQEMKLLISFQYQNIAVDSGMPKERFTAERPNGTSSTLKIHPAEPRDSAVYLYASSFRALAADTQYFGKGTRLTVV
TRBV18*01;NAGVMQNPRHLVRRRGQEARLRCSPMKGHSHVYWYRQLPEEGLKFMVYLQKENIIDESGMPKERFSAEFPKEGPSILRIQQVVRGDSAAYFC;F;KGHSH;2;4OZF;33;LQKENI;4;4OZF;47;NAGVMQNPRHLVRRRGQEARLRCSPMKGHSHVYWYRQLPEEGLKFMVYLQKENIIDESGMPKERFSAEFPKEGPSILRIQQVVRGDSAAYFCASSFRALAADTQYFGKGTRLTVV
TRBV19*01;DGGITQSPKYLFRKEGQNVTLSCEQNLNHDAMYWYRQDPGQGLRLIYYSQIVNDFQKGDIAEGYSVSREKKESFPLTVTSAQKNPTAFYLC;F;LNHDA;1;2VLR;100;SQIVND;2;2VLR;100;DGGITQSPKYLFRKEGQNVTLSCEQNLNHDAMYWYRQDPGQGLRLIYYSQIVNDFQKGDIAEGYSVSREKKESFPLTVTSAQKNPTAFYLCASSFRALAADTQYFGKGTRLTVV
TRBV19*02;DGGITQSPKYLFRKEGQNVTLSCEQNLNHDAMYWYRQVPGQGLRLIYYSHIVNDFQKGDIAEGYSVSREKKESFPLTVTSAQKNPTAFYLC;F;LNHDA;1;2VLR;100;SHIVND;2;2VLR;94;DGGITQSPKYLFRKEGQNVTLSCEQNLNHDAMYWYRQVPGQGLRLIYYSHIVNDFQKGDIAEGYSVSREKKESFPLTVTSAQKNPTAFYLCASSFRALAADTQYFGKGTRLTVV
TRBV19*03;DGGITQSPKYLFRKEGQNVTLSCEQNLNHDAMYWYRQDPGQGLRLIYYSHIVNDFQKGDIAEGYSVSREKKESFPLTVTSAQKNPTAFYLC;(F);LNHDA;1;2VLR;100;SHIVND;2;2VLR;94;DGGITQSPKYLFRKEGQNVTLSCEQNLNHDAMYWYRQDPGQGLRLIYYSHIVNDFQKGDIAEGYSVSREKKESFPLTVTSAQKNPTAFYLCASSFRALAADTQYFGKGTRLTVV
TRBV20-1*01;GAVVSQHPSWVICKSGTSVKIECRSLDFQATTMFWYRQFPKQSLMLMATSNEGSKATYEQGVEKDKFLINHASLTLSTLTVTSAHPEDSSFYIC;F;DFQATT;3;3O4L;100;SNEGSKA;7;3O4L;100;GAVVSQHPSWVICKSGTSVKIECRSLDFQATTMFWYRQFPKQSLMLMATSNEGSKATYEQGVEKDKFLINHASLTLSTLTVTSAHPEDSSFYICASSFRALAADTQYFGKGTRLTVV
TRBV20-1*02;GAVVSQHPSRVICKSGTSVKIECRSLDFQATTMFWYRQFPKQSLMLMATSNEGSKATYEQGVEKDKFLINHASLTLSTLTVTSAHPEDSSFYIC;F;DFQATT;3;3O4L;100;SNEGSKA;7;3O4L;100;GAVVSQHPSRVICKSGTSVKIECRSLDFQATTMFWYRQFPKQSLMLMATSNEGSKATYEQGVEKDKFLINHASLTLSTLTVTSAHPEDSSFYICASSFRALAADTQYFGKGTRLTVV
TRBV20-1*03;GAVVSQHPSWVICKSGTSVKIECRSLDFQATTMFWYRQFPKQSLMLMATSNEGCKATYEQGVEKDKFLINHASLTLSTLTVTSAHPEDSSFYIC;(F);DFQATT;3;3O4L;100;SNEGCKA;7;3O4L;95;GAVVSQHPSWVICKSGTSVKIECRSLDFQATTMFWYRQFPKQSLMLMATSNEGCKATYEQGVEKDKFLINHASLTLSTLTVTSAHPEDSSFYICASSFRALAADTQYFGKGTRLTVV
TRBV20-1*04;GAVVSQHPSRVICKSGTSVKIECRSLDFQATTMFWYRQFPKKSLMLMATSNEGSKATYEQGVEKDKFLINHASLTLSTLTVTSAHPEDSSFYIC;(F);DFQATT;3;3O4L;100;SNEGSKA;7;3O4L;100;GAVVSQHPSRVICKSGTSVKIECRSLDFQATTMFWYRQFPKKSLMLMATSNEGSKATYEQGVEKDKFLINHASLTLSTLTVTSAHPEDSSFYICASSFRALAADTQYFGKGTRLTVV
TRBV20-1*05;GAVVSQHPSRVICKSGTSVKIECRSLDFQATTMFWYRQFPKKSLMLMATSNEGSKATYEQGVEKDKFLINHASLTLSTLTVTSAHPEDSSFYIC;(F);DFQATT;3;3O4L;100;SNEGSKA;7;3O4L;100;GAVVSQHPSRVICKSGTSVKIECRSLDFQATTMFWYRQFPKKSLMLMATSNEGSKATYEQGVEKDKFLINHASLTLSTLTVTSAHPEDSSFYICASSFRALAADTQYFGKGTRLTVV
TRBV20-1*06;GAVVSQHPSRVICKSGTSVKIECRSLDFQATTMFWYRQFPKKSLMLMATSNEGSKATYEQGVEKDKFLINHASLTLSTLTVTSAHPEDSSFYIC;(F);DFQATT;3;3O4L;100;SNEGSKA;7;3O4L;100;GAVVSQHPSRVICKSGTSVKIECRSLDFQATTMFWYRQFPKKSLMLMATSNEGSKATYEQGVEKDKFLINHASLTLSTLTVTSAHPEDSSFYICASSFRALAADTQYFGKGTRLTVV
TRBV20-1*07;GAVVSQHPSRVICKSGTSVKIECRSLDFQATTMFWYRQFPKKSLMQIATSNEGSKATYEQGVEKDKFLINHASLTLSTLTVTSAHPEDSSFYIC;(F);DFQATT;3;3O4L;100;SNEGSKA;7;3O4L;100;GAVVSQHPSRVICKSGTSVKIECRSLDFQATTMFWYRQFPKKSLMQIATSNEGSKATYEQGVEKDKFLINHASLTLSTLTVTSAHPEDSSFYICASSFRALAADTQYFGKGTRLTVV
TRBV20/OR9-2*01;SAVVSQHPSRVICKSGTSVNIECRSLDFQATTMFWYRQLRKQSLMLMATSNEGSEVTYEQGVKKDKFPINHPNLTFSALTVTSAHPEDSSFYIC;ORF;DFQATT;3;3O4L;100;SNEGSEV;7;3O4L;80;SAVVSQHPSRVICKSGTSVNIECRSLDFQATTMFWYRQLRKQSLMLMATSNEGSEVTYEQGVKKDKFPINHPNLTFSALTVTSAHPEDSSFYICASSFRALAADTQYFGKGTRLTVV
TRBV20/OR9-2*02;GAVVSQHPSRVICKSGTSVNIECRSLDFQATTMFWYRQLRKQSLMLMAASNEGSEVTYEQGVKKDKFPINHPNLTFSALTVTCAHPEDSSFYIC;ORF;DFQATT;3;3O4L;100;SNEGSEV;7;3O4L;75;GAVVSQHPSRVICKSGTSVNIECRSLDFQATTMFWYRQLRKQSLMLMAASNEGSEVTYEQGVKKDKFPINHPNLTFSALTVTCAHPEDSSFYICASSFRALAADTQYFGKGTRLTVV
TRBV20/OR9-2*03;SAVVSQHPSRVICKSGTSVNIECRSLDFQATTMFWYRQLRKQSLMLMAASNEGSEVTYEQGVKKDKFPINHPNLTFSALTVTSAHPEDSSFYIC;ORF;DFQATT;3;3O4L;100;SNEGSEV;7;3O4L;100;SAVVSQHPSRVICKSGTSVNIECRSLDFQATTMFWYRQLRKQSLMLMAASNEGSEVTYEQGVKKDKFPINHPNLTFSALTVTSAHPEDSSFYICASSFRALAADTQYFGKGTRLTVV
TRBV21/OR9-2*01;DTKVTQRPRFLVKANEQKAKMDCVPIKRHSYVYWYHKTLEEELKFFIYFQNEEIIQKAEIINERFSAQCPQNSPCTLEIQSTESGDTARYFC;P;KRHSY;2;3QJF;44;FQNEEI;5;3QJF;42;DTKVTQRPRFLVKANEQKAKMDCVPIKRHSYVYWYHKTLEEELKFFIYFQNEEIIQKAEIINERFSAQCPQNSPCTLEIQSTESGDTARYFCASSFRALAADTQYFGKGTRLTVV
TRBV23-1*01;HAKVTQTPGHLVKGKGQKTKMDCTPEKGHTFVYWYQQNQNKEFMLLISFQNEQVLQETEMHKKRFSSQCPKNAPCSLAILSSEPGDTALYLC;ORF;KGHTF;2;3QJF;67;FQNEQV;5;3QJF;58;HAKVTQTPGHLVKGKGQKTKMDCTPEKGHTFVYWYQQNQNKEFMLLISFQNEQVLQETEMHKKRFSSQCPKNAPCSLAILSSEPGDTALYLCASSFRALAADTQYFGKGTRLTVV
TRBV24-1*01;DADVTQTPRNRITKTGKRIMLECSQTKGHDRMYWYRQDPGLGLQLIYYSFDVKDINKGEISDGYSVSRQAQAKFSLSLESAIPNQTALYFC;F;KGHDR;1;3QEQ;44;SFDVKD;2;3QEQ;72;DADVTQTPRNRITKTGKRIMLECSQTKGHDRMYWYRQDPGLGLQLIYYSFDVKDINKGEISDGYSVSRQAQAKFSLSLESAIPNQTALYFCASSFRALAADTQYFGKGTRLTVV
TRBV24-1*02;DADVTQTPRNRITKTGKRIMLECSQTKGHDRMYWYRQDPGLGLRLIYYSFDVKDINKGEISDGYSVSRQAQAKFSLSLESAIPNQTALYFC;F;KGHDR;1;3QEQ;44;SFDVKD;2;3QEQ;72;DADVTQTPRNRITKTGKRIMLECSQTKGHDRMYWYRQDPGLGLRLIYYSFDVKDINKGEISDGYSVSRQAQAKFSLSLESAIPNQTALYFCASSFRALAADTQYFGKGTRLTVV
TBV24/OR9-2*01;DADVTQTPRNRITKTGKRIMLECSQTKGHDRMYWYRQDPGLGLQLIYYSFDVKDINKGEISDGYSVSRQAQAKFSLSLESAIPNQTALYFC;ORF;KGHDR;1;3QEQ;44;SFDVKD;2;3QEQ;72;DADVTQTPRNRITKTGKRIMLECSQTKGHDRMYWYRQDPGLGLQLIYYSFDVKDINKGEISDGYSVSRQAQAKFSLSLESAIPNQTALYFCASSFRALAADTQYFGKGTRLTVV
TRBV25-1*01;EADIYQTPRYLVIGTGKKITLECSQTMGHDKMYWYQQDPGMELHLIHYSYGVNSTEKGDLSSESTVSRIRTEHFPLTLESARPSHTSQYLC;F;MGHDK;1;3HUJ;100;SYGVNS;2;3HUJ;100;EADIYQTPRYLVIGTGKKITLECSQTMGHDKMYWYQQDPGMELHLIHYSYGVNSTEKGDLSSESTVSRIRTEHFPLTLESARPSHTSQYLCASSFRALAADTQYFGKGTRLTVV
TRBV26*01;DAVVTQFPRHRIIGTGKEFILQCSQNMNHVTMYWYRQDPGLGLKLVYYSPGTGSTEKGDISEGYHVS*NTIASFPLTLKSASTNQTSVYLY;P;MNHVT;0;0;0;SPGTGS;0;0;0;DAVVTQFPRHRIIGTGKEFILQCSQNMNHVTMYWYRQDPGLGLKLVYYSPGTGSTEKGDISEGYHVS*NTIASFPLTLKSASTNQTSVYLYASSFRALAADTQYFGKGTRLTVV
TRBV26/OR9-2*01;DAVVTQFSRHRIIGTGKEFILLCPQNMNHVAMYWYRQNPGLGLKLVYYSPGTGSIEKGDVSERYHVS*NTIASFLLTLKSASTNQTCVYLC;P;MNHVA;0;0;0;SPGTGS;0;0;0;DAVVTQFSRHRIIGTGKEFILLCPQNMNHVAMYWYRQNPGLGLKLVYYSPGTGSIEKGDVSERYHVS*NTIASFLLTLKSASTNQTCVYLCASSFRALAADTQYFGKGTRLTVV
TRBV26/OR9-2*01;DAVVTQFPRHRIIGTGKEFILLCPQNMNHVAMYWYRQNPGLGLKLVYYSPGTGSIEKGDVSERYHVS*NTIASFLLTLKSASTNQTCVYLC;P;MNHVA;0;0;0;SPGTGS;0;0;0;DAVVTQFPRHRIIGTGKEFILLCPQNMNHVAMYWYRQNPGLGLKLVYYSPGTGSIEKGDVSERYHVS*NTIASFLLTLKSASTNQTCVYLCASSFRALAADTQYFGKGTRLTVV
TRBV27*01;EAQVTQNPRYLITVTGKKLTVTCSQNMNHEYMSWYRQDPGLGLRQIYYSMNVEVTDKGDVPEGYKVSRKEKRNFPLILESPSPNQTSLYFC;F;MNHEY;1;3VXT;100;SMNVEV;2;3VXT;100;EAQVTQNPRYLITVTGKKLTVTCSQNMNHEYMSWYRQDPGLGLRQIYYSMNVEVTDKGDVPEGYKVSRKEKRNFPLILESPSPNQTSLYFCASSFRALAADTQYFGKGTRLTVV
TRBV28*01;DVKVTQSSRYLVKRTGEKVFLECVQDMDHENMFWYRQDPGLGLRLIYFSYDVKMKEKGDIPEGYSVSREKKERFSLILESASTNQTSMYLC;F;MDHEN;1;4EUP;100;SYDVKM;2;4EUP;100;DVKVTQSSRYLVKRTGEKVFLECVQDMDHENMFWYRQDPGLGLRLIYFSYDVKMKEKGDIPEGYSVSREKKERFSLILESASTNQTSMYLCASSFRALAADTQYFGKGTRLTVV
TRBV29-1*01;SAVISQKPSRDICQRGTSLTIQCQVDSQVTMMFWYRQQPGQSLTLIATANQGSEATYESGFVIDKFPISRPNLTFSTLTVSNMSPEDSSIYLC;F;SQVTM;2;4OZF;22;ANQGSEA;0;3O4L;60;SAVISQKPSRDICQRGTSLTIQCQVDSQVTMMFWYRQQPGQSLTLIATANQGSEATYESGFVIDKFPISRPNLTFSTLTVSNMSPEDSSIYLCASSFRALAADTQYFGKGTRLTVV
TRBV29-1*02;SAVISQKPSRDICQRGTSLTIQCQVDSQVTMMFWYRQQPGQSLTLIATANQGSEATYESGFVIDKFPISRPNLTFSSLTVSNMSPEDSSIYLC;(F);SQVTM;2;4OZF;22;ANQGSEA;0;3O4L;60;SAVISQKPSRDICQRGTSLTIQCQVDSQVTMMFWYRQQPGQSLTLIATANQGSEATYESGFVIDKFPISRPNLTFSSLTVSNMSPEDSSIYLCASSFRALAADTQYFGKGTRLTVV
TRBV29-1*03;SAVISQKPSRDICQRGTSLTIQCQVDSQVTMIFWYRQQPGQSLTLIATANQGSEATYESGFVIDKFPISRPNLTFSTLTVSNMSPEDSSIYLC;(F);SQVTM;2;4E41;22;ANQGSEA;0;3O4L;60;SAVISQKPSRDICQRGTSLTIQCQVDSQVTMIFWYRQQPGQSLTLIATANQGSEATYESGFVIDKFPISRPNLTFSTLTVSNMSPEDSSIYLCASSFRALAADTQYFGKGTRLTVV
TRBV/OR9-2*01;SAVISQKPSRDICQRGTSMMIQCQVDSQVTMMFWYCQQPGQSLTLIATANQGSEATYESRFVIDKFPISRPNLTFSTLTVSNRRPEDSSIYLC;ORF;SQVTM;2;4OZF;22;ANQGSEA;0;3O4L;55;SAVISQKPSRDICQRGTSMMIQCQVDSQVTMMFWYCQQPGQSLTLIATANQGSEATYESRFVIDKFPISRPNLTFSTLTVSNRRPEDSSIYLCASSFRALAADTQYFGKGTRLTVV
TRBV/OR9-2*02;SAVISQKPSRDICQRGTSMMIQCQVDSQVTMMFWYCQQPGQSVTLIATANQGSEATYESRFVIDKFPISRPNLTFSTLTVSNRRPEDSSIYLC;ORF;SQVTM;2;4OZF;22;ANQGSEA;0;3O4L;55;SAVISQKPSRDICQRGTSMMIQCQVDSQVTMMFWYCQQPGQSVTLIATANQGSEATYESRFVIDKFPISRPNLTFSTLTVSNRRPEDSSIYLCASSFRALAADTQYFGKGTRLTVV
TRBV30*01;SQTIHQWPATLVQPVGSPLSLECTVEGTSNPNLYWYRQAAGRGLQLLFYSVGIGQISSEVPQNLSASRPQDRQFILSSKKLLLSDSGFYLC;F;GTSNPN;4;3HG1;100;SVGIGQ;1;3HG1;100;SQTIHQWPATLVQPVGSPLSLECTVEGTSNPNLYWYRQAAGRGLQLLFYSVGIGQISSEVPQNLSASRPQDRQFILSSKKLLLSDSGFYLCASSFRALAADTQYFGKGTRLTVV
TRBV30*02;SQTIHQWPATLVQPVGSPLSLECTVEGTSNPNLYWYRQAAGRGLQLLFYSVGIGQISSEVPQNLSASRPQDRQFILSSKKLLLSDSGFYLC;F;GTSNPN;4;3HG1;100;SVGIGQ;1;3HG1;100;SQTIHQWPATLVQPVGSPLSLECTVEGTSNPNLYWYRQAAGRGLQLLFYSVGIGQISSEVPQNLSASRPQDRQFILSSKKLLLSDSGFYLCASSFRALAADTQYFGKGTRLTVV
TRBV30*03;SQTIHQWPATLVQPVGSPLSLECTVEGTSNPNLYWY*QAAGRGLQLLFYSVGIGQISSEVPQNLSASRSQDRQFILSSKKLLLSDSGFYLC;P;GTSNPN;0;0;0;SVGIGQ;0;0;0;SQTIHQWPATLVQPVGSPLSLECTVEGTSNPNLYWY*QAAGRGLQLLFYSVGIGQISSEVPQNLSASRSQDRQFILSSKKLLLSDSGFYLCASSFRALAADTQYFGKGTRLTVV
TRBV30*04;SQTIHQWPATLVQPVGSPLSLECTVEGTSNPNLYWYRQAAGRGLQLLFYSIGIDQISSEVPQNLSASRPQDRQFILSSKKLLLSDSGFYLC;(F);GTSNPN;4;3HG1;100;SIGIDQ;1;3HG1;88;SQTIHQWPATLVQPVGSPLSLECTVEGTSNPNLYWYRQAAGRGLQLLFYSIGIDQISSEVPQNLSASRPQDRQFILSSKKLLLSDSGFYLCASSFRALAADTQYFGKGTRLTVV
TRBV30*05;SQTIHQWPATLVQPVGSPLSLECTVEGTSNPNLYWYRQAAGRGLQLLFYSVGIGQISSEVPQNLSASRPQDRQFILSSKKLLLSDSGFYLC;(F);GTSNPN;4;3HG1;100;SVGIGQ;1;3HG1;100;SQTIHQWPATLVQPVGSPLSLECTVEGTSNPNLYWYRQAAGRGLQLLFYSVGIGQISSEVPQNLSASRPQDRQFILSSKKLLLSDSGFYLCASSFRALAADTQYFGKGTRLTVV
