CSARDRAYGNTIYF	TRBV20-1_01	GLCTLVAML:HLA-A_02:01
CASSYATGIGNYGYTF	TRBV06-5_01	NLVPMVATV:HLA-A_02:01
CASSRQGGQTTDTQYF	TRBV09_01	TPGPGVRYPL:HLA-B_42:01
CASSLSRRGPNYGYTF	TRBV27_01	GILGFVFTL:HLA-A_02:01
CAISESASGSNEQYF	TRBV10-3_01	ATDALMTGY:HLA-A_01:01
CASSIRSSYEQYF	TRBV19_01	GILGFVFTL:HLA-A_02:01
CASSVDKGGTDTQYF	TRBV09_01	IIKDYGKQM:HLA-B_42:01
CASSLVSAHEQYF	TRBV04-1_01	GILGFVFTL:HLA-A_02:01
CSAQPGQENIQYF	TRBV20-1_01	IPSINVHHY:HLA-B_35:01
CASSSLNTEAFF	TRBV27_01	RAKFKQLL:HLA-B_08:01
CASSLEAGATYNEQFF	TRBV11-2_01	GPGHKARVL:HLA-B_07:02
CASSLKGVGQSDEQYF	TRBV07-9_01	TPRVTGGGAM:HLA-B_07:02
CASSSRSAGELFF	TRBV19_01	GILGFVFTL:HLA-A_02:01
CAISTGDSNQPQHF	TRBV10-3_01	EPLPQGQLTAY:HLA-B_35:01
CASSRFFPGQGDHAKNIQYF	TRBV07-8_01	FLRGRAYGL:HLA-B_08:01
CASSFRDRGHYEQYF	TRBV07-9_01	TPRVTGGGAM:HLA-B_07:02
CASSPDRLQTQYF	TRBV07-9_01	SFHSLHLLF:HLA-A_24:02
CASSFDSGAYEQYF	TRBV11-2_01	ARMILMTHF:HLA-B_27
CASSTKVGGTGELFF	TRBV19_01	GILGFVFTL:HLA-A_02:01
CASSLDRGEQFF	TRBV07-9_01	KRWIILGLNK:HLA-B_27
CTRAYNQPQHF	TRBV07-2_03	KRWIILGLNK:HLA-B_27:05
CASILRDFSSGNTIYF	TRBV19_01	ATDALMTGY:HLA-A_01:01
CASSLPTALTGELFF	TRBV05-4_01	EIYKRWII:HLA-B_08
CAGNNRDSSTDTQYF	TRBV07-9_01	ATDALMTGY:HLA-A_01
CASSQGLAGGPRTDTQYF	TRBV04-1_01	RPHERNGFTVL:HLA-B_07:02
CSARDPSRGSGVMDEQFF	TRBV20-1_01	KRWIILGLNK:HLA-B_27
CASSLAPGATNEKLFF	TRBV07-6_01	NLVPMVATV:HLA-A_02:01
CASSYQTGAAYGYTF	TRBV06-5_01	NLVPMVATV:HLA-A_02:01
CASSIRASYEQYF	TRBV19_02	GILGFVFTL:HLA-A_02:01
CASSLDRNEQFF	TRBV07-9_01	KRWIILGLNK:HLA-B_27:05
CASSYLAGQGAPYSNQPQHF	TRBV06-2_01	FLKEKGGL:HLA-B_08
CASSHGMGASTSGYTF	TRBV04-1_01	LPPIVAKEI:HLA-B_42:01
CSARDRVGNGYTF	TRBV20-1_01	GLCTLVAML:HLA-A_02:01
CASSRTAGTYYNEQFF	TRBV27_01	SLYNTVATL:HLA-A_02
CASSSANYGYTF	TRBV19_01	NLVPMVATV:HLA-A_02:01
CASSIGSYGYTF	TRBV19_01	GILGFVFTL:HLA-A_02
CASSHRTGELFF	TRBV27_01	KRWIILGLNK:HLA-B_27:05
CASSFGGTGNQPQHF	TRBV12-3_01	NLVPMVATV:HLA-A_02:01
CASSDLNSPLHF	TRBV27_01	RAKFKQLL:HLA-B_08:01
CASSPLEAEAKNIQYF	TRBV11-2_01	ATDALMTGY:HLA-A_01:01
CASSQGAYGYTF	TRBV19_01	GILGFVFTL:HLA-A_02
CSARDRIGNGYTF	TRBV20-1_01	GLCTLVAML:HLA-A_02
CASRLQGINEKLFF	TRBV12-4_01	RPRGEVRFL:HLA-B_07:02
CASSRAGAYNEQFF	TRBV12-3_01	QIKVRVDMV:HLA-B_08:01
CASSMLGGGRDEQFF	TRBV07-8_01	VSFIEFVGW:HLA-B_57:01
CASILERGSSYNEQFF	TRBV07-2_01	IPSINVHHY:HLA-B_35:01
CASGYRDRGVAFF	TRBV05-1_01	GPGHKARVL:HLA-B_07:02
CASSGLSNQPQHF	TRBV19_01	GILGFVFTL:HLA-A_02:01
CASRLQGINEKLFF	TRBV12-3_01	RPRGEVRFL:HLA-B_07:02
CASSDRSSQPQHF	TRBV19_01	GILGFVFTL:HLA-A_02:01
CASSEGDTEAFF	TRBV25-1_01	KLVALGINAV:HLA-A_02
CASGQGQETQYF	TRBV25-1_01	KLVALGINAV:HLA-A_02
CASSRLAGGTGELFF	TRBV07-3_01	QIKVRVKMV:HLA-B_08:01
CSARSGVGNTIYF	TRBV20-1_01	GLCTLVAML:HLA-A_02:01
CASSLKGQVGEQYF	TRBV28_01	ARMILMTHF:HLA-B_27
CASSSPHRDSYSPLHF	TRBV18_01	KLVALGINAV:HLA-A_02
CASSLGANTIYF	TRBV12-3_01	TPQDLNTML:HLA-B_42:01
CASSPTGTGEAFF	TRBV05-6_01	MLNIPSINV:HLA-A_02
CASSLGPHDSTNYGYTF	TRBV28_01	MLNIPSINV:HLA-A_02
CSASRPLGGLSYEQYF	TRBV20-1_01	NEGVKAAW:HLA-B_44:03:08
CASSLRSNTGELFF	TRBV11-3_01	NLVPMVATV:HLA-A_02:01
CASSIDGTAYEQYF	TRBV19_01	GLCTLVAML:HLA-A_02:01
CASSQGSYEQYF	TRBV19_01	KLVALGINAV:HLA-A_02
CAISEWDIHSSGNTIYF	TRBV10-3_01	NLVPMVATV:HLA-A_02:01
CASGSGLANNEQFF	TRBV04-3_01	KRWIILGLNK:HLA-B_27:05
CASRTGGAYNEQFF	TRBV02_01	FLKEKGGL:HLA-B_08:01
CASSEASPGRSYGYTF	TRBV02_01	EIYKRWII:HLA-B_08
CASSHRGTGELFF	TRBV28_01	GILGFVFTL:HLA-A_02:01
CASSPGTDYYGYTF	TRBV07-9_01	NLVPMVATV:HLA-A_02:01
CASSLAPGTTNEKLFF	TRBV07-6_01	NLVPMVATV:HLA-A_02:01
CASSQVQGTSGGEQYF	TRBV04-2_01	RAKFKQLL:HLA-B_08:01
CSARDGTGNGYTF	TRBV20-1_01	GLCTLVAML:HLA-A_02:01
CASSYRGQLNEQFF	TRBV11-2_01	ATDALMTGY:HLA-A_01:01
CASSLAVEGVSRMNTEAFF	TRBV12-4_01	YVLDHLIVV:HLA-A_02:01
CASSLASWGNEKLFF	TRBV05-5_01	RPRGEVRFL:HLA-B_07:02
CASSQGQFGNEQFF	TRBV04-3_01	KRWIILGLNK:HLA-B_27:05
CASTAGQTTNFNEQFF	TRBV09_01	GLCTLVAML:HLA-A_02:01
CASSGDPEHGYNYGYTF	TRBV05-1_01	RPHERNGFTVL:HLA-B_07:02
CASSPTGAGNQPQHF	TRBV07-9_01	RAKFKQLL:HLA-B_08:01
CASSSSLGFGELFF	TRBV28_01	YVLDHLIVV:HLA-A_02:01
CATRIGWGTDTQYF	TRBV05-1_01	RPRGEVRFL:HLA-B_07:02
CASSPARNTEAFF	TRBV04-3_01	TPRVTGGGAM:HLA-B_07:02
CASSKGAAITVGLETQYF	TRBV02_01	RPHERNGFTVL:HLA-B_07:02
CASSDSGTDTQYF	TRBV06-4_01	LLWNGPMAV:HLA-A_02
CASSYSTGTHLEQYF	TRBV06-5_01	NLVPMVATV:HLA-A_02:01
CASSMIQGADTQYF	TRBV19_01	TPQDLNTML:HLA-B_42
CASSLSAGAPGAEAFF	TRBV27_01	NLVPMVATV:HLA-A_02
CASSLVGQLETQYF	TRBV11-2_01	ATDALMTGY:HLA-A_01:01
CASSSTGPGNSPLHF	TRBV07-9_01	RAKFKQLL:HLA-B_08:01
CASSPVTGGIYGYTF	TRBV06-5_01	NLVPMVATV:HLA-A_02:01:98
CASSLIFPSGEQYF	TRBV27_01	GILGFVFTL:HLA-A_02:01
CASSARSGELFF	TRBV09_01	HPVGDADYFEY:HLA-B_35:08:01
CASSLGTSSYEQYF	TRBV04-3_01	KRWIILGLNK:HLA-B_27:05
CATGRGGKIGEQYF	TRBV15_01	NLVPMVATV:HLA-A_02:01
CATATGTGSNTEAFF	TRBV24-1_01	RPPIFIRRL:HLA-B_07:02
CASSPQRGFYEQYF	TRBV05-6_01	RLRPGGKKK:HLA-A_03:01
CASSLERETEAFF	TRBV13_01	RLRPGGKKR:HLA-A_03:01
CASSPQRNTEAFF	TRBV04-3_01	RPHERNGFTVL:HLA-B_07:02
CASSLGDLYTGELFF	TRBV07-9_01	FLKEKGGL:HLA-B_08
CASSSSFPGGGNEQFF	TRBV07-2_01	NLVPMVATV:HLA-A_02:01
CASSPRGREETQYF	TRBV18_01	FPQGEAREL:HLA-B_07:02
CSVPITVQETQYF	TRBV29-1_01	GLCTLVAML:HLA-A_02:01
CASSPPRLRDIQYF	TRBV18_01	SFHSLHLLF:HLA-A_24:02
CASSSANYGYTF	TRBV12-4_01	NLVPMVATV:HLA-A_02:01
CASRPDRSHEQYF	TRBV07-9_01	SFHSLHLLF:HLA-A_24:02
CASSPDLGSTEAFF	TRBV11-3_01	IPSINVHHY:HLA-B_35:01
CASSSSSQEQFF	TRBV07-8_01	KRWIILGLNK:HLA-B_27:05
CATGLAGGNEQFF	TRBV15_01	LLWNGPMAV:HLA-A_02
CASRVGTGNLYEQYF	TRBV27_01	TPRVTGGGAM:HLA-B_07:02
CSATLNWGFF	TRBV20-1_01	NEGVKAAW:HLA-B_44:03:08
CSVGSGGTNERLFF	TRBV29-1_01	GLCTLVAML:HLA-A_02:01
CASSQDFRGGYEQYF	TRBV04-1_01	GLCTLVAML:HLA-A_02:01
CASSLAAGLNLKNIQYF	TRBV07-8_01	GLCTLVAML:HLA-A_02:01
CASSQHDRGFSTEAFF	TRBV07-9_01	TPRVTGGGAM:HLA-B_07:02
CASSIRSAYEQYF	TRBV19_01	GILGFVFTL:HLA-A_02:01
CSARLGVGNTIYF	TRBV20-1_01	GLCTLVAML:HLA-A_02
CASSIRASYEQYF	TRBV19_02	GILGFVFTL:HLA-A_02:01
CASSIRSAYEQYF	TRBV19_01	GILGFVFTL:HLA-A_02:01
CSARDRVGNTIYF	TRBV20-1_01	GLCTLVAML:HLA-A_02
CASSFQGYTEAFF	TRBV28_01	NLVPMVATV:HLA-A_02:01
CASNQETQYF	TRBV05-1_01	FLRGRAYGL:HLA-B_08:01
CASSLRQGIDTGELFF	TRBV07-9_01	TPRVTGGGAM:HLA-B_07:02
CAISEFGLAGSDEQFF	TRBV10-3_01	ELRRKMMYM:HLA-B_08:01
CASSLALGVAKNIQYF	TRBV07-9_01	TPRVTGGGAM:HLA-B_07:02
CASSQALPYEQYF	TRBV12-4_01	NLVPMVATV:HLA-A_02
CASSIGVYGYTF	TRBV19_01	GILGFVFTL:HLA-A_02:01
CASSYQTGTGNYGYTF	TRBV13_01	NLVPMVATV:HLA-A_02
CASSCQTGAACGYTF	TRBV06-5_01	NLVPMVATV:HLA-A_02:01
CASSLAPGATNEKLFF	TRBV07-6_01	NLVPMVATV:HLA-A_02:01
CASSSANYGYTF	TRBV19_01	NLVPMVATV:HLA-A_02:01
CSASGGALSSYNEQFF	TRBV20-1_01	NEGVKAAW:HLA-B_44:03:08
CASSPRQGGKQPQHF	TRBV18_01	NLVPMVATV:HLA-A_02:01
CASSPTSGVAGELFF	TRBV04-3_01	NLVPMVATV:HLA-A_02:01
CASSQTQLWETQYF	TRBV07-2_01	NLVPMVATV:HLA-A_02
CASRPGQGSHEQFF	TRBV06-5_01	KRWIILGLNK:HLA-B_27:05
CASIPDREKTQYF	TRBV07-9_01	SFHSLHLLF:HLA-A_24:02
CASSPETGIGGQPQHF	TRBV07-2_01	NLSALGIFST:HLA-A_02
CASSLWGERLNTEAFF	TRBV27_01	RLRPGGKKK:HLA-A_03:01
CASSFTSGSYGSSYNEQFF	TRBV05-1_01	NEGVKAAW:HLA-B_44:03:08
CASSTGNYGYTF	TRBV19_01	GILGFVFTL:HLA-A_02:01
CASSPGSLYYGYTF	TRBV12-4_01	NLVPMVATV:HLA-A_02
CASSPGVFGVTQYF	TRBV04-3_01	KRWIILGLNK:HLA-B_27:05
CAWSEPQNLPSLYGYTF	TRBV30_01	FPTKDVAL:HLA-B_35:08
CATSSPGTSGRHNEQFF	TRBV15_01	TPGPGVRYPL:HLA-B_07:02
CATSEAASSWTGELFF	TRBV24-1_01	RPRGEVRFL:HLA-B_07:02
CASSPGRLGNEQYF	TRBV04-3_01	KRWIILGLNK:HLA-B_27:05
CASIPDREGNIQYF	TRBV07-9_01	SFHSLHLLF:HLA-A_24:02
CASSLLRDSPTDTQYF	TRBV06-2_01	YSEHPTFTSQY:HLA-A_01:01
CASSFTTMGNQPQHF	TRBV27_01	ATDALMTGY:HLA-A_01:01
CASSPSRNTEAFF	TRBV04-3_01	RPHERNGFTVL:HLA-B_07:02
CASSQVLRVLSYNEQFF	TRBV04-3_01	YSEHPTFTSQY:HLA-A_01:01
CASSPTGAGNQPQHF	TRBV07-9_01	RAKFKQLL:HLA-B_08:01
CASSLAAGGDEQYF	TRBV05-1_01	FLGKIWPSHK:HLA-A_02:01
CASSFEPGQGFYSNQPQHF	TRBV13_01	FLKEMGGL:HLA-B_08
CASSQKGLDTEAFF	TRBV03-1_01	TPRVTGGGAM:HLA-B_07:02
CASSGVGYQPQHF	TRBV19_01	SLYNTVATL:HLA-A_02:01
CASSQGVLAYEQYF	TRBV04-3_01	KRWIILGLNK:HLA-B_27
CSARDQTGNGYTF	TRBV20-1_01	GLCTLVAML:HLA-A_02:01
CASSLVGTGGSYEQYF	TRBV07-9_01	NLVPMVATV:HLA-A_02:01
CASSIRSSYEQYF	TRBV19_01	GILGFVFTL:HLA-A_02:01
CASSSPGDYTYEQYF	TRBV11-2_01	YVLDHLIVV:HLA-A_02:01
CASKLGPAAYEQYF	TRBV27_01	TPRVTGGGAM:HLA-B_07:02
CASSLLGHPSGELFF	TRBV07-2_01	RAKFKQLL:HLA-B_08:01
CSARDRVGNTIYF	TRBV20-1_01	GLCTLVAML:HLA-A_02
CASRSGAEAFF	TRBV19_01	GILGFVFTL:HLA-A_02
CASSYGGGEDYGYTF	TRBV13_01	NLVPMVATV:HLA-A_02:01
CASSSHRGEGAFF	TRBV07-9_01	GILGFVFTL:HLA-A_02:01
CSVGTGGTNEKLFF	TRBV29-1_01	GLCTLVAML:HLA-A_02
CASSQSPGGTQYF	TRBV14_01	GLCTLVAML:HLA-A_02:01
CASREDGGGYEQYF	TRBV05-1_01	ARMILMTHF:HLA-B_27
CAISETDKLGFF	TRBV10-3_01	HSKKKCDEL:HLA-B_08:01
CATSEAASSWTGELFF	TRBV24-1_01	RPRGEVRFL:HLA-B_07:02
CASSIAEREAFF	TRBV19_01	GPGHKARVL:HLA-B_07:02
CASSPQRNTEAFF	TRBV04-3_01	RPHERNGFTVL:HLA-B_07:02
CASSFSSLGEQFF	TRBV12-3_01	KRWIIMGLNK:HLA-B_27:05
CASSLSGRGATEAFF	TRBV27_01	EIYKRWII:HLA-B_08
CASNGQGARDGYTF	TRBV06-6_01	IPSINVHHY:HLA-B_35:01
CASSIRAAETQYF	TRBV19_01	GILGFVFTL:HLA-A_02
CASSPYPRGGTGELFF	TRBV11-2_01	KLVALGINAV:HLA-A_02
CAISTGDSNQPQHF	TRBV10-3_01	EPLPQGQLTAY:HLA-B_35:01
CASSSGTVNTGELFF	TRBV09_01	ATDALMTGY:HLA-A_01:01
CASSRRDATRFAETQYF	TRBV11-3_01	NLVPMVATV:HLA-A_02:01
CASSFSGGAPGELFF	TRBV27_01	NLVPMVATV:HLA-A_02:01
CASSSRSSYEQYF	TRBV19_01	GILGFVFTL:HLA-A_02
CSARDRGRALNEQFF	TRBV20-1_01	FLKEKGGL:HLA-B_08
CAISEGTVGFDEQYF	TRBV10-3_01	ATDALMTGY:HLA-A_01:01
CASSLSAHAGDTQYF	TRBV27_01	NEGVKAAW:HLA-B_44:03:08
CASSLVAGYGSYNEQFF	TRBV07-6_01	FPTKDVAL:HLA-B_35:08
CASSSFGPSNQPQHF	TRBV07-2_01	KRWIIMGLNK:HLA-B_27:05
CSARDGTGNGYTF	TRBV20-1_01	GLCTLVAML:HLA-A_02:01
CASSGDRNQPQHF	TRBV02_01	KLSALGINAV:HLA-A_02:01
CASSPRQGGTGELFF	TRBV05-1_01	HSKKKCDEL:HLA-B_08:01
CASSSMVAGEYEQFF	TRBV12-3_01	RAKFKQLL:HLA-B_08:01
CASSPTRNTEAFF	TRBV04-3_01	RPHERNGFTVL:HLA-B_07:02
CASRVGAGNTEAFF	TRBV27_01	TPRVTGGGAM:HLA-B_07:02
CSVGGTFYGYTF	TRBV29-1_01	GLCTLVAML:HLA-A_02:01
CASSLSFGTEAFF	TRBV06-4_01	ELAGIGILTV:HLA-A_02:01:48
CASSLGVDFNYGYTF	TRBV05-6_01	YSEHPTFTSQY:HLA-A_01:01
CASSVAAGLSHEQFF	TRBV09_01	GPGHKARVL:HLA-B_07:02
CASSSGQLTNTEAFF	TRBV09_01	GLCTLVAML:HLA-A_02:01
CASSAVAGAPLEQYF	TRBV27_01	NLVPMVATV:HLA-A_02:01
CASSLIYPGELFF	TRBV27_01	GILGFVFTL:HLA-A_02
CASRKTGGGEAFF	TRBV07-3_01	RPRGEVRFL:HLA-B_07:02
CASSLRDGSEAFF	TRBV05-6_01	RAKFKQLL:HLA-B_08:01
CSARGQGDEQYF	TRBV20-1_01	GLCTLVAML:HLA-A_02:01
CAIRTGGDEQFF	TRBV10-3_01	HSKKKCDEL:HLA-B_08:01
CASSQAREQFF	TRBV03-1_01	KRWIILGLNK:HLA-B_27:05
CASSLAPGATNEKLFF	TRBV07-6_01	NLVPMVATV:HLA-A_02:01
CASSTPGGGQDTQYF	TRBV28_01	KRWIIMGLNK:HLA-B_27:05
CASSAETGPNEKLFF	TRBV28_01	IPSINVHHY:HLA-B_35:01
CATTQYGTDTQYF	TRBV15_01	RAKFKQLL:HLA-B_08:01
CASSSLPGGTEAFF	TRBV06-2_01	NLVPMVATV:HLA-A_02:01
CASRDYEQYF	TRBV06-2_01	GPGHKARVL:HLA-B_07:02
CASRSGDTNTGELFF	TRBV02_01	ATDALMTGY:HLA-A_01:01
CASSPLDNWEQFF	TRBV18_01	NLSALGIFST:HLA-A_02
CASSLYGEQYF	TRBV07-2_01	KRWIIMGLNK:HLA-B_27:05
CASSLEIFGGIADTDTQYF	TRBV11-2_01	KIFGSLAFL:HLA-A_02
CASSRYHTDTQYF	TRBV19_01	GILGFVFTL:HLA-A_02:01
CASSLGQAYEQYF	TRBV07-8_01	FLRGRAYGL:HLA-B_08:01
CASSFFLSRERDEQFF	TRBV28_01	RLRPGGKKK:HLA-A_03:01
CSVGTGGTNEKLFF	TRBV29-1_01	GLCTLVAML:HLA-A_02:01
CSSQEGGYGYTF	TRBV29-1_01	GLCTLVAML:HLA-A_02:01
CSARLRKLSGNTIYF	TRBV20-1_01	GLCTLVAML:HLA-A_02:01
CSARQGLNNEQFF	TRBV20-1_01	KRWIILGLNK:HLA-B_27:05
CASSYSPLNTEAFF	TRBV06-2_01	TPRVTGGGAM:HLA-B_07:02
CSVGTGGTNEKLFF	TRBV29-1_01	GLCTLVAML:HLA-A_02
CASSPGTAPNEKLFF	TRBV28_01	IPSINVHHY:HLA-B_35:01
CASRTGTGAFYEQYF	TRBV06-2_01	GILGFVFTL:HLA-A_02:01
CSVEYSPTLYNEQFF	TRBV29-1_01	GLCTLVAML:HLA-A_02:01
CASSLGLAGGEETQYF	TRBV07-8_01	ATDALMTGY:HLA-A_01:01
CASSGLSNQPQHF	TRBV19_01	GILGFVFTL:HLA-A_02:01
CASSKGSVAPGELFF	TRBV02_01	GLCTLVAML:HLA-A_02:01
CASSGRSADTQYF	TRBV19_01	GILGFVFTL:HLA-A_02:01
CATSRLDITPNSPLHF	TRBV15_01	GPGHKARVL:HLA-B_07:02
CASSSGTIGANVLTF	TRBV27_01	ATDALMTGY:HLA-A_01:01
CASSLEGSYEQYF	TRBV28_01	RAKFKQLL:HLA-B_08:01
CASSIGGTGGIPQHF	TRBV19_01	NLVPMVATV:HLA-A_02:01
CASSWGPEAFF	TRBV07-9_01	FLRGRAYGL:HLA-B_08:01
CSARDGTGNGYTF	TRBV20-1_01	GLCTLVAML:HLA-A_02:01
CASSIDGAGNQPQHF	TRBV19_01	SLYNTVATL:HLA-A_02:01
CASSWDSQSSGNSIYF	TRBV05-1_01	VLEETSVML:HLA-A_02
CASSTYSQDTQYF	TRBV19_01	GILGFVFTL:HLA-A_02
CASSTKQGWYEQYF	TRBV19_01	ARMILMTHF:HLA-B_27
CASSLTLLGNNEQYF	TRBV07-3_01	RAKFKQLL:HLA-B_08:01
CASSYGQAYQPQHF	TRBV06-1_01	ARMILMTHF:HLA-B_27
CASSQGLQGSEQFF	TRBV04-3_01	KRWIILGLNK:HLA-B_27:05
CASSQVRGRGEQYF	TRBV03-1_01	RAKFKQLL:HLA-B_08:01
CASSYLGDSTNSPLHF	TRBV07-9_01	RAKFKQLL:HLA-B_08:01
CSVPFEGGTLETQYF	TRBV29-1_01	GLCTLVAML:HLA-A_02:01
CASGDRQNSPLHF	TRBV28_01	KRWIILGLNK:HLA-B_27:05
CASSFEAGQGFFSNQPQHF	TRBV13_01	FLKETGGL:HLA-B_08
CAISESGSPEQYF	TRBV10-3_01	YSEHPTFTSQY:HLA-A_01:01
CASSLDSQSSGNTIYF	TRBV05-1_01	VLEETSVML:HLA-A_02:01
CAISEDRALVSYTF	TRBV10-3_01	ATDALMTGY:HLA-A_01:01
CASSLAPGATNEKLFF	TRBV07-6_01	NLVPMVATV:HLA-A_02:01
CASSTSDTQYF	TRBV25-1_01	GLCTLVAML:HLA-A_02:01
CASRLPGGYNEQFF	TRBV28_01	EPLPQGQLTAY:HLA-B_35:01
CSVGTGGTNEKLFF	TRBV29-1_01	GLCTLVAML:HLA-A_02
CASREGLGGTEAFF	TRBV06-5_01	KRWIILGLNK:HLA-B_27:05:31
CATRIGWGTDTQYF	TRBV05-1_01	RPRGEVRFL:HLA-B_07:02
CASSLERSSEQYF	TRBV07-6_01	FPRPWLHGL:HLA-B_42:01
CASSPSGQLETQYF	TRBV11-2_01	ATDALMTGY:HLA-A_01:01
CASSHVGGYEQYF	TRBV04-1_01	GLCTLVAML:HLA-A_02:01
CAIRTRTGESYTF	TRBV10-3_01	HSKKKCDEL:HLA-B_08:01
CASSSDRSWTDEAFF	TRBV11-2_01	NEGVKAAW:HLA-B_44:03:08
CASSYRGQSYEQYF	TRBV28_01	TLNAWVKVV:HLA-A_02:01
CASSQEEGRVDGYTF	TRBV04-3_01	NLVPMVATV:HLA-A_02:01
CASSIAGGGEDTQYF	TRBV12-4_01	KRWIILGLNK:HLA-B_27
CASSQAQGMGNSPLHF	TRBV04-2_01	RAKFKQLL:HLA-B_08:01
CASSVASGTDTQYF	TRBV09_01	FLRGRAYGL:HLA-B_08:01
CSVEGMRDYGYTF	TRBV29-1_01	IIKDYGKQM:HLA-B_42:01
CASSLLPYNALVSGTDTQYF	TRBV03-1_01	TPRVTGGGAM:HLA-B_07:02
CAISERHLTDTQYF	TRBV10-3_01	HSKKKCDEL:HLA-B_08:01
CASSLIGEGTGWHQYF	TRBV07-9_01	TPRVTGGGAM:HLA-B_07
CASSIRSAYEQYF	TRBV19_01	GILGFVFTL:HLA-A_02:01
CASSPSTGVTFYGYTF	TRBV06-5_01	NLVPMVATV:HLA-A_02:01
CASRYTGQETYEQYF	TRBV12-3_01	RAKFKQLL:HLA-B_08:01
CASSPTRNTEAFF	TRBV04-3_01	TPRVTGGGAM:HLA-B_07:02
CASSYSTGVPGELFF	TRBV06-5_01	NLVPMVATV:HLA-A_02:01
CASSEGRVLSGELFF	TRBV02_01	GLCTLVAML:HLA-A_02:01
CASSQSPGGTQYF	TRBV14_01	GLCTLVAML:HLA-A_02:01
CATSDDGTPNNEQFF	TRBV24-1_01	RLRPGGRKR:HLA-A_03:01
CASSVLAGDTQYF	TRBV07-2_01	RAKFKQLL:HLA-B_08:01
CSARQGQGFLYEQYF	TRBV20-1_01	NLSALGIFST:HLA-A_02
CSVSAGEEDTQYF	TRBV29-1_01	RAKFKQLL:HLA-B_08:01
CASSLYSGADQPQHF	TRBV07-2_01	FPRPWLHGL:HLA-B_42:01
CASSIRSSYEQYF	TRBV19_01	GILGFVFTL:HLA-A_02
CASSLDSQSSGNTIYF	TRBV05-1_01	VLEETSVML:HLA-A_02:01
CSVGSSGTNEKLFF	TRBV29-1_01	GLCTLVAML:HLA-A_02
CASSPLAVGKETQYF	TRBV02_01	EIYKRWII:HLA-B_08
CASSQDGVYTQYF	TRBV04-1_01	GPGHKARVL:HLA-B_07:02
CSARDGTGNGYTF	TRBV20-1_01	GLCTLVAML:HLA-A_02:01
CASSLDSGFLEQYF	TRBV11-2_01	GLNKIVRMY:HLA-B_15
CASSQSPGGTQYF	TRBV14_01	GLCTLVAML:HLA-A_02:01
CASSYSPPIPGQGIDEQYF	TRBV06-5_01	YSEHPTFTSQY:HLA-A_01:01
CASSRPGQGGYEQYF	TRBV27_01	NLVPMVATV:HLA-A_02:01
CASSVLAGLGNEQFF	TRBV02_01	FLKEKGGL:HLA-B_08
CASSPGQFGNTIYF	TRBV04-3_01	KRWIILGLNK:HLA-B_27:05
CASSRLAGGTGELFF	TRBV07-3_01	QIKVRVKMV:HLA-B_08:01
CASSIRSSYEQYF	TRBV19_01	GILGFVFTL:HLA-A_02:01
CATSDRGQGANWDEQFF	TRBV24-1_01	NLSALGIFST:HLA-A_02
CASSQETGSYEQFF	TRBV04-1_01	RAKFKQLL:HLA-B_08:01
CASSWDSQSSGNSIYF	TRBV05-1_01	VLEETSVML:HLA-A_02
CASSYWQGELFF	TRBV06-2_01	KLVALGINAV:HLA-A_02
CSARVGVGNTIYF	TRBV20-1_01	GLCTLVAML:HLA-A_02:01
CASSFQGSNEKLFF	TRBV28_01	RAKFKQLL:HLA-B_08:01
CASSPLTDTQYF	TRBV27_01	RAKFKQLL:HLA-B_08:01
CASSLGRETQYF	TRBV28_01	LPRRSGAAGA:HLA-B_07:02
CASSIRSSYEQYF	TRBV19_01	GILGFVFTL:HLA-A_02:01
CASSSHVGGGGASIDTQYF	TRBV11-2_01	ATDALMTGY:HLA-A_01:01
CASSARSGELFF	TRBV09_01	HPVGEADYFEY:HLA-B_35:08
CASSIDLRGYQNIQYF	TRBV19_01	EPLPQGQLTAY:HLA-B_35:01
CASSEALLGRANYGYTF	TRBV02_01	NLVPMVATV:HLA-A_02:01
CATSREPGSIVNEQFF	TRBV15_01	GPGHKARVL:HLA-B_07:02
CASSRRGRDDEKLFF	TRBV11-2_01	HSKKKCDEL:HLA-B_08:01
CASSPGLAGVYEQYF	TRBV12-3_01	CTELKLSDY:HLA-A_01:01
CAISHTGELFF	TRBV10-3_01	KRWIILGLNK:HLA-B_27:05
CASSQDGAGGLGEQFF	TRBV04-2_01	GLCTLVAML:HLA-A_02:01
CASSGNTGELFF	TRBV27_01	KRWIILGLNK:HLA-B_27:05
CASSLSAGQGMTDTQYF	TRBV11-2_01	KRWIILGLNK:HLA-B_27:05
CASSSAYYGYTF	TRBV12-4_01	NLVPMVATV:HLA-A_02:01
CASSDTPQPFSSGYTF	TRBV06-4_01	EPLPQGQLTAY:HLA-B_35:01
CASSQSPGGTQYF	TRBV14_01	GLCTLVAML:HLA-A_02:01
CASSQETQYF	TRBV25-1_01	KLVALGINAV:HLA-A_02
CASSIRSSYEQYF	TRBV19_02	GILGFVFTL:HLA-A_02:01
CASSLRQGANTGELFF	TRBV07-9_01	TPRVTGGGAM:HLA-B_07:02
CASSIRSSYEQYF	TRBV19_01	GILGFVFTL:HLA-A_02:01
CASSFLGLNEQFF	TRBV06-1_01	NLVPMVATV:HLA-A_02
CASSLLLARETQYF	TRBV28_01	GILGFVFTL:HLA-A_02
CASSVGELAGGIDTQYF	TRBV09_01	GLCTLVAML:HLA-A_02:01
CASSLAQSREQYF	TRBV07-9_01	LPPIVAKEI:HLA-B_42:01
CASSEDKGGGDTQYF	TRBV09_01	IIKDYGKQM:HLA-B_42:01
CASSPSGQLDEQFF	TRBV07-3_01	ATDALMTGY:HLA-A_01:01
CASRATMGGGTEAFF	TRBV28_01	YVLDHLIVV:HLA-A_02:01
CASSIRSSYEQYF	TRBV19_01	GILGFVFTL:HLA-A_02:01
CASSPGTGSYEQYF	TRBV05-1_01	RAKFKQLL:HLA-B_08:01
CATRIGWGTDTQYF	TRBV05-5_01	RPRGEVRFL:HLA-B_07:02
CASSLRDGSEAFF	TRBV05-6_01	RAKFKQLL:HLA-B_08:01
CASSYVTPDYGYTF	TRBV06-1_01	SLYNTVATL:HLA-A_02:01
CASSVDKGGADEQFF	TRBV09_01	IIKDYGKQM:HLA-B_42:01
CASSLGLNTIYF	TRBV12-3_01	TPQDLNTML:HLA-B_42:01
CSARTLEGILTTGETQYF	TRBV20-1_01	KRWIILGLNK:HLA-B_27:05
CASRLGLGYEQYF	TRBV12-3_01	NLVPMVATV:HLA-A_02:01
CSVGTGGTNEKLFF	TRBV29-1_01	GLCTLVAML:HLA-A_02:01
CASSLTAGARVWQFF	TRBV07-2_01	EIYKRWII:HLA-B_08
CASSQGQGIALYGYTF	TRBV27_01	FLKEKGGL:HLA-B_08
CASPGLAGEYEQYF	TRBV06-1_01	LPEPLPQGQLGAY:HLA-B_35:08
CASSTASYEQYF	TRBV28_01	LLLGIGILV:HLA-A_02
CASSPQTGAIYGYTF	TRBV06-5_01	NLVPMVATV:HLA-A_02:01
CASSIALSDNYGYTF	TRBV19_01	KLVALGINAV:HLA-A_02
CAPLKGSSYEQYF	TRBV19_01	GILGFVFTL:HLA-A_02:01
CASSLRGGNTDTQYF	TRBV28_01	KRWIILGLNK:HLA-B_27:05
CASSLRGRGDQPQHF	TRBV11-2_01	HSKKKCDEL:HLA-B_08:01
CASSIRSAYEQYF	TRBV19_01	GILGFVFTL:HLA-A_02:01
CSVGSGGTNEKLFF	TRBV29-1_01	GLCTLVAML:HLA-A_02:01
CSARSETGNTIYF	TRBV20-1_01	GLCTLVAML:HLA-A_02:01
CASSLVTGTGKYGYTF	TRBV06-5_01	NLVPMVATV:HLA-A_02:01
CASLSGGAFYHTGELFF	TRBV05-1_01	SLYNTVATL:HLA-A_02:01
CSVELASGTYEQYF	TRBV29-1_01	GILGFVFTL:HLA-A_02:01
CSVGGAYEQYF	TRBV29-1_01	RPPIFIRRL:HLA-B_07:02
CASSGRSADTQYF	TRBV19_01	GILGFVFTL:HLA-A_02:01
CSASSRGRVDEQFF	TRBV20-1_01	TPGPGVRYPL:HLA-B_07:02
CASSSRRRGMNTEAFF	TRBV28_01	TPQDLNTML:HLA-B_42:01
CASSWGGGSHYGYTF	TRBV11-2_01	IVTDFSVIK:HLA-A_11:01
CASTTEGGLIHEKLFF	TRBV28_01	YVLDHLIVV:HLA-A_02:01
CAISDSSSGSNEQFF	TRBV10-3_01	ATDALMTGY:HLA-A_01:01
CAISTGDSNQPQHF	TRBV10-3_01	EPLPQGQLTAY:HLA-B_35:01
CASSIFGELFF	TRBV19_01	NEGVKAAW:HLA-B_44:03:08
CASRIWGGADTQYF	TRBV05-1_01	RPRGEVRFL:HLA-B_07:02
CASSSANYGYTF	TRBV12-4_01	NLVPMVATV:HLA-A_02:01
CASMGNSAGANVLTF	TRBV10-1_01	NLVPMVATV:HLA-A_02
CASSPPGPTGRGWYDTF	TRBV18_01	RAKFKQLL:HLA-B_08:01
CASSLTGGTYEQYF	TRBV07-2_01	RPPIFIRRL:HLA-B_07:02
CASRSGTSNTGELFF	TRBV02_01	ATDALMTGY:HLA-A_01:01
CATSNDRDLDEQFF	TRBV15_01	RLRPGGKKK:HLA-A_03:01
CASSFTSGTDTQYF	TRBV04-2_01	FLGKIWPSHK:HLA-A_02:01
CASSMIGHSNQPQHF	TRBV19_01	SLYNTVATL:HLA-A_02:01
CASSLDRNTGELFF	TRBV05-6_01	RLRPGGKKK:HLA-A_03:01
CASSSFGPSNQPQHF	TRBV07-2_01	KRWIIMGLNK:HLA-B_27:05
CASSEQSGANVLTF	TRBV02_01	RAKFKQLL:HLA-B_08:01
CSARDFDRTGELFF	TRBV20-1_01	NLVPMVATV:HLA-A_02:01
CASSPTRNTEAFF	TRBV04-3_01	RPHERNGFTVL:HLA-B_07:02
CATSGRYGEQFF	TRBV24-1_01	HPVGEADYFEY:HLA-B_35:01
CASSMRSSYEQYF	TRBV19_02	GILGFVFTL:HLA-A_02:01
CASSSTGRDTDTQYF	TRBV12-4_01	RAKFKQLL:HLA-B_08:01
CSARDQTGNGYTF	TRBV20-1_01	GLCTLVAML:HLA-A_02:01
CASSFEAGQGFFSNQPQHF	TRBV13_01	FLKEQGGL:HLA-B_08
CASSLVSSGANVLTF	TRBV07-9_01	RAKFKQLL:HLA-B_08:01
CASSPTGGPGELFF	TRBV04-1_01	GPGHKARVL:HLA-B_07:02
CASSLLSGTSLRVTGELFF	TRBV07-8_01	GLCTLVAML:HLA-A_02:01
CASSPPGGSGNTIYF	TRBV28_01	MLNIPSINV:HLA-A_02
CASTQSPLAGNEQYF	TRBV04-1_01	KLVALGINAV:HLA-A_02
CASSLMVDEYF	TRBV07-6_01	SFHSLHLLF:HLA-A_24:02
CASSLLAGLTDTQYF	TRBV11-2_01	FLKEKGGL:HLA-B_08
CASSIGSYGYTF	TRBV19_01	GILGFVFTL:HLA-A_02:01
CASSLDVPGPYEQYF	TRBV07-2_01	SFHSLHLLF:HLA-A_24:02
CATSGTDRGGGETQYF	TRBV15_01	SLYNTVATL:HLA-A_02:01
CASSMTSGALYNEQFF	TRBV27_01	NLVPMVATV:HLA-A_02:01
CSARDRVGNGHTF	TRBV20-1_01	GLCTLVAML:HLA-A_02:01
CASSALGGGGTGELFF	TRBV09_01	NLVPMVATV:HLA-A_02:01
CASSLSGEAGGRYNEQFF	TRBV07-2_01	RLRPGGKKK:HLA-A_03:01
CATSDDGTPNNEQFF	TRBV24-1_01	RLRPGGRKR:HLA-A_03:01
CASSQDFRGGYEQYF	TRBV04-1_01	GLCTLVAML:HLA-A_02:01
CASSLAPGATNEKLFF	TRBV07-6_01	NLVPMVATV:HLA-A_02:01
CASSLAPGTSGSPYNEQFF	TRBV07-9_01	FLKEKGGL:HLA-B_08
CSARDRTGNTIYF	TRBV20-1_01	GLCTLVAML:HLA-A_02:01
CASSLETGTEAFF	TRBV07-9_01	GPGHKARVL:HLA-B_07:02
CSGGPLETQYF	TRBV29-1_01	EIYKRWII:HLA-B_08
CASSPSLAGYGNEQFF	TRBV04-1_01	GILGFVFTL:HLA-A_02:01
CASSPTGGSPSPLHF	TRBV27_01	NLVPMVATV:HLA-A_02:01
CASSLVGQLYEQYF	TRBV11-2_01	ATDALMTGY:HLA-A_01:01
CASSVGSEAYTYEQYF	TRBV09_01	NLVPMVATV:HLA-A_02:01
CSALRDNYNSPLHF	TRBV20-1_01	RPRGEVRFL:HLA-B_07:02
CASEAGTVNTNTQYF	TRBV09_01	ATDALMTGY:HLA-A_01:01
CASSSAYYGYTF	TRBV12-4_01	NLVPMVATV:HLA-A_02:01
CASSSVNEQFF	TRBV12-4_01	NLVPMVATV:HLA-A_02:01
CASRLLGGGQETQYF	TRBV07-6_01	KRWIILGLNK:HLA-B_27:05
CASSLGVSEPQHF	TRBV18_01	QIKVRVKMV:HLA-B_08:01
CASSPRDRANTEAFF	TRBV14_01	NLVPMVATV:HLA-A_02:01
CASSLGVSQETQYF	TRBV07-9_01	YVLDHLIVV:HLA-A_02:01
CSATLNWGFF	TRBV20-1_01	NEGVKAAW:HLA-B_44:03:08
CASSIRSAYEQYF	TRBV19_02	GILGFVFTL:HLA-A_02:01
CASSLWSAGVHNEQFF	TRBV27_01	KLVALGINAV:HLA-A_02
CATSEAASSWTGELFF	TRBV24-1_01	RPRGEVRFL:HLA-B_07:02
CASRPIGGAQETQYF	TRBV05-1_01	TPGPGVRYPL:HLA-B_42:01
CASKWDPGQGSHYSNQPQHF	TRBV06-1_01	FLKEKGGL:HLA-B_08
CASSPNSGRVTGELFF	TRBV04-3_01	FLKEKGGL:HLA-B_08
CASSTPGEGGEQFF	TRBV02_01	SLYNTVATL:HLA-A_02
CSGREDSTNEKLFF	TRBV29-1_01	GLCTLVAML:HLA-A_02:01
CSGGALGQDFGGYTF	TRBV29-1_01	TPRVTGGGAM:HLA-B_07:02
CASSSRSAYEQYF	TRBV19_02	GILGFVFTL:HLA-A_02:01
CASSYQTGTGTYGYTF	TRBV06-5_01	FLKEKGGL:HLA-B_08
CASSRTGSTYEQYF	TRBV05-6_01	LPEPLPQGQLTAY:HLA-B_35:08
CASSPLDTKQQFF	TRBV07-8_01	GILGFVFTL:HLA-A_02:01
CSVSAGEEDTQYF	TRBV29-1_01	RAKFKQLL:HLA-B_08:01
CASSELAGVGETQYF	TRBV11-2_01	RAKFKQLL:HLA-B_08:01
CASSIYSGQPQHF	TRBV19_01	GILGFVFTL:HLA-A_02:01
CANTSIGSGANVLTF	TRBV02_01	NEGVKAAW:HLA-B_44:03:08
CSARSGVGNTIYF	TRBV20-1_01	GLCTLVAML:HLA-A_02
CAISERAIRGTSGLTDTQYF	TRBV10-3_01	TQGYFPDWQNY:HLA-B_15
CASSSPGGRGNTEAFF	TRBV02_01	YVLDHLIVV:HLA-A_02:01
CSARGEAITEKLFF	TRBV20-1_01	GLCTLVAML:HLA-A_02:01
CASSFLPKNEQFF	TRBV07-2_01	EIYKRWII:HLA-B_08
CASSLTAPDTEAFF	TRBV05-4_01	KRWIILGLNK:HLA-B_27
CSARLSYEQYF	TRBV20-1_01	EIYKRWII:HLA-B_08
CSASNPLLGQGAGYGYTF	TRBV20-1_01	KRWIILGLNK:HLA-B_27:05
CASSFRGQQNNEQFF	TRBV05-5_01	GPGHKARVL:HLA-B_07:02
CASSQSIGGELFF	TRBV16_01	RAKFKQLL:HLA-B_08:01
CASSIFGEQFF	TRBV19_01	NEGVKAAW:HLA-B_44:03:08
CANTRGENTEAFF	TRBV02_01	NLVPMVATV:HLA-A_02:01
CASSYPWGGEGSPLHF	TRBV06-1_01	RAKFKQLL:HLA-B_08:01
CASRYLRGEGAHPSNTEAFF	TRBV06-2_01	FLKEKGGL:HLA-B_08
CASSLSWGGFYNEQFF	TRBV27_01	TPRVTGGGAM:HLA-B_07:02
CASSFTLGGTDTQYF	TRBV07-7_01	NEGVKAAW:HLA-B_44:03:08
CASSLNGGHYEQYF	TRBV07-2_01	IVTDFSVIK:HLA-A_11:01
CATSDDGASDGNEQFF	TRBV24-1_01	RLRPGGKKR:HLA-A_03:01
CASSYSPPIPGQGIDEQYF	TRBV06-5_01	YSEHPTFTSQY:HLA-A_01:01
CASSFSGSLTTEAFF	TRBV12-3_01	RAKFKQLL:HLA-B_08:01
CASSQRTGELFF	TRBV27_01	KRWIILGLNK:HLA-B_27:05
CASSIRSTGELFF	TRBV19_01	GILGFVFTL:HLA-A_02:01
CSAPIPPYNEQFF	TRBV20-1_01	YVLDHLIVV:HLA-A_02:01
CASSLERNTYEQYF	TRBV28_01	GILGFVFTL:HLA-A_02:01
CASSSRQGNLIDEQFF	TRBV09_01	TPRVTGGGAM:HLA-B_07:02
CASNPGTSNEQFF	TRBV04-1_01	GLCTLVAML:HLA-A_02:01
CSVEDLRSGGGDTEAFF	TRBV29-1_01	SFHSLHLLF:HLA-A_24:02
CASQLYSGGDQPQHF	TRBV07-2_01	FPRPWLHGL:HLA-B_42:01
CATSSRDTSSDEQFF	TRBV15_01	YSEHPTFTSQY:HLA-A_01:01
CSARDRVGNTIYF	TRBV20-1_01	GLCTLVAML:HLA-A_02:01
CASSEEGAWNTGELFF	TRBV06-1_01	TLNAWVKVV:HLA-A_02:01
CASSRAVSGNTIYF	TRBV09_01	KLSALGINAV:HLA-A_02:01
CSARQGQGFLYEQYF	TRBV20-1_01	NLSALGIFST:HLA-A_02
CASSRVGTTYEQYF	TRBV18_01	GILGFVFTL:HLA-A_02:01
CASRPQGRDNEQFF	TRBV12-4_01	RPRGEVRFL:HLA-B_07:02
CASSSREVTGELFF	TRBV05-1_01	QIKVRVKMV:HLA-B_08:01
CASSSVNEAFF	TRBV19_01	NLVPMVATV:HLA-A_02:01
CASSLPRGRDNEQFF	TRBV07-9_01	RAKFKQLL:HLA-B_08:01
CATSSRGGETQYF	TRBV15_01	GPGHKARVL:HLA-B_07:02
CAIRSGTINTGELFF	TRBV10-3_01	ATDALMTGY:HLA-A_01:01
CASSPSRNTEAFF	TRBV04-3_01	RPHERNGFTVL:HLA-B_07:02
CASSIRSSYEQYF	TRBV19_01	GILGFVFTL:HLA-A_02:01
CATREPNTGELFF	TRBV07-2_01	TPQDLNTML:HLA-B_42:01
CASSLMTGELFF	TRBV07-7_01	HPVGEADYFEY:HLA-B_35:01
CAWSISDLAKNIQYF	TRBV30_01	NLVPMVATV:HLA-A_02:01
CASSSAHYGYTF	TRBV11-1_01	NLVPMVATV:HLA-A_02:01
CASRDRQSHEQYF	TRBV06-1_01	LPPIVAKEI:HLA-B_42:01
CASSVNSGFEAFF	TRBV12-3_01	TPQDLNTML:HLA-B_81:01
CASSLETGSYEQYF	TRBV04-1_01	RPPIFIRRL:HLA-B_07:02
CASSIDYYSNQPQHF	TRBV07-2_01	NLVPMVATV:HLA-A_02:01
CASSLGTPNEQFF	TRBV12-3_01	TPRVTGGGAM:HLA-B_07:02
CASSEVGLLNEQFF	TRBV07-8_01	ATDALMTGY:HLA-A_01:01
CASSYEPGQVSHYSNQPQHF	TRBV13_01	FLKETGGL:HLA-B_08
CASSEGANTEAFF	TRBV06-4_01	LLWNGPMAV:HLA-A_02
CASSYSNLPVFSPNQPQHF	TRBV06-1_01	ARMILMTHF:HLA-B_27
CSARDGTGNGYTF	TRBV20-1_01	GLCTLVAML:HLA-A_02:01
CASNRESAYTF	TRBV05-5_01	HPVGEADYFEY:HLA-B_35:01
CASSSGVSGANVLTF	TRBV27_01	ATDALMTGY:HLA-A_01:01
CASSYQTGAAYGYTF	TRBV06-5_01	NLVPMVATV:HLA-A_02:01
CSGVVGRGAYNEQFF	TRBV29-1_01	QIKVRVKMV:HLA-B_08:01
CASSMIGHSNQPQHF	TRBV19_01	SLYNTVATL:HLA-A_02:01
CASSEGQNYGYTF	TRBV27_01	NLSALGIFST:HLA-A_02
CASSPITGTGIYGYTF	TRBV06-5_01	NLVPMVATV:HLA-A_02
CASSLETGDEQYF	TRBV07-6_01	GPGMKARVL:HLA-B_07:02
CASSTRSAYEQYF	TRBV19_01	GILGFVFTL:HLA-A_02
CASSFSGNTGELFF	TRBV12-3_01	RAKFKQLL:HLA-B_08:01
CASSLGQGVLSDTQYF	TRBV07-6_01	CLGGLLTMV:HLA-A_02
CASSPVGIGEAFF	TRBV18_01	GILGFVFTL:HLA-A_02:01
CATRIGWGTDTQYF	TRBV05-1_01	RPRGEVRFL:HLA-B_07:02
CASSIGQGPYEQYF	TRBV19_01	NEGVKAAW:HLA-B_44:03:08
CASSEASPGRSYGYTF	TRBV02_01	EIYKRWII:HLA-B_08
CASSFEAGQGFFSNQPQHF	TRBV13_01	FLKEKGGL:HLA-B_08
CASSSANYGYTF	TRBV19_01	NLVPMVATV:HLA-A_02:01
CASSLVGPPGEAFF	TRBV05-5_01	LPPIVAKEI:HLA-B_42:01
CSVGGTLDTQYF	TRBV29-1_01	NLVPMVATV:HLA-A_02:01
CASSRYQTEAFF	TRBV03-1_01	KRWIILGLNK:HLA-B_27
CASSLVGQLETQYF	TRBV07-8_01	ATDALMTGY:HLA-A_01:01
CASRTLLGGASEQYF	TRBV27_01	YVLDHLIVV:HLA-A_02:01
CASSSRQNTEAFF	TRBV28_01	KRWIILGLNK:HLA-B_27:05
CSVGSGGTNEKLFF	TRBV29-1_01	GLCTLVAML:HLA-A_02:01
CASSLAPGATNEKLFF	TRBV07-6_01	NLVPMVATV:HLA-A_02:01
CASSTLRYEQYF	TRBV07-9_01	NLSALGIFST:HLA-A_02
CASSEWTVDGYTF	TRBV02_01	RPRGEVRFL:HLA-B_07:02
CASSEGSHSNQPQHF	TRBV02_01	ARMILMTHF:HLA-B_27
CASSESTGTAYGYTF	TRBV13_01	NLVPMVATV:HLA-A_02
CASSRGTGEGYEQYF	TRBV07-3_01	RAKFKQLL:HLA-B_08:01
CASSPLDNWEQFF	TRBV18_01	NLSALGIFST:HLA-A_02
CAWSVASTGLNYEQYF	TRBV30_01	MLNIPSINV:HLA-A_02
CASSLDVGEQYF	TRBV06-4_01	KRWIILGLNK:HLA-B_27
CASSGDHSYEQYF	TRBV03-1_01	LPRRSGAAGA:HLA-B_07:02
CAAADEEIGNQPQHF	TRBV10-3_01	ATDALMTGY:HLA-A_01:01
CASSFGQAWETQYF	TRBV07-9_01	NLVPMVATV:HLA-A_02:01
CASSLSQGIQNIQYF	TRBV27_01	RPPIFIRRL:HLA-B_07:02
CASSIRSSYEQYF	TRBV19_01	GILGFVFTL:HLA-A_02:01
CASSLAVQSDEQYF	TRBV05-1_01	MLNIPSINV:HLA-A_02
CASSLMGNSPLHF	TRBV07-3_01	RAKFKQLL:HLA-B_08:01
CASSIRSAYEQYF	TRBV19_02	GILGFVFTL:HLA-A_02:01
CSARDRVGNGYTF	TRBV20-1_01	GLCTLVAML:HLA-A_02:01
CASSPSGTSPKNEQFF	TRBV04-1_01	HPVGEADYFEY:HLA-B_35:01
CASSRRSSDEQYF	TRBV19_01	GILGFVFTL:HLA-A_02
CASSSNQGATQYF	TRBV07-2_01	QYDPVAALF:HLA-A_24:02
CASSPRGREETQYF	TRBV18_01	FPQGEAREL:HLA-B_07:02
CASKMGAEAFF	TRBV25-1_01	KLVALGINAV:HLA-A_02
CASSVLGGNYGYTF	TRBV09_01	EIYKRWII:HLA-B_08
CASSFSPTAQGLEQYF	TRBV27_01	YPLHEQHGM:HLA-B_35:01
CASSPRVVGSETQYF	TRBV27_01	ATDALMTGY:HLA-A_01:01
CASSYGQAYQPQHF	TRBV06-1_01	ARMILMTHF:HLA-B_27
CASSLAPGATNEKLFF	TRBV07-6_01	NLVPMVATV:HLA-A_02
CASSIRSAYEQYF	TRBV19_01	GILGFVFTL:HLA-A_02:01
CASSSLPGGTEAFF	TRBV06-2_01	NLVPMVATV:HLA-A_02:01
CAIGTGTISTETQYF	TRBV10-3_01	ATDALMTGY:HLA-A_01:01
CASRKTGGGEAFF	TRBV07-3_01	RPRGEVRFL:HLA-B_07:02
CASKNRDVGYNEQFF	TRBV27_01	ATDALMTGY:HLA-A_01:01
CSVPGTDYNEQFF	TRBV29-1_01	GLCTLVAML:HLA-A_02:01
CASSPTGVGEQFF	TRBV18_01	GILGFVFTL:HLA-A_02:01
CASSLVVAGGPMSEQFF	TRBV28_01	EPLPQGQLTAY:HLA-B_35:01
CASSPSGYNEQFF	TRBV05-1_01	MLNIPSINV:HLA-A_02
CASRQRVLASDEQFF	TRBV06-1_01	NEGVKAAW:HLA-B_44:03:08
CASSYYSGGSSYNEQFF	TRBV06-2_01	TPGPGVRYPL:HLA-B_42:01
CASSPDRGLEQYF	TRBV07-9_01	SFHSLHLLF:HLA-A_24:02
CASSIQDSLYNEQFF	TRBV19_01	YPLHEQHGM:HLA-B_35:01
CASSTRSSYEQYF	TRBV19_02	GILGFVFTL:HLA-A_02:01
CASTPAGGAPGELFF	TRBV27_01	NLVPMVATV:HLA-A_02:01
CASPGLAGEYEQYF	TRBV06-1_01	LPEPLPQAQLTAY:HLA-B_35:08
CASSIRSTGELFF	TRBV19_02	GILGFVFTL:HLA-A_02:01
CASSLTTLAGVPYEQFF	TRBV07-3_01	NLVPMVATV:HLA-A_02:01
CASSSGVTNTGELFF	TRBV09_01	ATDALMTGY:HLA-A_01:01
CASSQETGDTQYF	TRBV14_01	GPGMKARVL:HLA-B_07:02
CASSQTLAGGGETQYF	TRBV03-1_01	YVLDHLIVV:HLA-A_02:01
CSARDGTGNGYTF	TRBV20-1_01	GLCTLVAML:HLA-A_02:01
CASSSGTGPNEKLFF	TRBV28_01	IPSINVHHY:HLA-B_35:01
CSARVGLNNEQFF	TRBV20-1_01	KRWIILGLNK:HLA-B_27
CASRPGLAGGRPEQYF	TRBV06-5_01	LLFGYAVYV:HLA-A_02:01:59
CASSVDKGGTDTQYF	TRBV09_01	IIKDYGKQM:HLA-B_42:01
CSARDGTGNGYTF	TRBV20-1_01	GLCTLVAML:HLA-A_02:01
CATSRVGQWNTEAFF	TRBV15_01	GPGHKARVL:HLA-B_07:02
CASSTYSQDTQYF	TRBV19_01	GILGFVFTL:HLA-A_02
CASREGLGGTEAFF	TRBV06-5_01	KRWIIMGLNK:HLA-B_27:05:31
CASSIGQGPYEQYF	TRBV19_01	NEGVKAAW:HLA-B_44:03:08
CASSPGQGVTPLHF	TRBV04-1_01	RAKFKQLL:HLA-B_08:01
CASSDRTGGGETQYF	TRBV28_01	SLYNTVATL:HLA-A_02
CASSVELGSGRETQYF	TRBV09_01	YPLHEQHGM:HLA-B_35:01
CASSEVGSKSRQGAYEQYF	TRBV02_01	EIYKRWII:HLA-B_08
CASSFDAEQFF	TRBV05-1_01	SLYNTVATL:HLA-A_02
CAISERAIRGTSGLTDTQYF	TRBV10-3_01	TQGYFPDWQNY:HLA-B_15
CASSIRSSYEQYF	TRBV19_01	GILGFVFTL:HLA-A_02
CSVWGTGKTYEQYF	TRBV29-1_01	FLKEKGGL:HLA-B_08
CSARDHLRANEKLFF	TRBV20-1_01	FLKEKGGL:HLA-B_08
CATSSRDTSSDEQFF	TRBV15_01	YSEHPTFTSQY:HLA-A_01:01
CASRGWGGPSEQYF	TRBV07-2_01	SFHSLHLLF:HLA-A_24:02
CASSPLSLGSPYNEQFF	TRBV05-6_01	GILGFVFTL:HLA-A_02:01
CASSIGPALNTEAFF	TRBV14_01	TPRVTGGGAM:HLA-B_07
CASSYSPLNTEAFF	TRBV06-2_01	TPRVTGGGAM:HLA-B_07:02
CASSPGWGLDQPQHF	TRBV05-6_01	RLRPGGRKR:HLA-A_03:01
CASSIRASYEQYF	TRBV19_01	GILGFVFTL:HLA-A_02:01
CASSLGANTIYF	TRBV12-3_01	TPQDLNTML:HLA-B_42:01
CSVWGETQYF	TRBV29-1_01	YSEHPTFTSQY:HLA-A_01:01
CASSQGTSDYEQYF	TRBV04-3_01	KRWIILGLNK:HLA-B_27
CAPRVHTGELFF	TRBV19_01	NLVPMVATV:HLA-A_02:01
CASSLGDLYTGELFF	TRBV07-9_01	FLKEKGGL:HLA-B_08
CASSSGTINTGELFF	TRBV09_01	ATDALMTGY:HLA-A_01:01
CASSIRHSEYTDTQYF	TRBV19_01	ATDALMTGY:HLA-A_01:01
CASSLGNYEQYF	TRBV14_01	VLEETSVML:HLA-A_02
CASSFSGNTGELFF	TRBV12-3_01	RAKFKQLL:HLA-B_08:01
CSARDSTGNGYTF	TRBV20-1_01	GLCTLVAML:HLA-A_02:01
CASSLLGQYNEQFF	TRBV06-3_01	FLKEKGGL:HLA-B_08
CASSYQTGAAYGYTF	TRBV06-3_01	NLVPMVATV:HLA-A_02:01
CASSVGQGVTYEQYF	TRBV09_01	VTEHDTLLY:HLA-A_01:01
CASSISSTGELFF	TRBV19_02	GILGFVFTL:HLA-A_02:01
CASSLQTGAGGFGYTF	TRBV06-5_01	NLVPMVATV:HLA-A_02:01
CASNRGDGYTF	TRBV25-1_01	KLVALGINAV:HLA-A_02
CASSLDRNEQFF	TRBV07-9_01	KRWIILGLNK:HLA-B_27:05
CASSPSGQLETQYF	TRBV07-8_01	ATDALMTGY:HLA-A_01:01
CASSLIGRDEQFF	TRBV28_01	EPLPQGQLTAY:HLA-B_35:01
CASSLIGVSSYNEQFF	TRBV06-4_01	TPRVTGGGAM:HLA-B_07
CASSLGPNNYYGYTF	TRBV27_01	TPRVTGGGAM:HLA-B_07:02
CASRVGAGNTEAFF	TRBV27_01	TPRVTGGGAM:HLA-B_07:02
CASSEGSHSNQPQHF	TRBV02_01	ARMILMTHF:HLA-B_27
CASSGITSGEYTIYF	TRBV09_01	HPVGEADYFEY:HLA-B_35:08
CASSHGLAGVGETQYF	TRBV04-1_01	RLRPGGKKK:HLA-A_03:01
CASQRDYTGELFF	TRBV27_01	YVLDHLIVV:HLA-A_02:01
CASSIVSGPYNEQFF	TRBV19_01	NEGVKAAW:HLA-B_44:03:08
CASSVDVAGGYNEQFF	TRBV07-3_01	NLVPMVATV:HLA-A_02
CASSWGGGSHYGYTF	TRBV11-2_01	IVTDFSVIK:HLA-A_11:01
CASSLIGVSSYNEQFF	TRBV07-9_01	TPRVTGGGAM:HLA-B_07:02
CASSWWDTGELFF	TRBV06-2_01	RMFPNAPYL:HLA-A_02
CASSSANYGYTF	TRBV12-4_01	NLVPMVATV:HLA-A_02:01
CASSFANYGYTF	TRBV19_01	NLVPMVATV:HLA-A_02:01
CSVGSGGTNEKLFF	TRBV29-1_01	GLCTLVAML:HLA-A_02:01
CASREDGGGYEQYF	TRBV05-1_01	ARMILMTHF:HLA-B_27
CASSLGQAYEQYF	TRBV07-8_01	FLRGRAYGL:HLA-B_08:01
CASSPSKPGDNEQFF	TRBV07-2_01	RAKFKQLL:HLA-B_08:01
CASSYPGQGVGGYTF	TRBV07-9_01	KRWIIMGLNK:HLA-B_27:05
CSAIDFPMGNEQFF	TRBV20-1_01	KLVALGINAV:HLA-A_02
CATGRGGMIGEQYF	TRBV15_01	NLVPMVATV:HLA-A_02:01
CASSPQAGGGETQYF	TRBV05-1_01	NLVPMVATV:HLA-A_02:01
CSALRDNYNSPLHF	TRBV20-1_01	RPRGEVRFL:HLA-B_07:02
CASSLVIAGLQETQYF	TRBV07-8_01	NEGVKAAW:HLA-B_44:03:08
CASSIRSSYEQYF	TRBV19_02	GILGFVFTL:HLA-A_02:01
CASSLDGRQVNQPQHF	TRBV27_01	RAKFKQLL:HLA-B_08:01
CASSSRSGIEQYF	TRBV19_01	GILGFVFTL:HLA-A_02:01
CSARDRTGNGYTF	TRBV20-1_01	GLCTLVAML:HLA-A_02
CASSPSRNTEAFF	TRBV04-3_01	RPHERNGFTVL:HLA-B_07:02
CASMGGANTEAFF	TRBV27_01	KRWIILGLNK:HLA-B_27:05
CASSQAGQGNSPLHF	TRBV03-1_01	RAKFKQLL:HLA-B_08:01
CSARGLGVNTEAFF	TRBV20-1_01	LPPIVAKEI:HLA-B_42:01
CASSAQTGFLFF	TRBV27_01	KRWIILGLNK:HLA-B_27
CSASITGTEQYF	TRBV20-1_01	ARMILMTHF:HLA-B_27
CASSIRSSYEQYF	TRBV19_01	GILGFVFTL:HLA-A_02:01
CASSILSNTEAFF	TRBV19_02	GILGFVFTL:HLA-A_02:01
CAWSPGPVNEQFF	TRBV30_01	LLWNGPMAV:HLA-A_02
CASSLDASSASYEQYF	TRBV05-1_01	ARMILMTHF:HLA-B_27
CASSDFRDRGHNEKLFF	TRBV06-1_01	MLNIPSINV:HLA-A_02
CSVGAGGTNEKLFF	TRBV29-1_01	GLCTLVAML:HLA-A_02:01
CASSVWGTDTQYF	TRBV09_01	RPRGEVRFL:HLA-B_07:02
CASRTGISNTGELFF	TRBV02_01	ATDALMTGY:HLA-A_01:01
CASSSFGPSNQPQHF	TRBV07-2_01	KRWIILGLNK:HLA-B_27:05
CASSQVRGGYEQFF	TRBV03-1_01	RAKFKQLL:HLA-B_08:01
CASSSKDGQSQYF	TRBV07-9_01	LPPIVAKEI:HLA-B_42:01
CASSTQDLQGARSPLHF	TRBV07-9_01	TPRVTGGGAM:HLA-B_07:02
CSTQEGGYGYTF	TRBV29-1_01	GLCTLVAML:HLA-A_02:01
CASSMRSADTQYF	TRBV19_01	GILGFVFTL:HLA-A_02:01
CASSYVGNTGELFF	TRBV06-5_01	SLLMWITQC:HLA-A_02:01:59
CASSPSKPGDNEQFF	TRBV07-9_01	RAKFKQLL:HLA-B_08:01
CASSYSTGTHLEQYF	TRBV06-5_01	NLVPMVATV:HLA-A_02:01
CASSLTGAGDQPQHF	TRBV07-9_01	RAKFKQLL:HLA-B_08:01
CSARDRVGNTIYF	TRBV20-1_01	GLCTLVAML:HLA-A_02:01
CASSLDVNEQFF	TRBV07-9_01	KRWIILGLNK:HLA-B_27:05
CASSWGGGSNYGYTF	TRBV11-2_01	IVTDFSVIK:HLA-A_11:01
CASSWAAPGEQFF	TRBV19_01	GLCTLVAML:HLA-A_02
CATSEAASSWTGELFF	TRBV24-1_01	RPRGEVRFL:HLA-B_07:02
CASSQTTSVNTEAFF	TRBV03-1_01	RAKFKQLL:HLA-B_08:01
CASSLAASVNPAYGQYF	TRBV05-1_01	NLVPMVATV:HLA-A_02:01
CASSLGQGLVLSGYTF	TRBV27_01	FLKEKGGL:HLA-B_08
CASSFVDSLSNQPQHF	TRBV05-1_01	KRWIILGLNK:HLA-B_27:05
CASRSPRAGETQYF	TRBV12-3_01	MLNIPSINV:HLA-A_02
CASSDPDLLISTDTQYF	TRBV02_01	ATDALMTGY:HLA-A_01:01
CASSLGAAGRELFF	TRBV27_01	TPRVTGGGAM:HLA-B_07:02
CAISTGDYEQYF	TRBV10-3_01	EPLPQGQLTAY:HLA-B_35:01
CASSESPGTSGSPLENQFF	TRBV02_01	FLKEKGGL:HLA-B_08:01
CASSRSGLYEQYF	TRBV06-1_01	LPPIVAKEI:HLA-B_42:01
CSVEDRGVSYEQYF	TRBV29-1_01	NLSALGIFST:HLA-A_02
CSARFSGQGTEAFF	TRBV20-1_01	QYDPVAALF:HLA-A_24:02
CASSLRGGNTDTQYF	TRBV28_01	KRWIIMGLNK:HLA-B_27:05
CASSLLGGWSEAFF	TRBV27_01	GILGFVFTL:HLA-A_02
CASSPRTGELFF	TRBV27_01	KRWIILGLNK:HLA-B_27:05
CASSLLEHNNGELFF	TRBV07-9_01	KRWIIMGLNK:HLA-B_27:05
CASSLSSPGNQPQHF	TRBV07-9_01	RAKFKQLL:HLA-B_08:01
CASSLSGQLDEQFF	TRBV11-2_01	ATDALMTGY:HLA-A_01:01
CASSSDPSGSIAYEQYF	TRBV05-1_01	RAKFKQLL:HLA-B_08:01
CAWSVAAGILEQFF	TRBV30_01	FPTKDVAL:HLA-B_35:08
CASSVAIWRGSYNEQFF	TRBV19_01	KLVALGINAV:HLA-A_02
CSARDREGGNSPLHF	TRBV20-1_01	RAKFKQLL:HLA-B_08:01
CSARDSTGNGYTF	TRBV20-1_01	GLCTLVAML:HLA-A_02
CSARGAGFSGANVLTF	TRBV20-1_01	YVLDHLIVV:HLA-A_02:01
CASSPLARVDEQFF	TRBV03-1_01	TPGPGVRYPL:HLA-B_07:02
CSARDTVGNGYTF	TRBV20-1_01	GLCTLVAML:HLA-A_02:01
CASRLIGGGTEAFF	TRBV07-2_01	RPRGEVRFL:HLA-B_07:02
CASGEGTLSYEQYF	TRBV07-2_01	KRWIILGLNK:HLA-B_27:05
CASSYSSGELFF	TRBV06-2_01	TPRVTGGGAM:HLA-B_07:02
CASSPYQTGLDGYTF	TRBV18_01	RPRGEVRFL:HLA-B_07:02
CASSEAISGAWDEQFF	TRBV06-1_01	GILGFVFTL:HLA-A_02:01
CASSSTPLSTDTQYF	TRBV12-3_01	RPRGEVRFL:HLA-B_07:02
CAGRPRLAGGNNEQFF	TRBV28_01	RAKFKQLL:HLA-B_08:01
CASSMVGGSYNEQFF	TRBV19_01	GILGFVFTL:HLA-A_02:01
CASSFTWTSGGTTDTQYF	TRBV11-2_01	NLVPMVATV:HLA-A_02:01
CASSVRSSYEQYF	TRBV19_01	GILGFVFTL:HLA-A_02:01
CASSVDGGGLDEQFF	TRBV09_01	GILGFVFTL:HLA-A_02:01
CASSIRSAYEQYF	TRBV19_02	GILGFVFTL:HLA-A_02:01
CASSAASGTDTQYF	TRBV09_01	FLRGRAYGL:HLA-B_08:01
CAWSGVSYEQYF	TRBV30_01	GILGFVFTL:HLA-A_02:01
CASSIRSSYEQYF	TRBV19_02	GILGFVFTL:HLA-A_02:01
CASSTIAGGYNEQFF	TRBV28_01	NEGVKAAW:HLA-B_44:03:08
CASSIRSTGELFF	TRBV19_01	GILGFVFTL:HLA-A_02:01
CAWSPTGDQPQHF	TRBV30_01	FPTKDVAL:HLA-B_35:08
CASSIRSSYEQYF	TRBV19_01	GILGFVFTL:HLA-A_02:01
CASGSQGSTDTQYF	TRBV09_01	ATDALMTGY:HLA-A_01:01
CASSLVGQLETQYF	TRBV07-2_01	ATDALMTGY:HLA-A_01:01
CASSSVDRSSYEQYF	TRBV07-9_01	FPRPWLHGL:HLA-B_42:01
CASSLGLNYEQYF	TRBV28_01	MLNIPSINV:HLA-A_02
CASSIRSSYEQYF	TRBV19_01	GILGFVFTL:HLA-A_02
CASSSHEDRGSSSPLHF	TRBV07-9_01	TPRVTGGGAM:HLA-B_07:02
CASSLAFGTGAGELFF	TRBV05-5_01	TPQDLNTML:HLA-B_81:01
CASSDTGGNQPQHF	TRBV10-2_01	VSFIEFVGW:HLA-B_57:01
CASSQDSLTGQANSPLHF	TRBV04-3_01	TPRVTGGGAM:HLA-B_07:02
CASSGTRQISGTEAFF	TRBV02_01	ATDALMTGY:HLA-A_01
CASSVWGTDTQYF	TRBV09_01	RPRGEVRFL:HLA-B_07:02
CASSIRSSYEQYF	TRBV19_01	GILGFVFTL:HLA-A_02:01
CASSEAVISYNEQFF	TRBV02_01	ATDALMTGY:HLA-A_01:01
CASSSRSHQPQHF	TRBV19_01	GILGFVFTL:HLA-A_02:01
CASSFDREVTGELFF	TRBV07-3_01	FLKEKGGL:HLA-B_08
CASSQGVLLNEQFF	TRBV04-2_01	YVLDHLIVV:HLA-A_02:01
CASSSRHEGEDTEAFF	TRBV11-2_01	KLVALGINAV:HLA-A_02
CASSQVWGSGEKLFF	TRBV03-1_01	NLVPMVATV:HLA-A_02:01
CSARDRGLGNTIYF	TRBV20-1_01	GLCTLVAML:HLA-A_02:01
CASSVWGTDTQYF	TRBV09_01	RPRGEVRFL:HLA-B_07:02
CASSSFGPSNQPQHF	TRBV07-2_01	KRWIILGLNK:HLA-B_27:05
CASSQSPGGIQYF	TRBV14_01	GLCTLVAML:HLA-A_02
CASSQVLRVLSYNEQFF	TRBV04-3_01	YSEHPTFTSQY:HLA-A_01:01
CASSMGTGAHEQYF	TRBV19_01	ATDALMTGY:HLA-A_01:01
CAWVPTGTGGTEAFF	TRBV30_01	NLVPMVATV:HLA-A_02
CASSMADLSYEQYF	TRBV09_01	KRWIILGLNK:HLA-B_27:05
CASRVGTGNLYEQYF	TRBV27_01	TPRVTGGGAM:HLA-B_07:02
CASSSASYGYTF	TRBV19_01	NLVPMVATV:HLA-A_02:01
CASSIRSAYEQYF	TRBV19_01	GILGFVFTL:HLA-A_02:01
CASSIAIADEKLFF	TRBV19_01	FLGKIWPSHK:HLA-A_02:01
CASRLPGGYNEQFF	TRBV28_01	EPLPQGQLTAY:HLA-B_35:01
CASSGRSTDTQYF	TRBV19_01	GILGFVFTL:HLA-A_02:01
CASSLARRVNPRTDTQYF	TRBV07-9_01	MLNIPSINV:HLA-A_02
CASRASTGSGNTIYF	TRBV06-1_01	TPQDLNTML:HLA-B_42:01
CASSLDIPSYNEQFF	TRBV06-1_01	NLVPMVATV:HLA-A_02
CASSFTTLGEQYF	TRBV07-2_01	KRWIIMGLNK:HLA-B_27:05
CASSYGQAYQPQHF	TRBV06-1_01	ARMILMTHF:HLA-B_27
CSVGGYGTNEKLFF	TRBV29-1_01	GLCTLVAML:HLA-A_02
CSARDRADRVLIPDTQYF	TRBV20-1_01	GLNKIVRMY:HLA-B_15
CASSPVRGRTEAFF	TRBV07-2_01	EIYKRWII:HLA-B_08
CSVPFEGGTLETQYF	TRBV29-1_01	GLCTLVAML:HLA-A_02:01
CSVWGTGKTYEQYF	TRBV29-1_01	FLKEKGGL:HLA-B_08
CASSVAELAGGTDTQYF	TRBV09_01	GLCTLVAML:HLA-A_02:01
CASTRADTGELFF	TRBV18_01	YSEHPTFTSQY:HLA-A_01:01
CASSSLTGSGQPQHF	TRBV28_01	YVLDHLIVV:HLA-A_02:01
CASLRGLGTDTQYF	TRBV07-9_01	RAKFKQLL:HLA-B_08:01
CASRPQGRDQPQHF	TRBV12-4_01	RPRGEVRFL:HLA-B_07:02
CSDDGGQEGYGYTF	TRBV29-1_01	IIKDYGKQM:HLA-B_42:01
CASSFRSTDTQYF	TRBV19_01	GILGFVFTL:HLA-A_02:01
CASSLELGDEQFF	TRBV07-6_01	GPGMKARVL:HLA-B_07:02
CAISDPSGSSYNEQFF	TRBV10-3_01	RPRGEVRFL:HLA-B_07:02
CASSPSLVGSADTQYF	TRBV03-1_01	YVLDHLIVV:HLA-A_02:01
CASSSILGQGEHPVTDTQYF	TRBV11-2_01	ATDALMTGY:HLA-A_01:01
CASSTGTVYNEQFF	TRBV12-3_01	KRWIILGLNK:HLA-B_27:05
CSASSRGRVDEQFF	TRBV20-1_01	TPGPGVRYPL:HLA-B_07:02
CASSLLGSNQPQHF	TRBV07-8_01	GLCTLVAML:HLA-A_02:01
CASSSWDTGELFF	TRBV07-9_01	RYPLTFGWCF:HLA-A_24:02:84
CSASSRGRVDEQFF	TRBV20-1_01	TPGPGVRYPL:HLA-B_07:02
CASSFLAGGITDTQYF	TRBV05-1_01	SLYNTVATL:HLA-A_02
CASSLDDGRRPLHF	TRBV07-8_01	EIYKRWII:HLA-B_08
CASSQGVGENTEAFF	TRBV04-1_01	RAKFKQLL:HLA-B_08:01
CASSLARNQPQHF	TRBV04-1_01	CVETMCNEY:HLA-B_18
CASSQSPGGTQYF	TRBV14_01	GLCTLVAML:HLA-A_02:01
CAIGDDRAGNQPQHF	TRBV10-3_01	ATDALMTGY:HLA-A_01:01
CASSFGVNTEAFF	TRBV12-3_01	MLNIPSINV:HLA-A_02
CASSQDGAGGLGEQFF	TRBV04-2_01	GLCTLVAML:HLA-A_02:01
CASSPTVAGEQFF	TRBV27_01	CVNGSCFTV:HLA-A_02:01
CAWSVSDIMNTEAFF	TRBV30_01	NLVPMVATV:HLA-A_02:01
CASSRLAGGTGELFF	TRBV07-3_01	QIKVRVKMV:HLA-B_08:01
CSVGTGGTNEKLFF	TRBV29-1_01	GLCTLVAML:HLA-A_02:01
CASSTRSTSPGHF	TRBV19_02	GILGFVFTL:HLA-A_02:01
CSVGGTLDTQYF	TRBV29-1_01	NLVPMVATV:HLA-A_02:01
CASSPSLVGSADTQYF	TRBV03-1_01	YVLDHLIVV:HLA-A_02:01
CASSLDRAGDTQYF	TRBV05-6_01	RLRPGGKKR:HLA-A_03:01
CASSQGTSDYEQYF	TRBV04-3_01	KRWIILGLNK:HLA-B_27
CAWSVSDVANTEAFF	TRBV30_01	NLVPMVATV:HLA-A_02:01
CASSFRFTDTQYF	TRBV07-2_01	APQPELPYPQPGS:HLA-DQA1_05:01:01:02
CASSTKQGWYEQYF	TRBV19_01	ARMILMTHF:HLA-B_27
CASSLWAGGSNEQFF	TRBV07-2_01	FPRPWLHGL:HLA-B_42:01
CASSQSTGELFF	TRBV27_01	KRWIILGLNK:HLA-B_27:05
CAIRAGGDEQFF	TRBV10-3_01	HSKKKCDEL:HLA-B_08:01
CASSYRGLKEQYF	TRBV06-1_01	SLYNTVATL:HLA-A_02:01
CASSVRSTGELFF	TRBV19_01	GILGFVFTL:HLA-A_02:01
CASSRADLSYEQYF	TRBV09_01	KRWIILGLNK:HLA-B_27:05
CASSPGQLGNTIYF	TRBV04-3_01	KRWIILGLNK:HLA-B_27
CASSLRSNTGELFF	TRBV11-3_01	NLVPMVATV:HLA-A_02:01
CASSIFGELFF	TRBV19_01	NEGVKAAW:HLA-B_44:03:08
CASSSAHYGYTF	TRBV12-4_01	NLVPMVATV:HLA-A_02:01
CASSIRSSYEQYF	TRBV19_01	GILGFVFTL:HLA-A_02:01
CASRMQGRDNEQFF	TRBV12-4_01	RPRGEVRFL:HLA-B_07:02
CASSFLHPSTEAFF	TRBV27_01	FLKEKGGL:HLA-B_08
CASSFTLGTGGVEQYF	TRBV27_01	NLVPMVATV:HLA-A_02
CASSLARGFSDHTQYF	TRBV07-9_01	TPRVTGGGAM:HLA-B_07:02
CASRPNRDSNYGYTF	TRBV07-9_01	SFHSLHLLF:HLA-A_24:02
CASSFGQAWYEQYF	TRBV07-9_01	NLVPMVATV:HLA-A_02:01
CASSLGASTDTQYF	TRBV07-9_01	RPPIFIRRL:HLA-B_07:02
CASSHGDYEQYF	TRBV07-9_01	KRWIILGLNK:HLA-B_27:05
CSAIPSYLSIGEQFF	TRBV20-1_01	YVLDHLIVV:HLA-A_02:01
CASSEGLQEVFF	TRBV06-2_01	FLGKIWPSHK:HLA-A_02:01
CASSYRGSGNTIYF	TRBV28_01	KLVALGINAV:HLA-A_02
CASSFDSEAFF	TRBV05-1_01	SLYNTVATL:HLA-A_02:01
CSARDRTGNGYTF	TRBV20-1_01	GLCTLVAML:HLA-A_02:01
CASSPLIGEQYF	TRBV27_01	GILGFVFTL:HLA-A_02:01
CASSVFGELFF	TRBV19_01	NEGVKAAW:HLA-B_44:03:08
CSARDAGGDYGYTF	TRBV20-1_01	TLNAWVKVV:HLA-A_02:01
CASSTRSSYEQYF	TRBV19_01	GILGFVFTL:HLA-A_02:01
CASSLGLNTIYF	TRBV12-3_01	TPQDLNTML:HLA-B_42:01
CASSLGTSSYEQYF	TRBV04-3_01	KRWIILGLNK:HLA-B_27:05
CASSSLRGTAADTQYF	TRBV07-3_01	IIKDYGKQM:HLA-B_42:01
CATFDGNTGELFF	TRBV24-1_01	MLNIPSINV:HLA-A_02
CASSVFGEQYF	TRBV19_01	NEGVKAAW:HLA-B_44:03:08
CAGRPRLAGGNNEQFF	TRBV28_01	RAKFKQLL:HLA-B_08:01
CASSPHQADTQYF	TRBV18_01	NLVPMVATV:HLA-A_02:01
CASRLGAAGSQPQHF	TRBV27_01	TPRVTGGGAM:HLA-B_07:02
CAISESTAGSQPQHF	TRBV10-3_01	ATDALMTGY:HLA-A_01
CASSWGQGQLSYEQYF	TRBV27_01	FLKEKGGL:HLA-B_08
CASSPLFGREPDGETQYF	TRBV28_01	NLVPMVATV:HLA-A_02:01
CASSQEWSYEQYF	TRBV03-1_01	FLKEKGGL:HLA-B_08
CASSYGTGDSNQPQHF	TRBV28_01	NLVPMVATV:HLA-A_02:01
CASSLGPASYEQYF	TRBV27_01	TPRVTGGGAM:HLA-B_07:02
CASRAGSFSTDTQYF	TRBV27_01	VAANIVLTV:HLA-A_02
CASSSANYGYTF	TRBV19_01	NLVPMVATV:HLA-A_02:01
CASRVGQGVVGELFF	TRBV27_01	FLKEKGGL:HLA-B_08
CSASSRGRVDEQFF	TRBV20-1_01	TPGPGVRYPL:HLA-B_07:02
CASSELGARVYEQYF	TRBV02_01	FLKEKGGL:HLA-B_08
CASSIVGHLNTEAFF	TRBV19_01	ARMILMTHF:HLA-B_27
CASSFDVEQFF	TRBV05-1_01	SLYNTVATL:HLA-A_02:01
CATSREGPNQPQHF	TRBV15_01	NLVPMVATV:HLA-A_02:01
CSASPRGGEQYF	TRBV29-1_01	CLGGLLTMV:HLA-A_02
CASSLQGFLLSYEQYF	TRBV07-2_01	GLCTLVAML:HLA-A_02
CASSRADLSYEQYF	TRBV09_01	KRWIILGLNK:HLA-B_27:05
CATSTGDSNQPQHF	TRBV15_01	EPLPQGQLTAY:HLA-B_35:01
CASSIVAGALNEQFF	TRBV19_01	NEGVKAAW:HLA-B_44:03:08
CASSIRASGVEQFF	TRBV19_01	GILGFVFTL:HLA-A_02:01
CASREGDINTGELFF	TRBV09_01	IVTDFSVIK:HLA-A_11:01
CASSYSNLPVFSPNQPQHF	TRBV06-1_01	ARMILMTHF:HLA-B_27
CASSQRLAGAHEQYF	TRBV28_01	TPRVTGGGAM:HLA-B_07:02
CASSFFHPIWGMSSETQYF	TRBV05-6_01	SFHSLHLLF:HLA-A_24:02
CASSPVAGAPHEQYF	TRBV27_01	NLVPMVATV:HLA-A_02:01
CASRLTGEKQETQYF	TRBV07-3_01	RPRGEVRFL:HLA-B_07:02
CASSYGQAYQPQHF	TRBV06-5_01	ARMILMTHF:HLA-B_27
CSVGSGGTNEKLFF	TRBV29-1_01	GLCTLVAML:HLA-A_02:01
CASSVDKGGTDTQYF	TRBV09_01	IIKDYGKQM:HLA-B_42:01
CASSLGQAYEQYF	TRBV07-8_01	FLRGRAYGL:HLA-B_08:01
CASSFGQGEGYEQYF	TRBV04-1_01	RAKFKQLL:HLA-B_08:01
CASSYDNYEQYF	TRBV07-9_01	KRWIILGLNK:HLA-B_27:05
CASSLWAGGSNEQFF	TRBV07-2_01	FPRPWLHGL:HLA-B_42:01
CASSARTGELFF	TRBV09_01	HPVGEADYFEY:HLA-B_35:01
CASSYSGNTEAFF	TRBV06-2_01	TPRVTGGGAM:HLA-B_07:02
CASGTGDSNQPQHF	TRBV12-5_01	EPLPQGQLTAY:HLA-B_35:01
CATSRGQAYEQYF	TRBV15_01	LLWNGPMAV:HLA-A_02
CASSALGGGGTGELFF	TRBV09_01	NLVPMVATV:HLA-A_02:01
CSATLNWGFF	TRBV20-1_01	NEGVKAAW:HLA-B_44:03:08
CASSWGIGSQQETQYF	TRBV05-6_01	FLKEKGGL:HLA-B_08
CASSVRGSPLHF	TRBV09_01	SFHSLHLLF:HLA-A_24:02
CASSLTTGTGSYGYTF	TRBV06-5_01	NLVPMVATV:HLA-A_02:01
CASSFLQVTEAFF	TRBV11-1_01	NLVPMVATV:HLA-A_02:01
CASSLIGHSNQPQHF	TRBV19_01	SLYNTVATL:HLA-A_02:01
CASSARSGELFF	TRBV09_01	HPVGEADYFEY:HLA-B_35:08
CAISTGPDSYEQYF	TRBV10-3_01	EPLPQGQLTAY:HLA-B_35:01
CASSARSGELFF	TRBV09_01	HPVGEADYFEY:HLA-B_35:08
CASSEARWVAGVWTGELFF	TRBV06-1_01	SLYNTVATL:HLA-A_02:01
CASSLIGVSSYNEQFF	TRBV07-9_03	TPRVTGGGAM:HLA-B_07
CASSEVGQLETQYF	TRBV07-8_01	ATDALMTGY:HLA-A_01:01
CASSTTRAGDQPQHF	TRBV07-9_01	RAKFKQLL:HLA-B_08:01
CASSLGTPNEQFF	TRBV12-3_01	TPRVTGGGAM:HLA-B_07:02
CASSAPAGELFF	TRBV09_01	HPVGEADYFEY:HLA-B_35:01
CASSWGQGQLSYEQYF	TRBV27_01	FLKEKGGL:HLA-B_08
CSARDSTGNGYTF	TRBV20-1_01	GLCTLVAML:HLA-A_02:01
CASSLLTGHEQFF	TRBV27_01	RAKFKQLL:HLA-B_08:01
CASSLEAGVSYEQYF	TRBV07-6_01	RPPIFIRRL:HLA-B_07:02
CASSQGVSSTEAFF	TRBV04-3_01	KRWIILGLNK:HLA-B_27:05
CASIDSGAATDTQYF	TRBV07-8_01	CTELKLSDY:HLA-A_01:01
CASSLGAGNYGYTF	TRBV27_01	TPRVTGGGAM:HLA-B_07:02
CASSLGQAYEQYF	TRBV07-8_01	FLRGRAYGL:HLA-B_08:01
CASSFRALAADTQYF	TRBV07-2_01	APQPELPYPQPGS:HLA-DQA1_05:01:01:02
CASSSPTSGDYEQYF	TRBV27_01	GILGFVFTL:HLA-A_02:01
CASSQSPGGTQYF	TRBV14_01	GLCTLVAML:HLA-A_02
CASSLRGNEGFYNEQFF	TRBV07-9_01	SFHSLHLLF:HLA-A_24:02
CASSLGLGVNNEQFF	TRBV07-9_01	RAKFKQLL:HLA-B_08:01
CSVWGEGRSYEQYF	TRBV29-1_01	FLKEKGGL:HLA-B_08
CASSIRSSYEQYF	TRBV19_02	GILGFVFTL:HLA-A_02:01
CASLFTGTSPTDTQYF	TRBV12-3_01	RAKFKQLL:HLA-B_08:01
CASSYVGNTGELFF	TRBV06-5_01	SLLMWITQC:HLA-A_02:01:48
CASSPDPGQLYEQYF	TRBV07-8_01	ATDALMTGY:HLA-A_01:01
CASSGGRNQPQHF	TRBV05-4_01	GILGFVFTL:HLA-A_02:01
CASSLPGQGRTPLHF	TRBV07-2_01	EIYKRWII:HLA-B_08
CASSFRDRGHYEQYF	TRBV07-9_01	TPRVTGGGAM:HLA-B_07:02
CASSLGVNTIYF	TRBV12-3_01	TPQDLNTML:HLA-B_42:01
CASSKEHRGTEDYEQYF	TRBV19_01	EIYKRWII:HLA-B_08
CASSIRSSYEQYF	TRBV19_01	GILGFVFTL:HLA-A_02:01
CASSQDRASPLHEQFF	TRBV04-3_01	FPTKDVAL:HLA-B_35:08
CAWSPGPVNEQFF	TRBV30_01	LLWNGPMAV:HLA-A_02
CASSSRQGGTGELFF	TRBV05-1_01	HSKKKCDEL:HLA-B_08:01
CASSQGTTDTQYF	TRBV06-6_01	KRWIILGLNK:HLA-B_27
CASSQVGHEQFF	TRBV04-3_01	FPTKDVAL:HLA-B_35:08
CASSSHDTGGYNSPLHF	TRBV06-4_01	TPRVTGGGAM:HLA-B_07
CASTAPATNTGELFF	TRBV09_01	ATDALMTGY:HLA-A_01:01
CASSLLIQGGENTEAFF	TRBV27_01	NLVPMVATV:HLA-A_02:01
CASSSIATGANVLTF	TRBV27_01	ATDALMTGY:HLA-A_01:01
CASSSVNEAFF	TRBV19_01	NLVPMVATV:HLA-A_02:01
CASSLVEIRNEQFF	TRBV07-8_01	EIYKRWII:HLA-B_08
CSARGDGQGDLLQETQYF	TRBV20-1_01	GLCTLVAML:HLA-A_02:01
CASMGGASYNEQFF	TRBV19_01	YVLDHLIVV:HLA-A_02:01
CASSLGAAVREQYF	TRBV27_01	LPRRSGAAGA:HLA-B_07:02
CASATGIFNNEQFF	TRBV04-3_01	KRWIILGLNK:HLA-B_27
CAISEVGVGQPQHF	TRBV10-3_01	ELAGIGILTV:HLA-A_02:01:48
CASSLGPASYEQYF	TRBV27_01	TPRVTGGGAM:HLA-B_07:02
CASRDRGLGQPQHF	TRBV12-4_01	MLNIPSINV:HLA-A_02
CASSSAYYGYTF	TRBV12-4_01	NLVPMVATV:HLA-A_02:01
CASSLATDGYTF	TRBV05-6_01	TPQDLNTML:HLA-B_42:01
CSVIGGFGTGELFF	TRBV29-1_01	TPRVTGGGAM:HLA-B_07:02
CASSLTGQETQYF	TRBV07-9_01	NLVPMVATV:HLA-A_02:01
CAWTISDLAKNIQYF	TRBV30_01	NLVPMVATV:HLA-A_02:01
CSASPRGRYNEQFF	TRBV20-1_01	TPGPGVRYPL:HLA-B_07:02
CASSEGRVAPGEQYF	TRBV02_01	GLCTLVAML:HLA-A_02
CATGTGDSNQPQHF	TRBV10-3_01	EPLPQGQLTAY:HLA-B_35:01
CASSSHDLAGVKSEQFF	TRBV07-9_01	TPRVTGGGAM:HLA-B_07:02
CASSLLIQGGENTEAFF	TRBV27_01	NLVPMVATV:HLA-A_02:01
CASSPGQFGNTIYF	TRBV04-3_01	KRWIILGLNK:HLA-B_27:05
CASSLTSEQFF	TRBV12-3_01	NLVPMVATV:HLA-A_02:01
CASSRQSGEREQFF	TRBV07-9_01	KRWIILGLNK:HLA-B_27:05
CASSWAPNTGELFF	TRBV12-3_01	RPHERNGFTVL:HLA-B_07:02
CSASITGTEQYF	TRBV20-1_01	ARMILMTHF:HLA-B_27
CASSSVNEQYF	TRBV12-4_01	NLVPMVATV:HLA-A_02:01
CASRRQGRDNEQFF	TRBV12-4_01	RPRGEVRFL:HLA-B_07:02
CASSYSTGTPGIYTF	TRBV06-5_01	NLVPMVATV:HLA-A_02:01
CASSPHRNTEAFF	TRBV04-3_01	RPHERNGFTVL:HLA-B_07:02
CASTIPPGTSVSGELFF	TRBV11-2_01	KRWIILGLNK:HLA-B_27:05
CASSLLGGNPTQYF	TRBV07-2_01	KRWIIMGLNK:HLA-B_27:05
CASSTSGGGTEAFF	TRBV19_01	GILGFVFTL:HLA-A_02:01
CSVTGTSYEQYF	TRBV29-1_01	YSEHPTFTSQY:HLA-A_01:01
CASSIRSAYEQYF	TRBV19_01	GILGFVFTL:HLA-A_02:01
CASSPSGANVLTF	TRBV27_01	RAKFKQLL:HLA-B_08:01
CASSEASGGFYNEQFF	TRBV02_01	IVTDFSVIK:HLA-A_11:01
CASSQAAGGRAFF	TRBV04-2_01	TQGYFPDWQNY:HLA-B_15
CASSYNIAGELFF	TRBV06-2_01	KLVALGINAV:HLA-A_02
CASSVRPGLAGGGTGELFF	TRBV09_01	HPVGEADYFEY:HLA-B_35:01
CASRGSGVYEQYF	TRBV06-2_01	IIKDYGKQM:HLA-B_42:01
CASSSRGQLDTQYF	TRBV11-2_01	ATDALMTGY:HLA-A_01:01
CSVVAGGADTQYF	TRBV29-1_01	NLVPMVATV:HLA-A_02:01
CATRSTDTQYF	TRBV15_01	GPGHKARVL:HLA-B_07:02
CASSQHDRGFSTEAFF	TRBV07-9_01	TPRVTGGGAM:HLA-B_07:02
CASSPSGGVGTGELFF	TRBV09_01	MLNIPSINV:HLA-A_02
CASSLAPGTTNEKLFF	TRBV07-6_01	NLVPMVATV:HLA-A_02
CASPGLAGEYEQYF	TRBV06-1_01	LPEPLPQGQLTAY:HLA-B_35:08:01
CASSQGQYSHEQYF	TRBV04-3_01	KRWIILGLNK:HLA-B_27:05
CASSIGVYGYTF	TRBV19_01	GILGFVFTL:HLA-A_02:01
CASSPLDTKQQFF	TRBV07-2_01	GILGFVFTL:HLA-A_02:01
CATGLAGGNEQFF	TRBV15_01	LLWNGPMAV:HLA-A_02
CASSEPPGVRGEAFF	TRBV02_01	EIYKRWII:HLA-B_08
CASSLEYSPRPYEQYF	TRBV07-9_01	NLVPMVATV:HLA-A_02:01
CSVGGAYEQYF	TRBV29-1_01	RPPIFIRRL:HLA-B_07:02
CASRAGLAEVSYEQYF	TRBV05-1_01	RAKFKQLL:HLA-B_08:01
CASSLLGGGYAYEQYF	TRBV27_01	RAKFKQLL:HLA-B_08:01
CASSIGVYGYTF	TRBV19_02	GILGFVFTL:HLA-A_02:01
CASRPDRGNTQYF	TRBV07-9_01	SFHSLHLLF:HLA-A_24:02
CASRHQLAQSSYNEQFF	TRBV13_01	ATDALMTGY:HLA-A_01:01
CASSHWDRETSGNTIYF	TRBV06-6_01	NLVPMVATV:HLA-A_02:01
CSVEERVWGGEQYF	TRBV29-1_01	TPRVTGGGAM:HLA-B_07:02
CASSSANYGYTF	TRBV19_01	NLVPMVATV:HLA-A_02:01
CASSRRDATRFAETQYF	TRBV11-3_01	NLVPMVATV:HLA-A_02:01
CSARWDYEQYF	TRBV20-1_01	EIYKRWII:HLA-B_08
CASRRLAGSTDTQYF	TRBV06-5_01	NLVPMVATV:HLA-A_02
CSARLGVGNTIYF	TRBV20-1_01	GLCTLVAML:HLA-A_02
CASSLNGADGYTF	TRBV12-3_01	TPQDLNTML:HLA-B_42:01
CASSEAGQLNEQFF	TRBV11-2_01	ATDALMTGY:HLA-A_01:01
CASSSAFYGYTF	TRBV19_01	NLVPMVATV:HLA-A_02:01
CASSDQSQETQYF	TRBV06-1_01	TPRVTGGGAM:HLA-B_07:02
CASREGDINTGELFF	TRBV09_01	IVTDFSVIK:HLA-A_11:01
CASKWGRDLWQPQHF	TRBV02_01	VLEETSVML:HLA-A_02:01
CASSLALDEAFF	TRBV12-3_01	IPSINVHHY:HLA-B_35:01
CASSSGTSGYEQYF	TRBV05-1_01	QIKVRVKMV:HLA-B_08:01
CASSTRSSYEQYF	TRBV19_01	GILGFVFTL:HLA-A_02:01
CASRTSGEETQYF	TRBV06-2_01	IIKDYGKQM:HLA-B_42:01
CASSSVGVDTQYF	TRBV06-1_01	VAANIVLTV:HLA-A_02
CASSIRSEDTQYF	TRBV19_01	GILGFVFTL:HLA-A_02:01
CAISGGVRSYNEQFF	TRBV10-3_01	HSKKKCDEL:HLA-B_08:01
CASSSRTGELFF	TRBV27_01	KRWIILGLNK:HLA-B_27
CANSLGTSSYEQYF	TRBV04-3_01	KRWIILGLNK:HLA-B_27:05
CASSLGGDIQYF	TRBV12-3_01	KLVALGINAV:HLA-A_02
CASSYQTGTGVYGYTF	TRBV06-5_01	NLVPMVATV:HLA-A_02:01
CASSYLGDSTNSPLHF	TRBV07-9_01	RAKFKQLL:HLA-B_08:01
CASSVDKGGADTQYF	TRBV09_01	IIKDYGKQM:HLA-B_42:01
CSARDLAEGTYEQYF	TRBV20-1_01	KRWIILGLNK:HLA-B_27
CASSISSTGELFF	TRBV19_01	GILGFVFTL:HLA-A_02:01
CASSYGGTEAFF	TRBV06-6_01	EIYKRWII:HLA-B_08
CASSLMDRTEAFF	TRBV07-3_01	EIYKRWII:HLA-B_08
CASSQEGGGQGQPQHF	TRBV04-1_01	TPQDLNTML:HLA-B_42:01
CASSLTVAGDTEAFF	TRBV07-9_01	RAKFKQLL:HLA-B_08:01
CASSPGPQRGGLETQYF	TRBV05-1_01	HSKKKCDEL:HLA-B_08:01
CASSLDDGRRPLHF	TRBV07-8_01	EIYKRWII:HLA-B_08
CASSFLPGQGSYYSNQPQHF	TRBV06-2_01	FLKEKGGL:HLA-B_08:01
CASSEDESYEQYF	TRBV06-6_01	RLRPGGKKR:HLA-A_03:01
CASAPGLMSYEQYF	TRBV04-3_01	KRWIIMGLNK:HLA-B_27:05
CSVRGEGDTQYF	TRBV29-1_01	GLCTLVAML:HLA-A_02:01
CASPGETEAFF	TRBV06-1_01	LPEPLPQGQLTAY:HLA-B_35:08
CASSYVGLGSPLHF	TRBV06-5_01	NLVPMVATV:HLA-A_02
CATRIGWGTDTQYF	TRBV05-1_01	RPRGEVRFL:HLA-B_07:02
CASSEGRVLPGELFF	TRBV02_01	GLCTLVAML:HLA-A_02:01
CASSLIYRGGDGYTF	TRBV11-2_01	GPGHKARVL:HLA-B_07:02
CASRPGLAGGRPEQYF	TRBV06-5_01	LGYGFVNYI:HLA-A_02:01:48
CASSQDITFPKQFF	TRBV04-3_01	KRWIILGLNK:HLA-B_27:05
CASSLRSTGELFF	TRBV19_01	GILGFVFTL:HLA-A_02:01
CASSQGSGATNEQFF	TRBV07-2_01	VSFIEFVGW:HLA-B_57:01
CASSQETGSASQHF	TRBV04-1_01	RPPIFIRRL:HLA-B_07:02
CASSVSTGEAYGYTF	TRBV09_01	GPGHKARVL:HLA-B_07:02
CASSAGTINTGELFF	TRBV09_01	ATDALMTGY:HLA-A_01:01
CASSQNQDMGTEAFF	TRBV04-1_01	GLCTLVAML:HLA-A_02:01
CASSQEGGGGGQPQHF	TRBV04-1_01	TPQDLNTML:HLA-B_42:01
CASSLGWGLDQPQHF	TRBV05-6_01	RLRPGGRKR:HLA-A_03:01
CASREGQGGTEAFF	TRBV06-5_01	KRWIIMGLNK:HLA-B_27:05
CASSLDRAGDTQYF	TRBV05-6_01	RLRPGGKKR:HLA-A_03:01
CASSPDRAQTQYF	TRBV07-9_01	SFHSLHLLF:HLA-A_24:02
CASSLRSTGELFF	TRBV19_01	GILGFVFTL:HLA-A_02:01
CASSQGRGDYGYTF	TRBV04-3_01	KRWIILGLNK:HLA-B_27
CASSQVSTGETQYF	TRBV14_01	QYDPVAALF:HLA-A_24:02
CASSDRTGGGETQYF	TRBV28_01	SLYNTVATL:HLA-A_02
CASSIRAGETQYF	TRBV19_01	GILGFVFTL:HLA-A_02:01
CASSPIEGLAKNIQYF	TRBV07-8_01	FLKEKGGL:HLA-B_08
CSVGADGTNEKLFF	TRBV29-1_01	GLCTLVAML:HLA-A_02:01
CASSLYGGGDQPQHF	TRBV07-2_01	FPRPWLHGL:HLA-B_42:01
CSSQEGGYGYTF	TRBV29-1_01	GLCTLVAML:HLA-A_02:01
CASSLSGGGDTQYF	TRBV27_01	FLGKIWPSHK:HLA-A_02:01
CAWTETGLSGNTIYF	TRBV30_01	RPRGEVRFL:HLA-B_07:02
CASSIRSSYEQYF	TRBV19_01	GILGFVFTL:HLA-A_02:01
CASSATFNDNEKLFF	TRBV10-1_01	NLSALGIFST:HLA-A_02
CASSLDRAGDTQYF	TRBV05-6_01	RLRPGGKKR:HLA-A_03:01
CASSEDKGGGDTQYF	TRBV09_01	IIKDYGKQM:HLA-B_42:01
CASSESMIQHF	TRBV10-2_01	NLVPMVATV:HLA-A_02:01
CASSFQTGASYGYTF	TRBV06-5_01	NLVPMVATV:HLA-A_02:01
CASSSAHYGYTF	TRBV12-4_01	NLVPMVATV:HLA-A_02:01
CATAEGAGELFF	TRBV19_01	TPRVTGGGAM:HLA-B_07:02
CASRVGGAGNSPLHF	TRBV27_01	TPRVTGGGAM:HLA-B_07:02
CASSLAPGATNEKLFF	TRBV07-6_01	NLVPMVATV:HLA-A_02:01
CASSARSGELFF	TRBV09_01	HPVGEADYFEY:HLA-B_35:01
CSGGQGEGEQFF	TRBV29-1_01	RAKFKQLL:HLA-B_08:01
CASPGLAGEYEQYF	TRBV06-1_01	LPEGLPQGQLTAY:HLA-B_35:08
CASSSVNEQYF	TRBV19_01	NLVPMVATV:HLA-A_02:01
CSGGGYGSGTYEQYF	TRBV29-1_01	FPRPWLHGL:HLA-B_42:01
CASSGRSSQPQHF	TRBV19_01	GILGFVFTL:HLA-A_02:01
CASSLKGQVGEQYF	TRBV28_01	ARMILMTHF:HLA-B_27
CASSVRQEPYNEQFF	TRBV07-8_01	VLEETSVML:HLA-A_02:01
CASSPLIGTSGTEAFF	TRBV04-2_01	RAKFKQLL:HLA-B_08:01
CASSIEGPTGELFF	TRBV19_01	VAANIVLTV:HLA-A_02
CASSLLGQDNSPLHF	TRBV07-9_01	RAKFKQLL:HLA-B_08:01
CASSVGAGVFTDTQYF	TRBV09_01	NLVPMVATV:HLA-A_02:01
CASRPGLAGGRPEQYF	TRBV06-5_01	LLFGPVYV:HLA-A_02:01:48
CSVGTATNEKLFF	TRBV29-1_01	GLCTLVAML:HLA-A_02
CASSSNPGTSGGYSYEQYF	TRBV28_01	FLKEKGGL:HLA-B_08
CSVGTGGTNEKLFF	TRBV29-1_01	GLCTLVAML:HLA-A_02:01
CASSIRASYEQYF	TRBV19_01	GILGFVFTL:HLA-A_02:01
CASSVWGTDTQYF	TRBV09_01	RPRGEVRFL:HLA-B_07:02
CASSGTRQISGTEAFF	TRBV02_01	ATDALMTGY:HLA-A_01
CAISESQGNTEAFF	TRBV10-3_01	ATDALMTGY:HLA-A_01:01
CASSQAAASGPYEQYF	TRBV04-1_01	GPGHKARVL:HLA-B_07:02
CASSIGQGPYEQYF	TRBV19_01	NEGVKAAW:HLA-B_44:03:08
CASSVWGTDTQYF	TRBV09_01	RPRGEVRFL:HLA-B_07:02
CASSQDGVRMEGYTF	TRBV04-1_01	SFHSLHLLF:HLA-A_24:02
CASSARSGELFF	TRBV09_01	HPVGEADYFEY:HLA-B_35:08
CASSLQRGRTDTQYF	TRBV11-2_01	VLEETSVML:HLA-A_02:01
CASSPRTGGTEAFF	TRBV07-9_01	LPPIVAKEI:HLA-B_42:01
CASSSLNTEAFF	TRBV27_01	RAKFKQLL:HLA-B_08:01
CASSIRSSYEQYF	TRBV19_01	GILGFVFTL:HLA-A_02:01
CASSWLAGTREEQYF	TRBV07-8_01	RAKFKQLL:HLA-B_08:01
CSVMLANQETQYF	TRBV29-1_01	CLGGLLTMV:HLA-A_02
CASSSSWGYGYTF	TRBV07-9_01	TPRVTGGGAM:HLA-B_07:02
CASSNRTGVPTGELFF	TRBV07-9_01	TPRVTGGGAM:HLA-B_07:02
CASSLRQGGLTEAFF	TRBV27_01	ATDALMTGY:HLA-A_01:01
CSARPIDSSNQPQHF	TRBV20-1_01	ATDALMTGY:HLA-A_01
CASSFQGERTEAFF	TRBV07-8_01	EIYKRWII:HLA-B_08
CAIRTRIGETQYF	TRBV10-3_01	HSKKKCDEL:HLA-B_08:01
CASSLFSGGDQPQHF	TRBV07-2_01	FPRPWLHGL:HLA-B_42:01
CASSSANYGYTF	TRBV19_01	NLVPMVATV:HLA-A_02:01
CSARDRVGNTIYF	TRBV20-1_01	GLCTLVAML:HLA-A_02:01
CASSLGTGPSYEQYF	TRBV07-8_01	ATDALMTGY:HLA-A_01:01
CASSYQTGASYGYTF	TRBV06-1_01	NLVPMVATV:HLA-A_02:01
CASSARTGELFF	TRBV09_01	HPVGEADYFEY:HLA-B_35:01
CASTPAGGAPGELFF	TRBV27_01	NLVPMVATV:HLA-A_02:01
CASSMRRGTDTQYF	TRBV19_01	LLWNGPMAV:HLA-A_02
CASSARQGIDTGELFF	TRBV07-9_01	TPRVTGGGAM:HLA-B_07:02
CASSMISINEQFF	TRBV19_02	GILGFVFTL:HLA-A_02:01
CASSRLTVDRSDTGELFF	TRBV04-1_01	HSKKKCDEL:HLA-B_08:01
CASSSANYGYTF	TRBV12-3_01	NLVPMVATV:HLA-A_02:01
CASRPKSPLHF	TRBV05-4_01	MLNIPSINV:HLA-A_02
CASSDHSVTGISSPLHF	TRBV07-9_03	TPRVTGGGAM:HLA-B_07
CASSEFPAGVYEQFF	TRBV06-1_01	FLKEKGGL:HLA-B_08
CASSYFDEKLFF	TRBV02_01	NLVPMVATV:HLA-A_02:01
CASSLGQAYEQYF	TRBV07-8_01	FLRGRAYGL:HLA-B_08:01
CASSVLGGYTF	TRBV12-3_01	TPQDLNTML:HLA-B_81:01
CASSPGTLKETQYF	TRBV12-3_01	NLVPMVATV:HLA-A_02:01
CASSLGYTEAFF	TRBV12-3_01	TPQDLNTML:HLA-B_81:01
CASRLQTGTIYGYTF	TRBV06-5_01	NLVPMVATV:HLA-A_02
CASSLTTGYGYTF	TRBV07-8_01	ATDALMTGY:HLA-A_01:01
CASRTLAGPNTGELFF	TRBV07-2_01	RPPIFIRRL:HLA-B_07:02
CASSPYGQFYEQYF	TRBV18_01	NLVPMVATV:HLA-A_02:01
CASSLVSGGWTEAFF	TRBV11-2_01	VLEETSVML:HLA-A_02:01
CASSVLAGLGNEQFF	TRBV02_01	FLKEKGGL:HLA-B_08
CASSVESGGLSYEQYF	TRBV09_01	LPRRSGAAGA:HLA-B_07:02
CASLFTGTSPTDTQYF	TRBV12-3_01	RAKFKQLL:HLA-B_08:01
CATSRPTSGSDEQFF	TRBV15_01	YSEHPTFTSQY:HLA-A_01:01
CASSGRSTDTQYF	TRBV19_01	GILGFVFTL:HLA-A_02:01
CASSLASSGYTGELFF	TRBV11-2_01	YPLHEQHGM:HLA-B_35:01
CASSLAVLSSYNEQFF	TRBV07-3_01	RAKFKQLL:HLA-B_08:01
CASSIRSSYEQYF	TRBV19_02	GILGFVFTL:HLA-A_02:01
CASSTGTVYNEQFF	TRBV12-3_01	KRWIILGLNK:HLA-B_27:05
CASSLGQLREAFF	TRBV12-3_01	TPQDLNTML:HLA-B_81:01
CSVGTGGTNEKLFF	TRBV29-1_01	GLCTLVAML:HLA-A_02
CASNPGTGTDTQYF	TRBV10-1_01	IPSINVHHY:HLA-B_35
CASSSANYGYTF	TRBV12-4_01	NLVPMVATV:HLA-A_02:01
CASSIQALLTF	TRBV12-4_01	NLVPMVATV:HLA-A_02:01
CASSLSWGGFYNEQFF	TRBV27_01	TPRVTGGGAM:HLA-B_07:02
CASSQSPGGFQYF	TRBV14_01	GLCTLVAML:HLA-A_02
CSVGAGDYEQYF	TRBV29-1_01	RAKFKQLL:HLA-B_08:01
CASSLEGSYEQYF	TRBV28_01	RAKFKQLL:HLA-B_08:01
CASSKQGRGTDTQYF	TRBV07-9_01	RAKFKQLL:HLA-B_08:01
CATSDLSQGVDTQYF	TRBV24-1_01	LLLGIGILV:HLA-A_02
CSVEPSGGSNEQFF	TRBV29-1_01	NEGVKAAW:HLA-B_44:03:08
CASLYRSSTDTQYF	TRBV12-4_01	RPPIFIRRL:HLA-B_07:02
CATHRAGGFNEQFF	TRBV15_01	VTEHDTLLY:HLA-A_01:01
CATSSPMGSTDTQYF	TRBV15_01	YSEHPTFTSQY:HLA-A_01:01
CASSSANYGYTF	TRBV19_01	NLVPMVATV:HLA-A_02:01
CASSRGQGSADTQYF	TRBV05-5_01	YVLDHLIVV:HLA-A_02:01
CASSTPGLAGRHNEQFF	TRBV11-3_01	TPGPGVRYPL:HLA-B_07:02
CASSLSTAPNEKLFF	TRBV28_01	IPSINVHHY:HLA-B_35:01
CASSDSYGYTF	TRBV25-1_01	KLVALGINAV:HLA-A_02
CASGTGDSNQPQHF	TRBV12-5_01	EPLPQGQLTAY:HLA-B_35:01
CASSQDRRDTYTYEQYF	TRBV04-1_01	EIYKRWII:HLA-B_08
CASSYSSGKTDTQYF	TRBV11-2_01	GLCTLVAML:HLA-A_02:01
CSARDRVGNGYTF	TRBV20-1_01	GLCTLVAML:HLA-A_02:01
CSVGSGGTNEKLFF	TRBV29-1_01	GLCTLVAML:HLA-A_02:01
CASSSWDTGELFF	TRBV07-9_01	RYPLTLGWCF:HLA-A_24:02:84
CASSSANYGYTF	TRBV19_01	NLVPMVATV:HLA-A_02:01
CASSLGAAGRELFF	TRBV27_01	TPRVTGGGAM:HLA-B_07:02
CASSYSRTDLKNIQYF	TRBV06-2_01	TPGPGVRYPL:HLA-B_42:01
CASSQGTGGGYGYTF	TRBV04-2_01	RAKFKQLL:HLA-B_08:01
CASSIVNEAFF	TRBV12-4_01	NLVPMVATV:HLA-A_02:01
CASSTRSSYEQYF	TRBV19_01	GILGFVFTL:HLA-A_02:01
CASRLQGINEKLFF	TRBV12-4_01	RPRGEVRFL:HLA-B_07:02
CASSLIRGTGELFF	TRBV03-1_01	RAKFKQLL:HLA-B_08:01
CASSFSGGAPGELFF	TRBV27_01	NLVPMVATV:HLA-A_02:01
CASSYSPPIPGQGIDEQYF	TRBV06-5_01	YSEHPTFTSQY:HLA-A_01:01
CASSIRRIDPYNEQFF	TRBV19_01	KLVALGINAV:HLA-A_02
CASSMGSYGYTF	TRBV19_01	GILGFVFTL:HLA-A_02:01
CASTGGRGSPLHF	TRBV13_01	EIYKRWII:HLA-B_08
CASSVWGTDTQYF	TRBV09_01	RPRGEVRFL:HLA-B_07:02
CASRPQGREETQYF	TRBV12-4_01	RPRGEVRFL:HLA-B_07:02
CASSPLTSGGARDTQYF	TRBV05-1_01	EIYKRWII:HLA-B_08
CATSEAASSWTGELFF	TRBV24-1_01	RPRGEVRFL:HLA-B_07:02
CASSLDPAGQGYEQYF	TRBV11-2_01	IPSINVHHY:HLA-B_35:01
CSVEGYGQGIGYNEQFF	TRBV29-1_01	NLVPMVATV:HLA-A_02:01
CASSLAPGATNEKLFF	TRBV07-9_01	NLVPMVATV:HLA-A_02:01
CASSFVDSLSNQPQHF	TRBV05-1_01	KRWIILGLNK:HLA-B_27:05
CASIPEGGRETQYF	TRBV07-8_01	GLCTLVAML:HLA-A_02:01
CASSIRSAYEQYF	TRBV19_01	GILGFVFTL:HLA-A_02:01
CASSIFGEQFF	TRBV19_01	NEGVKAAW:HLA-B_44:03:08
CASGLGSSPMFNEQFF	TRBV12-5_01	TPRVTGGGAM:HLA-B_07:02
CAISTGDSNQPQHF	TRBV10-3_01	EPLPQGQLTAY:HLA-B_35:01
