CASRDRLVSYEQYF	TRBV06-2_01	VTEHDTLLY:HLA-A_01:01
CASSWTGPSYEQYF	TRBV05-1_01	VTEHDTLLY:HLA-A_01:01
CASSYSSSSYNEQFF	TRBV06-6_01	CTELKLSDY:HLA-A_01:01
CASRASGLASNEQFF	TRBV07-9_01	NLVPMVATV:HLA-A_02:01
CASSDAGFRTQYF	TRBV10-1_01	NLVPMVATV:HLA-A_02:01
CASSFQGYTEAFF	TRBV28_01	NLVPMVATV:HLA-A_02:01
CASSFSSLNTGELFF	TRBV28_01	NLVPMVATV:HLA-A_02:01
CASSLAGYEQYF	TRBV12-3_01	NLVPMVATV:HLA-A_02:01
CASSLEGFTEAFF	TRBV27_01	NLVPMVATV:HLA-A_02:01
CASSYTLPGTVPQRNQPQHF	TRBV06-2_01	GILGFVFTL:HLA-A_02:01
CATSSGYEAGDNYEQYF	TRBV24-1_01	NLVPMVATV:HLA-A_02:01
CSVVAGGADTQYF	TRBV29-1_01	NLVPMVATV:HLA-A_02:01
CACRPRALYGYTF	TRBV30_01	VTEHDTLLY:HLA-A_01:01
CAGTLAGGTDTQYF	TRBV07-9_01	VTEHDTLLY:HLA-A_01:01
CAPRGGTNTGELFF	TRBV04-2_01	VTEHDTLLY:HLA-A_01:01
CASGLDGGPEQFF	TRBV12-5_01	VTEHDTLLY:HLA-A_01:01
CASNWQGPYNEQFF	TRBV14_01	VTEHDTLLY:HLA-A_01:01
CASREEGCQPQHF	TRBV14_01	VTEHDTLLY:HLA-A_01:01
CASRHNTQASHEQYF	TRBV07-9_01	VTEHDTLLY:HLA-A_01:01
CASRKGGSDTQYF	TRBV14_01	VTEHDTLLY:HLA-A_01:01
CASRTSRQGIPEAFF	TRBV12-3_01	VTEHDTLLY:HLA-A_01:01
CASSAAGALGYTF	TRBV07-3_01	VTEHDTLLY:HLA-A_01:01
CASSADRDRGLDTGELFF	TRBV07-9_01	VTEHDTLLY:HLA-A_01:01
CASSDLAVSYNEQFF	TRBV28_01	VTEHDTLLY:HLA-A_01:01
CASSEAHAVYEQYF	TRBV06-1_01	VTEHDTLLY:HLA-A_01:01
CASSESLLTEQFF	TRBV07-8_01	VTEHDTLLY:HLA-A_01:01
CASSFITDTQYF	TRBV07-9_01	VTEHDTLLY:HLA-A_01:01
CASSFPVLAGLSSTDTQYF	TRBV07-9_01	VTEHDTLLY:HLA-A_01:01
CASSFRAGYNEQFF	TRBV07-6_01	VTEHDTLLY:HLA-A_01:01
CASSGEREDNEQFF	TRBV07-9_01	VTEHDTLLY:HLA-A_01:01
CASSGGQGPLKELTYEQYF	TRBV07-6_01	VTEHDTLLY:HLA-A_01:01
CASSGPSNEQFF	TRBV09_01	VTEHDTLLY:HLA-A_01:01
CASSGTSLGGELFF	TRBV06-5_01	VTEHDTLLY:HLA-A_01:01
CASSLAGAGNEQFF	TRBV07-3_01	VTEHDTLLY:HLA-A_01:01
CASSLAPASGRRDNEQFF	TRBV07-8_01	VTEHDTLLY:HLA-A_01:01
CASSLAPDRVEGQPQHF	TRBV07-2_01	VTEHDTLLY:HLA-A_01:01
CASSLAQGYEQYF	TRBV07-8_01	VTEHDTLLY:HLA-A_01:01
CASSLASTGELFF	TRBV07-9_01	VTEHDTLLY:HLA-A_01:01
CASSLAVGDSPLHF	TRBV07-6_01	VTEHDTLLY:HLA-A_01:01
CASSLEAGDQPQHF	TRBV07-6_01	VTEHDTLLY:HLA-A_01:01
CASSLEAGGQPQHF	TRBV07-3_01	VTEHDTLLY:HLA-A_01:01
CASSLEGLAAQETQYF	TRBV07-2_01	VTEHDTLLY:HLA-A_01:01
CASSLEGSTDTQYF	TRBV07-9_01	VTEHDTLLY:HLA-A_01:01
CASSLEREDYEQYF	TRBV07-6_01	VTEHDTLLY:HLA-A_01:01
CASSLFGDNEKLFF	TRBV07-8_01	VTEHDTLLY:HLA-A_01:01
CASSLFGGNTEAFF	TRBV07-8_01	VTEHDTLLY:HLA-A_01:01
CASSLFSSGQETQYF	TRBV07-7_01	VTEHDTLLY:HLA-A_01:01
CASSLGGEQFF	TRBV07-9_01	VTEHDTLLY:HLA-A_01:01
CASSLGGSGYEQYF	TRBV07-9_01	VTEHDTLLY:HLA-A_01:01
CASSLGTSGSYEQYF	TRBV04-1_01	VTEHDTLLY:HLA-A_01:01
CASSLGVAGEAFF	TRBV07-8_01	VTEHDTLLY:HLA-A_01:01
CASSLGYGTEAFF	TRBV07-3_01	VTEHDTLLY:HLA-A_01:01
CASSLHETGMNTEAFF	TRBV04-3_01	VTEHDTLLY:HLA-A_01:01
CASSLIASPADTQYF	TRBV07-3_01	VTEHDTLLY:HLA-A_01:01
CASSLLSGTSYEQYF	TRBV07-8_01	VTEHDTLLY:HLA-A_01:01
CASSLNPRQGRDEQYF	TRBV07-8_01	VTEHDTLLY:HLA-A_01:01
CASSLPAGDIQYF	TRBV07-9_01	VTEHDTLLY:HLA-A_01:01
CASSLPGPKEQYF	TRBV07-9_01	VTEHDTLLY:HLA-A_01:01
CASSLPLTDTQYF	TRBV07-9_01	VTEHDTLLY:HLA-A_01:01
CASSLPSGRAYEQYF	TRBV07-9_01	VTEHDTLLY:HLA-A_01:01
CASSLRGAGVFETQYF	TRBV07-8_01	VTEHDTLLY:HLA-A_01:01
CASSLRRGPDTGELFF	TRBV07-9_01	VTEHDTLLY:HLA-A_01:01
CASSLRRLAGQYEQFF	TRBV07-2_01	VTEHDTLLY:HLA-A_01:01
CASSLSGLGDNEQFF	TRBV07-3_01	VTEHDTLLY:HLA-A_01:01
CASSLSGSYEQYF	TRBV07-9_01	VTEHDTLLY:HLA-A_01:01
CASSLSLAGIPDTQYF	TRBV07-3_01	VTEHDTLLY:HLA-A_01:01
CASSLSLAGREQFF	TRBV07-3_01	VTEHDTLLY:HLA-A_01:01
CASSLSTSEQFF	TRBV07-8_01	VTEHDTLLY:HLA-A_01:01
CASSLTDTQYF	TRBV07-2_01	VTEHDTLLY:HLA-A_01:01
CASSLTGLAGTGELFF	TRBV07-3_01	VTEHDTLLY:HLA-A_01:01
CASSLVDLVHGYTF	TRBV07-8_01	VTEHDTLLY:HLA-A_01:01
CASSLVEQGIEQYF	TRBV07-8_01	VTEHDTLLY:HLA-A_01:01
CASSLVRVRTSGYYEQYF	TRBV07-8_01	VTEHDTLLY:HLA-A_01:01
CASSLVVPQLPTYEQYF	TRBV07-4_01	VTEHDTLLY:HLA-A_01:01
CASSPDTGELFF	TRBV04-2_01	VTEHDTLLY:HLA-A_01:01
CASSPEGAQSYEQYF	TRBV07-9_01	VTEHDTLLY:HLA-A_01:01
CASSPEWGYEQYF	TRBV07-9_01	VTEHDTLLY:HLA-A_01:01
CASSPGAVYEQYF	TRBV07-2_01	VTEHDTLLY:HLA-A_01:01
CASSPGPGAGYGYTF	TRBV04-1_01	VTEHDTLLY:HLA-A_01:01
CASSPGQDTDTQYF	TRBV07-8_01	VTEHDTLLY:HLA-A_01:01
CASSPGQLLTF	TRBV04-1_01	VTEHDTLLY:HLA-A_01:01
CASSPGSTDTQYF	TRBV04-3_01	VTEHDTLLY:HLA-A_01:01
CASSPIGGLEETQYF	TRBV04-1_01	VTEHDTLLY:HLA-A_01:01
CASSPPGIGGYNEQFF	TRBV07-8_01	VTEHDTLLY:HLA-A_01:01
CASSPPLGAQQFF	TRBV07-9_01	VTEHDTLLY:HLA-A_01:01
CASSPQGINTEAFF	TRBV07-9_01	VTEHDTLLY:HLA-A_01:01
CASSPRSGLGPYNEQFF	TRBV07-3_01	VTEHDTLLY:HLA-A_01:01
CASSPRTGLNTEAFF	TRBV04-2_01	VTEHDTLLY:HLA-A_01:01
CASSPRTSGNEQFF	TRBV07-8_01	VTEHDTLLY:HLA-A_01:01
CASSPTGGGTGELFF	TRBV06-6_01	VTEHDTLLY:HLA-A_01:01
CASSPTGGNTGELFF	TRBV07-3_01	VTEHDTLLY:HLA-A_01:01
CASSPTGGSSYEQYF	TRBV07-3_01	VTEHDTLLY:HLA-A_01:01
CASSPTWSPYEQYF	TRBV07-8_01	VTEHDTLLY:HLA-A_01:01
CASSPVAGGNHNEQFF	TRBV07-9_01	VTEHDTLLY:HLA-A_01:01
CASSPVGGSYNEQFF	TRBV07-6_01	VTEHDTLLY:HLA-A_01:01
CASSQAGSNYGYTF	TRBV04-1_01	VTEHDTLLY:HLA-A_01:01
CASSQAPRGWDEQYF	TRBV04-1_01	VTEHDTLLY:HLA-A_01:01
CASSQDAQGGGSYNEQFF	TRBV04-1_01	VTEHDTLLY:HLA-A_01:01
CASSQDFLQTFNQPQHF	TRBV04-1_01	VTEHDTLLY:HLA-A_01:01
CASSQDGRAQGGEAFF	TRBV04-3_01	VTEHDTLLY:HLA-A_01:01
CASSQDGTGIGGKLFF	TRBV04-2_01	VTEHDTLLY:HLA-A_01:01
CASSQDIGVSYEQYF	TRBV04-1_01	VTEHDTLLY:HLA-A_01:01
CASSQDISDTDTQYF	TRBV07-9_01	VTEHDTLLY:HLA-A_01:01
CASSQDKTRSRGSYNEQFF	TRBV04-3_01	VTEHDTLLY:HLA-A_01:01
CASSQDRAGLYEQYF	TRBV04-3_01	VTEHDTLLY:HLA-A_01:01
CASSQDRNSGYGYTF	TRBV04-1_01	VTEHDTLLY:HLA-A_01:01
CASSQDRQGWNEQYF	TRBV04-3_01	VTEHDTLLY:HLA-A_01:01
CASSQDRRGGNYEQYF	TRBV04-3_01	VTEHDTLLY:HLA-A_01:01
CASSQDRRRAWNEQFF	TRBV04-1_01	VTEHDTLLY:HLA-A_01:01
CASSQDRSLEQYF	TRBV04-3_01	VTEHDTLLY:HLA-A_01:01
CASSQDRTGGGGYTF	TRBV04-3_01	VTEHDTLLY:HLA-A_01:01
CASSQDTGLGVGAYEQYF	TRBV04-3_01	VTEHDTLLY:HLA-A_01:01
CASSQDTGQGVEQYF	TRBV04-3_01	VTEHDTLLY:HLA-A_01:01
CASSQDTKGANTEAFF	TRBV04-1_01	VTEHDTLLY:HLA-A_01:01
CASSQDWDTQYF	TRBV14_01	VTEHDTLLY:HLA-A_01:01
CASSQERSMNTEAFF	TRBV04-1_01	VTEHDTLLY:HLA-A_01:01
CASSQESGGGYEQFF	TRBV04-1_01	VTEHDTLLY:HLA-A_01:01
CASSQETIAKNIQYF	TRBV04-1_01	VTEHDTLLY:HLA-A_01:01
CASSQGGSDTQYF	TRBV04-2_01	VTEHDTLLY:HLA-A_01:01
CASSQGPGQGANYGYTF	TRBV04-1_01	VTEHDTLLY:HLA-A_01:01
CASSQGQVGDGYTF	TRBV04-1_01	VTEHDTLLY:HLA-A_01:01
CASSQGRGDTEAFF	TRBV04-1_01	VTEHDTLLY:HLA-A_01:01
CASSQGRGRNTEAFF	TRBV04-3_01	VTEHDTLLY:HLA-A_01:01
CASSQGSAPSYEQYF	TRBV04-3_01	VTEHDTLLY:HLA-A_01:01
CASSQGTATNSPLHF	TRBV04-2_01	VTEHDTLLY:HLA-A_01:01
CASSQGTGGDEQYF	TRBV04-2_01	VTEHDTLLY:HLA-A_01:01
CASSQGTGNTEAFF	TRBV04-3_01	VTEHDTLLY:HLA-A_01:01
CASSQGTVDEQFF	TRBV04-3_01	VTEHDTLLY:HLA-A_01:01
CASSQLAGVVTQYF	TRBV07-9_01	VTEHDTLLY:HLA-A_01:01
CASSQLAGVVTQYF	TRBV04-1_01	VTEHDTLLY:HLA-A_01:01
CASSQLGQGNTGELFF	TRBV04-1_01	VTEHDTLLY:HLA-A_01:01
CASSQLPGPEAFF	TRBV04-1_01	VTEHDTLLY:HLA-A_01:01
CASSQMEQLEQYF	TRBV04-1_01	VTEHDTLLY:HLA-A_01:01
CASSQPGLAVEQYF	TRBV04-1_01	VTEHDTLLY:HLA-A_01:01
CASSQSRSSYNEQFF	TRBV04-1_01	VTEHDTLLY:HLA-A_01:01
CASSQVGTGSINEQFF	TRBV04-3_01	VTEHDTLLY:HLA-A_01:01
CASSQVQGAYEQYF	TRBV04-1_01	VTEHDTLLY:HLA-A_01:01
CASSQVQGTDTQYF	TRBV04-1_01	VTEHDTLLY:HLA-A_01:01
CASSRAGTGGSETQYF	TRBV07-9_01	VTEHDTLLY:HLA-A_01:01
CASSRDRGPIGEQYF	TRBV07-9_01	VTEHDTLLY:HLA-A_01:01
CASSRRGQNTEAFF	TRBV07-3_01	VTEHDTLLY:HLA-A_01:01
CASSRTLNTEAFF	TRBV04-3_01	VTEHDTLLY:HLA-A_01:01
CASSRYRQYNQPQHF	TRBV04-1_01	VTEHDTLLY:HLA-A_01:01
CASSSGGPRAEQFF	TRBV07-9_01	CTELKLSDY:HLA-A_01:01
CASSSGLGGPETQYF	TRBV07-8_01	VTEHDTLLY:HLA-A_01:01
CASSSIAGPIEQFF	TRBV07-9_01	VTEHDTLLY:HLA-A_01:01
CASSSIWTSGREETQYF	TRBV07-8_01	VTEHDTLLY:HLA-A_01:01
CASSSLERGWETQYF	TRBV04-1_01	VTEHDTLLY:HLA-A_01:01
CASSSLGTRSPLHF	TRBV04-1_01	VTEHDTLLY:HLA-A_01:01
CASSSNRAGELFF	TRBV07-7_01	VTEHDTLLY:HLA-A_01:01
CASSSSGQVYEQYF	TRBV07-9_01	VTEHDTLLY:HLA-A_01:01
CASSSSSGRTTDTQYF	TRBV07-3_01	VTEHDTLLY:HLA-A_01:01
CASSSTLGTQYF	TRBV07-9_01	VTEHDTLLY:HLA-A_01:01
CASSTEGLLSTDTQYF	TRBV07-8_01	VTEHDTLLY:HLA-A_01:01
CASSTSRSGGIDTQYF	TRBV07-9_01	VTEHDTLLY:HLA-A_01:01
CASSWDSSYEQYF	TRBV07-9_01	VTEHDTLLY:HLA-A_01:01
CASSWSGGGARDTQYF	TRBV07-9_01	VTEHDTLLY:HLA-A_01:01
CASSWSGGGASATQYF	TRBV07-9_01	VTEHDTLLY:HLA-A_01:01
CASSYDRGDYEQYF	TRBV07-9_01	VTEHDTLLY:HLA-A_01:01
CASSYGGGGYEQFF	TRBV06-5_01	VTEHDTLLY:HLA-A_01:01
CASSYGGPLADTQYF	TRBV06-5_01	VTEHDTLLY:HLA-A_01:01
CASSYLAGEGYEQYF	TRBV06-5_01	VTEHDTLLY:HLA-A_01:01
CASSYPSNPGGTEAFF	TRBV07-8_01	VTEHDTLLY:HLA-A_01:01
CASSYSAGGPYEQYF	TRBV07-3_01	VTEHDTLLY:HLA-A_01:01
CASSYYSSNYGYTF	TRBV06-5_01	VTEHDTLLY:HLA-A_01:01
CASTHAGRPYEQYF	TRBV07-2_01	VTEHDTLLY:HLA-A_01:01
CASTLLGGKYEQYF	TRBV07-9_01	VTEHDTLLY:HLA-A_01:01
CASTPGATTGELFF	TRBV07-8_01	VTEHDTLLY:HLA-A_01:01
CATDHGGTDEAFF	TRBV07-8_01	VTEHDTLLY:HLA-A_01:01
CATSPRGGNQPQHF	TRBV15_01	VTEHDTLLY:HLA-A_01:01
CATSRDLSFGYGYTF	TRBV15_01	CTELKLSDY:HLA-A_01:01
CATSREQNNSPLHF	TRBV15_01	CTELKLSDY:HLA-A_01:01
CATVGGIDQPQHF	TRBV10-3_01	CTELKLSDY:HLA-A_01:01
CAWNKGIAGYTF	TRBV30_01	VTEHDTLLY:HLA-A_01:01
CAWRPEPGQEEFNAYF	TRBV30_01	VTEHDTLLY:HLA-A_01:01
CAWSAGVNTGELFF	TRBV30_01	VTEHDTLLY:HLA-A_01:01
CAWSLPASYEQYF	TRBV30_01	VTEHDTLLY:HLA-A_01:01
CAWSLVEGTGELFF	TRBV30_01	VTEHDTLLY:HLA-A_01:01
CAWSVLGGAVETQYF	TRBV30_01	VTEHDTLLY:HLA-A_01:01
CAWSVYRGYEQYF	TRBV30_01	VTEHDTLLY:HLA-A_01:01
CAWSWSGGGTGELFF	TRBV30_01	VTEHDTLLY:HLA-A_01:01
CAWSWSSTDTQYF	TRBV30_01	VTEHDTLLY:HLA-A_01:01
CAWTSGGASEQYF	TRBV30_01	VTEHDTLLY:HLA-A_01:01
CSAEIADYEQYF	TRBV29-1_01	CTELKLSDY:HLA-A_01:01
CSALGGDGETQYF	TRBV29-1_01	VTEHDTLLY:HLA-A_01:01
CSANSVSYNEQFF	TRBV20-1_01	VTEHDTLLY:HLA-A_01:01
CSARDLDSLSYEQYF	TRBV20-1_01	VTEHDTLLY:HLA-A_01:01
CSARDRGWDEQFF	TRBV20-1_01	VTEHDTLLY:HLA-A_01:01
CSARDTLAGGVQETQYF	TRBV20-1_01	VTEHDTLLY:HLA-A_01:01
CSATGTSGRVETQYF	TRBV20-1_01	VTEHDTLLY:HLA-A_01:01
CSGLTESPAHYSGANVLTF	TRBV29-1_01	VTEHDTLLY:HLA-A_01:01
CSGRLTGGNEQYF	TRBV29-1_01	VTEHDTLLY:HLA-A_01:01
CSHRTGLGIEAFF	TRBV29-1_01	VTEHDTLLY:HLA-A_01:01
CSQQVNNEQFF	TRBV20-1_01	VTEHDTLLY:HLA-A_01:01
CSVDQDTQYF	TRBV29-1_01	CTELKLSDY:HLA-A_01:01
CSVEDAGGTYEQYF	TRBV29-1_01	VTEHDTLLY:HLA-A_01:01
CSVEEGAYEQYF	TRBV29-1_01	VTEHDTLLY:HLA-A_01:01
CSVERTGELFF	TRBV29-1_01	VTEHDTLLY:HLA-A_01:01
CSVGEPGQSSYEQYF	TRBV29-1_01	VTEHDTLLY:HLA-A_01:01
CSVGGSTDTQYF	TRBV29-1_01	VTEHDTLLY:HLA-A_01:01
CSVLGGGGYEQYF	TRBV29-1_01	VTEHDTLLY:HLA-A_01:01
CSVLTGTGYEQYF	TRBV29-1_01	VTEHDTLLY:HLA-A_01:01
CSVNEGSDEQYF	TRBV29-1_01	VTEHDTLLY:HLA-A_01:01
CSVRPGGSYNEQFF	TRBV29-1_01	VTEHDTLLY:HLA-A_01:01
CASSDGQARNTGELFF	TRBV06-1_01	TPRVTGGGAM:HLA-B_07:02
CASSLGAAVREQYF	TRBV27_01	LPRRSGAAGA:HLA-B_07:02
CASSLSSEGNQETQYF	TRBV05-1_01	TPRVTGGGAM:HLA-B_07:02
CASSPEGTGSYEQYF	TRBV18_01	TPRVTGGGAM:HLA-B_07:02
CASSPGTDTQYF	TRBV07-8_01	LPRRSGAAGA:HLA-B_07:02
CASSPSRNTEAFF	TRBV04-3_01	TPRVTGGGAM:HLA-B_07:02
CASSPTRNTEAFF	TRBV04-3_01	TPRVTGGGAM:HLA-B_07:02
CASSTRGTVYGYTF	TRBV06-1_01	TPRVTGGGAM:HLA-B_07:02
CASSVESGGLSYEQYF	TRBV09_01	LPRRSGAAGA:HLA-B_07:02
CASSFQGYTEAFF	TRBV28_01	NLVPMVATV:HLA-A_02:01
CASRTGTGAFYEQYF	TRBV06-2_01	GILGFVFTL:HLA-A_02:01
CASSILAVAGNEQFF	TRBV19_01	GILGFVFTL:HLA-A_02:01
CASSIRSDNEQFF	TRBV19_01	GILGFVFTL:HLA-A_02:01
CASSIRSSYEQYF	TRBV19_01	GILGFVFTL:HLA-A_02:01
CASSMRSGYEQYF	TRBV19_01	GILGFVFTL:HLA-A_02:01
CASSMRSSWEQYF	TRBV19_01	GILGFVFTL:HLA-A_02:01
CASSSFYTDTQYF	TRBV19_01	GILGFVFTL:HLA-A_02:01
CASSSHRGEGAFF	TRBV07-9_01	GILGFVFTL:HLA-A_02:01
CASSSRQGNLIDEQFF	TRBV09_01	TPRVTGGGAM:HLA-B_07:02
CASSSRQGNLIDEQYF	TRBV09_01	TPRVTGGGAM:HLA-B_07:02
CAGGTDYEQYF	TRBV30_01	LPRRSGAAGA:HLA-B_07:02
CANCRWAPAPYEQYF	TRBV06-1_01	LPRRSGAAGA:HLA-B_07:02
CASAGTSGYEQYF	TRBV09_01	LPRRSGAAGA:HLA-B_07:02
CASKGDRGFGNQPQHF	TRBV06-1_01	LPRRSGAAGA:HLA-B_07:02
CASREGSYNEQFF	TRBV06-5_01	LPRRSGAAGA:HLA-B_07:02
CASRIGAAGNSPLHF	TRBV27_01	LPRRSGAAGA:HLA-B_07:02
CASRNSGRFETQYF	TRBV07-9_01	TPRVTGGGAM:HLA-B_07:02
CASRPGSRETDTQYF	TRBV06-6_01	LPRRSGAAGA:HLA-B_07:02
CASRTSGGPADTQYF	TRBV06-2_01	LPRRSGAAGA:HLA-B_07:02
CASSARGLAGETNTDTQYF	TRBV09_01	LPRRSGAAGA:HLA-B_07:02
CASSASGTGGEQYF	TRBV07-6_01	LPRRSGAAGA:HLA-B_07:02
CASSAVGTGWHEQYF	TRBV09_01	LPRRSGAAGA:HLA-B_07:02
CASSDESWGEDEQFF	TRBV06-1_01	LPRRSGAAGA:HLA-B_07:02
CASSDGDEENIQYF	TRBV28_01	LPRRSGAAGA:HLA-B_07:02
CASSEARQGDQPQHF	TRBV06-1_01	LPRRSGAAGA:HLA-B_07:02
CASSEGLLYEQYF	TRBV06-2_01	LPRRSGAAGA:HLA-B_07:02
CASSELGGPNTEAFF	TRBV06-1_01	LPRRSGAAGA:HLA-B_07:02
CASSEVGKGNQPQHF	TRBV06-1_01	LPRRSGAAGA:HLA-B_07:02
CASSFALGGHGYTF	TRBV07-9_01	LPRRSGAAGA:HLA-B_07:02
CASSFDAGMNTEAFF	TRBV28_01	LPRRSGAAGA:HLA-B_07:02
CASSFREAYEQYF	TRBV05-1_01	LPRRSGAAGA:HLA-B_07:02
CASSGGLAGTYEQYF	TRBV06-2_01	LPRRSGAAGA:HLA-B_07:02
CASSGGVQGEQFF	TRBV06-4_01	LPRRSGAAGA:HLA-B_07:02
CASSHRDRATEAFF	TRBV04-1_01	LPRRSGAAGA:HLA-B_07:02
CASSIQGGREAFF	TRBV07-8_01	LPRRSGAAGA:HLA-B_07:02
CASSKQGSSYNEQFF	TRBV14_01	LPRRSGAAGA:HLA-B_07:02
CASSKTSASYEQYF	TRBV12-3_01	LPRRSGAAGA:HLA-B_07:02
CASSLAGPGLSTEAFF	TRBV07-8_01	LPRRSGAAGA:HLA-B_07:02
CASSLAPGLGTEAFF	TRBV07-9_01	LPRRSGAAGA:HLA-B_07:02
CASSLAQGMGPGNTIYF	TRBV12-3_01	LPRRSGAAGA:HLA-B_07:02
CASSLASSSQAYEQYF	TRBV07-9_01	LPRRSGAAGA:HLA-B_07:02
CASSLAVRNNEQFF	TRBV07-9_01	LPRRSGAAGA:HLA-B_07:02
CASSLDYRGVGYGYTF	TRBV12-3_01	LPRRSGAAGA:HLA-B_07:02
CASSLEGDQPQHF	TRBV05-1_01	LPRRSGAAGA:HLA-B_07:02
CASSLGGANVLTF	TRBV05-1_01	LPRRSGAAGA:HLA-B_07:02
CASSLGGQGAGETQYF	TRBV28_01	LPRRSGAAGA:HLA-B_07:02
CASSLGMFDQPQHF	TRBV13_01	LPRRSGAAGA:HLA-B_07:02
CASSLGQGNTEAFF	TRBV07-3_01	LPRRSGAAGA:HLA-B_07:02
CASSLGQNRPQHF	TRBV07-8_01	LPRRSGAAGA:HLA-B_07:02
CASSLGRETQYF	TRBV28_01	LPRRSGAAGA:HLA-B_07:02
CASSLGRGTGELFF	TRBV04-3_01	LPRRSGAAGA:HLA-B_07:02
CASSLISQDTEAFF	TRBV04-1_01	LPRRSGAAGA:HLA-B_07:02
CASSLKAPEAFF	TRBV12-3_01	LPRRSGAAGA:HLA-B_07:02
CASSLLAGLVFDEQFF	TRBV28_01	LPRRSGAAGA:HLA-B_07:02
CASSLLGSGETQYF	TRBV07-9_01	LPRRSGAAGA:HLA-B_07:02
CASSLQGPNQPQHF	TRBV12-3_01	LPRRSGAAGA:HLA-B_07:02
CASSLRKRSTGELFF	TRBV07-8_01	LPRRSGAAGA:HLA-B_07:02
CASSLRQGADEKLFF	TRBV07-9_01	LPRRSGAAGA:HLA-B_07:02
CASSLSDPYEQYF	TRBV07-9_01	LPRRSGAAGA:HLA-B_07:02
CASSLSEQGRGYTF	TRBV07-8_01	LPRRSGAAGA:HLA-B_07:02
CASSLSGSTDTQYF	TRBV12-3_01	LPRRSGAAGA:HLA-B_07:02
CASSLSTQPLGDEQFF	TRBV07-9_01	LPRRSGAAGA:HLA-B_07:02
CASSLVSGDTQYF	TRBV07-9_01	LPRRSGAAGA:HLA-B_07:02
CASSLWTTGGNQPQHF	TRBV07-9_01	LPRRSGAAGA:HLA-B_07:02
CASSPAGPGMNTEAFF	TRBV07-9_01	LPRRSGAAGA:HLA-B_07:02
CASSPARAERGRELFF	TRBV07-8_01	LPRRSGAAGA:HLA-B_07:02
CASSPARNTEAFF	TRBV04-3_01	TPRVTGGGAM:HLA-B_07:02
CASSPDRRLRTEAFF	TRBV07-8_01	LPRRSGAAGA:HLA-B_07:02
CASSPDSPYEQYF	TRBV05-1_01	LPRRSGAAGA:HLA-B_07:02
CASSPFSGPSYEQYF	TRBV09_01	LPRRSGAAGA:HLA-B_07:02
CASSPGLANTDTQYF	TRBV07-9_01	LPRRSGAAGA:HLA-B_07:02
CASSPHRNTEAFF	TRBV04-3_01	TPRVTGGGAM:HLA-B_07:02
CASSPKDRDPLGYGYTF	TRBV07-6_01	LPRRSGAAGA:HLA-B_07:02
CASSPLLTTSAPDTQYF	TRBV04-1_01	LPRRSGAAGA:HLA-B_07:02
CASSPPSGPVRNEQFF	TRBV07-8_01	LPRRSGAAGA:HLA-B_07:02
CASSPPSGSAYNEQFF	TRBV09_01	LPRRSGAAGA:HLA-B_07:02
CASSPQRNTEAFF	TRBV04-3_01	TPRVTGGGAM:HLA-B_07:02
CASSPRTSGLTDTQYF	TRBV07-9_01	LPRRSGAAGA:HLA-B_07:02
CASSPSRNTEAFF	TRBV04-3_01	TPRVTGGGAM:HLA-B_07:02
CASSPWGGEQYF	TRBV06-2_01	LPRRSGAAGA:HLA-B_07:02
CASSPWGGKETQYF	TRBV07-9_01	LPRRSGAAGA:HLA-B_07:02
CASSQAGGAGRNTGELFF	TRBV04-3_01	LPRRSGAAGA:HLA-B_07:02
CASSQDIVGTGKGYTF	TRBV04-3_01	LPRRSGAAGA:HLA-B_07:02
CASSQDPIQGTDTQYF	TRBV14_01	LPRRSGAAGA:HLA-B_07:02
CASSQDRGGVNYEQYF	TRBV04-1_01	LPRRSGAAGA:HLA-B_07:02
CASSQEAESSYEQYF	TRBV04-2_01	LPRRSGAAGA:HLA-B_07:02
CASSQEGAGPFYEQYF	TRBV04-3_01	LPRRSGAAGA:HLA-B_07:02
CASSQGAGQAYEQYF	TRBV07-3_01	LPRRSGAAGA:HLA-B_07:02
CASSQGGQHRSNEKLFF	TRBV14_01	LPRRSGAAGA:HLA-B_07:02
CASSQGLANTDTQYF	TRBV07-9_01	LPRRSGAAGA:HLA-B_07:02
CASSQGLGSYEQYF	TRBV04-3_01	LPRRSGAAGA:HLA-B_07:02
CASSQGPAGGSALHF	TRBV04-1_01	LPRRSGAAGA:HLA-B_07:02
CASSQSGTSTDTQYF	TRBV04-1_01	LPRRSGAAGA:HLA-B_07:02
CASSQSPGGIQYF	TRBV14_01	LPRRSGAAGA:HLA-B_07:02
CASSQTSGTGREQFF	TRBV04-1_01	LPRRSGAAGA:HLA-B_07:02
CASSQVDFRADRSSYNEQFF	TRBV14_01	LPRRSGAAGA:HLA-B_07:02
CASSQVGGDEQFF	TRBV14_01	LPRRSGAAGA:HLA-B_07:02
CASSQVLTGLDEQFF	TRBV04-2_01	LPRRSGAAGA:HLA-B_07:02
CASSQWAGANNEQFF	TRBV04-1_01	LPRRSGAAGA:HLA-B_07:02
CASSRDSTGELFF	TRBV06-4_01	LPRRSGAAGA:HLA-B_07:02
CASSRTTGLDGYTF	TRBV12-3_01	LPRRSGAAGA:HLA-B_07:02
CASSSDPVAVTNQPQHF	TRBV07-8_01	LPRRSGAAGA:HLA-B_07:02
CASSSEEEAYGYTF	TRBV05-1_01	LPRRSGAAGA:HLA-B_07:02
CASSSERTDGASGANVLTF	TRBV07-9_01	LPRRSGAAGA:HLA-B_07:02
CASSSGDTYYEQYF	TRBV07-9_01	LPRRSGAAGA:HLA-B_07:02
CASSSGQEKLFF	TRBV07-9_01	LPRRSGAAGA:HLA-B_07:02
CASSSKPYEQYF	TRBV07-9_01	LPRRSGAAGA:HLA-B_07:02
CASSSLSGYNEQFF	TRBV07-6_01	LPRRSGAAGA:HLA-B_07:02
CASSSPWGDATEAFF	TRBV28_01	LPRRSGAAGA:HLA-B_07:02
CASSSTASRNTGELFF	TRBV07-9_01	LPRRSGAAGA:HLA-B_07:02
CASSSVNEQFF	TRBV12-3_01	LPRRSGAAGA:HLA-B_07:02
CASSTLPNMNTEAFF	TRBV05-1_01	LPRRSGAAGA:HLA-B_07:02
CASSTTSGNTGELFF	TRBV09_01	LPRRSGAAGA:HLA-B_07:02
CASSTWTAPQETQYF	TRBV09_01	LPRRSGAAGA:HLA-B_07:02
CASSVALGVDGTDTQYF	TRBV09_01	LPRRSGAAGA:HLA-B_07:02
CASSVDGGGTEAFF	TRBV09_01	LPRRSGAAGA:HLA-B_07:02
CASSVDGSGVTYEQYF	TRBV09_01	LPRRSGAAGA:HLA-B_07:02
CASSVDRQPGNTIYF	TRBV05-1_01	LPRRSGAAGA:HLA-B_07:02
CASSVEQGISEAFF	TRBV09_01	LPRRSGAAGA:HLA-B_07:02
CASSVGGLGSTDTQYF	TRBV09_01	LPRRSGAAGA:HLA-B_07:02
CASSVGGSNQPQHF	TRBV09_01	LPRRSGAAGA:HLA-B_07:02
CASSVGVSYEQYF	TRBV09_01	LPRRSGAAGA:HLA-B_07:02
CASSVVSGTSGRGNEQFF	TRBV09_01	LPRRSGAAGA:HLA-B_07:02
CASSWETSGNTGELFF	TRBV06-5_01	LPRRSGAAGA:HLA-B_07:02
CASSWGRIYGYTF	TRBV10-2_01	LPRRSGAAGA:HLA-B_07:02
CASSWSGRAYEQYF	TRBV07-9_01	LPRRSGAAGA:HLA-B_07:02
CASSYATGSGANVLTF	TRBV06-6_01	LPRRSGAAGA:HLA-B_07:02
CASSYATGSQNIQYF	TRBV06-6_01	LPRRSGAAGA:HLA-B_07:02
CASSYGQALLADEQFF	TRBV06-5_01	LPRRSGAAGA:HLA-B_07:02
CASSYLRAGDNEQFF	TRBV06-6_01	LPRRSGAAGA:HLA-B_07:02
CASSYPEPSIQYF	TRBV06-2_01	LPRRSGAAGA:HLA-B_07:02
CASSYSDSNYEQYF	TRBV06-5_01	LPRRSGAAGA:HLA-B_07:02
CASSYSFLVIGDNTEAFF	TRBV06-2_01	LPRRSGAAGA:HLA-B_07:02
CASSYSIGVVSEQYF	TRBV06-5_01	LPRRSGAAGA:HLA-B_07:02
CASSYSSALSNQPQHF	TRBV06-2_01	LPRRSGAAGA:HLA-B_07:02
CASSYSWPPETYEQYF	TRBV06-5_01	LPRRSGAAGA:HLA-B_07:02
CASTGGDTSYNEQFF	TRBV19_01	LPRRSGAAGA:HLA-B_07:02
CASTRGLPQETQYF	TRBV11-2_01	TPRVTGGGAM:HLA-B_07:02
CATAARETQETQYF	TRBV15_01	LPRRSGAAGA:HLA-B_07:02
CATSETGDPYGYTF	TRBV24-1_01	LPRRSGAAGA:HLA-B_07:02
CATSPDRGGADEKLFF	TRBV15_01	LPRRSGAAGA:HLA-B_07:02
CATSRDRWNTEAFF	TRBV15_01	LPRRSGAAGA:HLA-B_07:02
CATSRGDEVGEQYF	TRBV15_01	LPRRSGAAGA:HLA-B_07:02
CATSRTSGEEQYF	TRBV15_01	LPRRSGAAGA:HLA-B_07:02
CATSRVAGEEQFF	TRBV15_01	LPRRSGAAGA:HLA-B_07:02
CATSYTGSANYGYTF	TRBV15_01	LPRRSGAAGA:HLA-B_07:02
CAWRDRVYDEKLFF	TRBV30_01	LPRRSGAAGA:HLA-B_07:02
CAWSGPAGLLQYF	TRBV30_01	LPRRSGAAGA:HLA-B_07:02
CAWSLTSGRGHEQFF	TRBV30_01	LPRRSGAAGA:HLA-B_07:02
CAWSSGAGRDEQFF	TRBV30_01	LPRRSGAAGA:HLA-B_07:02
CSAPRYNEQFF	TRBV20-1_01	LPRRSGAAGA:HLA-B_07:02
CSARDDGTVDYGYTF	TRBV20-1_01	LPRRSGAAGA:HLA-B_07:02
CSARDFIGGNEQFF	TRBV20-1_01	LPRRSGAAGA:HLA-B_07:02
CSARDRDRGYEQYF	TRBV20-1_01	LPRRSGAAGA:HLA-B_07:02
CSARDVSLAGGPDEQYF	TRBV20-1_01	LPRRSGAAGA:HLA-B_07:02
CSARLADNEQFF	TRBV20-1_01	LPRRSGAAGA:HLA-B_07:02
CSARNYLKTNEQFF	TRBV20-1_01	LPRRSGAAGA:HLA-B_07:02
CSATSGGTLEQYF	TRBV20-1_01	LPRRSGAAGA:HLA-B_07:02
CSAVVVQKPSYEQYF	TRBV20-1_01	LPRRSGAAGA:HLA-B_07:02
CSVEDGGFPYEQYF	TRBV29-1_01	LPRRSGAAGA:HLA-B_07:02
CSVEDRVGGTAGYEQYF	TRBV29-1_01	LPRRSGAAGA:HLA-B_07:02
CSVEDTGTAQGGYEQYF	TRBV29-1_01	LPRRSGAAGA:HLA-B_07:02
CSVEGYSATYNEQFF	TRBV29-1_01	TPRVTGGGAM:HLA-B_07:02
CSVEVEGAASYEQYF	TRBV29-1_01	LPRRSGAAGA:HLA-B_07:02
CSVEVWDEETQYF	TRBV29-1_01	LPRRSGAAGA:HLA-B_07:02
CSVPGAGRYNEQFF	TRBV29-1_01	LPRRSGAAGA:HLA-B_07:02
CSVSGLAGGYEQYF	TRBV29-1_01	LPRRSGAAGA:HLA-B_07:02
CACTLVSTEAFF	TRBV30_01	GILGFVFTL:HLA-A_02:01
CALERANEQFF	TRBV30_01	GILGFVFTL:HLA-A_02:01
CAPRRGPTNEKLFF	TRBV07-3_01	GILGFVFTL:HLA-A_02:01
CASATGADTEAFF	TRBV07-6_01	GILGFVFTL:HLA-A_02:01
CASGGTGPWNEQFF	TRBV06-5_01	GILGFVFTL:HLA-A_02:01
CASGPGSSYNEQFF	TRBV06-2_01	GILGFVFTL:HLA-A_02:01
CASKHASGELFF	TRBV07-7_01	GILGFVFTL:HLA-A_02:01
CASPRQSPLHF	TRBV06-5_01	GILGFVFTL:HLA-A_02:01
CASRLKDSDSQPQHF	TRBV04-1_01	GILGFVFTL:HLA-A_02:01
CASRLVQGRAFYEQYF	TRBV07-9_01	GILGFVFTL:HLA-A_02:01
CASRWGQGPSYEQYF	TRBV07-8_01	GILGFVFTL:HLA-A_02:01
CASSALQGPSQPQHF	TRBV07-8_01	GILGFVFTL:HLA-A_02:01
CASSASGGAGNEQFF	TRBV12-3_01	GILGFVFTL:HLA-A_02:01
CASSDPTGRLGTEAFF	TRBV07-8_01	GILGFVFTL:HLA-A_02:01
CASSDRTSGINEQFF	TRBV06-1_01	GILGFVFTL:HLA-A_02:01
CASSEGGTGGFNSHEQYF	TRBV07-8_01	GILGFVFTL:HLA-A_02:01
CASSEGQGPSYEQYF	TRBV07-8_01	GILGFVFTL:HLA-A_02:01
CASSEWAGGGTDTQYF	TRBV06-1_01	GILGFVFTL:HLA-A_02:01
CASSFLNLNNEQFF	TRBV05-1_01	GILGFVFTL:HLA-A_02:01
CASSFSGLSNTEAFF	TRBV07-8_01	GILGFVFTL:HLA-A_02:01
CASSFSGTANTEAFF	TRBV07-8_01	GILGFVFTL:HLA-A_02:01
CASSFSSSYNEQFF	TRBV07-9_01	GILGFVFTL:HLA-A_02:01
CASSHGQGGQETQYF	TRBV07-2_01	GILGFVFTL:HLA-A_02:01
CASSHPGHIGQPQHF	TRBV07-9_01	GILGFVFTL:HLA-A_02:01
CASSHPNPGLATGELFF	TRBV04-1_01	GILGFVFTL:HLA-A_02:01
CASSHSSGGMSTEAFF	TRBV07-8_01	GILGFVFTL:HLA-A_02:01
CASSHTDYSNQPQHF	TRBV04-2_01	GILGFVFTL:HLA-A_02:01
CASSKIAGGPYTQYF	TRBV07-8_01	GILGFVFTL:HLA-A_02:01
CASSLAASNQPQHF	TRBV07-9_01	GILGFVFTL:HLA-A_02:01
CASSLAESVYEQYF	TRBV07-9_01	GILGFVFTL:HLA-A_02:01
CASSLAEVHNEQFF	TRBV07-8_01	GILGFVFTL:HLA-A_02:01
CASSLAGNYGYTF	TRBV07-8_01	GILGFVFTL:HLA-A_02:01
CASSLAGSSDEQFF	TRBV07-8_01	GILGFVFTL:HLA-A_02:01
CASSLAVTDGAEAFF	TRBV07-9_01	GILGFVFTL:HLA-A_02:01
CASSLAYEQFF	TRBV07-8_01	GILGFVFTL:HLA-A_02:01
CASSLDGATYNEQFF	TRBV07-6_01	GILGFVFTL:HLA-A_02:01
CASSLDGRPHLEQYF	TRBV07-9_01	GILGFVFTL:HLA-A_02:01
CASSLDPVYRSTEAFF	TRBV07-3_01	GILGFVFTL:HLA-A_02:01
CASSLEGAGGADTQYF	TRBV07-8_01	GILGFVFTL:HLA-A_02:01
CASSLETSDGETQYF	TRBV07-9_01	GILGFVFTL:HLA-A_02:01
CASSLFAGGPVEQYF	TRBV07-8_01	GILGFVFTL:HLA-A_02:01
CASSLGAGAYEQFF	TRBV07-8_01	GILGFVFTL:HLA-A_02:01
CASSLGAYSGANVLTF	TRBV04-1_01	GILGFVFTL:HLA-A_02:01
CASSLGGQAAGYGYTF	TRBV07-8_01	GILGFVFTL:HLA-A_02:01
CASSLGPNRGAEQYF	TRBV07-9_01	GILGFVFTL:HLA-A_02:01
CASSLGQGRRDEQFF	TRBV07-3_01	GILGFVFTL:HLA-A_02:01
CASSLGQSANYGYTF	TRBV07-8_01	GILGFVFTL:HLA-A_02:01
CASSLGTGLYGYTF	TRBV07-9_01	GILGFVFTL:HLA-A_02:01
CASSLGVGTEAFF	TRBV04-1_01	GILGFVFTL:HLA-A_02:01
CASSLLASGFGTDTQYF	TRBV07-8_01	GILGFVFTL:HLA-A_02:01
CASSLLGFSTETQYF	TRBV07-8_01	GILGFVFTL:HLA-A_02:01
CASSLLQGPSYEQYF	TRBV07-8_01	GILGFVFTL:HLA-A_02:01
CASSLNGGSSYNEQFF	TRBV07-8_01	GILGFVFTL:HLA-A_02:01
CASSLNRGPADTQYF	TRBV07-8_01	GILGFVFTL:HLA-A_02:01
CASSLNRGPSDTQYF	TRBV07-8_01	GILGFVFTL:HLA-A_02:01
CASSLPGRNYEQYF	TRBV07-8_01	GILGFVFTL:HLA-A_02:01
CASSLQGNYGYTF	TRBV07-3_01	GILGFVFTL:HLA-A_02:01
CASSLQSVDANGYTF	TRBV07-8_01	GILGFVFTL:HLA-A_02:01
CASSLRGVVSYEQFF	TRBV04-1_01	GILGFVFTL:HLA-A_02:01
CASSLRSGTEDTDTQYF	TRBV07-8_01	GILGFVFTL:HLA-A_02:01
CASSLSSYNEQFF	TRBV07-6_01	GILGFVFTL:HLA-A_02:01
CASSLTSGNEQFF	TRBV07-3_01	GILGFVFTL:HLA-A_02:01
CASSLVSGMLYF	TRBV07-8_01	GILGFVFTL:HLA-A_02:01
CASSLYRGEKLFF	TRBV12-3_01	GILGFVFTL:HLA-A_02:01
CASSPATGPREQYF	TRBV07-9_01	GILGFVFTL:HLA-A_02:01
CASSPDRAITEAFF	TRBV04-1_01	GILGFVFTL:HLA-A_02:01
CASSPDSDAYEQYF	TRBV09_01	GILGFVFTL:HLA-A_02:01
CASSPDSDSYEQYF	TRBV09_01	GILGFVFTL:HLA-A_02:01
CASSPDSYNQPQHF	TRBV07-8_01	GILGFVFTL:HLA-A_02:01
CASSPEGVSYEQYF	TRBV04-3_01	GILGFVFTL:HLA-A_02:01
CASSPGAVSSTDTQYF	TRBV07-8_01	GILGFVFTL:HLA-A_02:01
CASSPGGAAGYTF	TRBV07-9_01	GILGFVFTL:HLA-A_02:01
CASSPGLAGNNEQYF	TRBV07-6_01	GILGFVFTL:HLA-A_02:01
CASSPGTADYNEQFF	TRBV04-2_01	GILGFVFTL:HLA-A_02:01
CASSPGTGPRTLHF	TRBV07-3_01	GILGFVFTL:HLA-A_02:01
CASSPGVSVEQYF	TRBV07-6_01	GILGFVFTL:HLA-A_02:01
CASSPKDTQYF	TRBV07-9_01	GILGFVFTL:HLA-A_02:01
CASSPLLSESYNEQFF	TRBV04-1_01	GILGFVFTL:HLA-A_02:01
CASSPNGGSSYNEQFF	TRBV07-8_01	GILGFVFTL:HLA-A_02:01
CASSPPGENYNEQFF	TRBV07-8_01	GILGFVFTL:HLA-A_02:01
CASSPPSAGYNEQFF	TRBV06-2_01	GILGFVFTL:HLA-A_02:01
CASSPPTLGQNYEQYF	TRBV07-2_01	GILGFVFTL:HLA-A_02:01
CASSPPVPPWSEQYF	TRBV07-9_01	GILGFVFTL:HLA-A_02:01
CASSPQRTAHEQYF	TRBV07-8_01	GILGFVFTL:HLA-A_02:01
CASSPRQGPVEKLFF	TRBV07-8_01	GILGFVFTL:HLA-A_02:01
CASSPTGGNTEAFF	TRBV04-1_01	GILGFVFTL:HLA-A_02:01
CASSPTGVYNSPLHF	TRBV06-5_01	GILGFVFTL:HLA-A_02:01
CASSPVAGATTDTQYF	TRBV07-2_01	GILGFVFTL:HLA-A_02:01
CASSPWGQTASSYNEQFF	TRBV07-8_01	GILGFVFTL:HLA-A_02:01
CASSQAGGRDEAFF	TRBV04-2_01	GILGFVFTL:HLA-A_02:01
CASSQDGFAYEQYF	TRBV04-2_01	GILGFVFTL:HLA-A_02:01
CASSQDGGGAPGNEQFF	TRBV04-1_01	GILGFVFTL:HLA-A_02:01
CASSQDGKGATYNSPLHF	TRBV04-1_01	GILGFVFTL:HLA-A_02:01
CASSQDGLAPYEQYF	TRBV04-1_01	GILGFVFTL:HLA-A_02:01
CASSQDLGAGTEAFF	TRBV04-2_01	GILGFVFTL:HLA-A_02:01
CASSQDPAGVGYEQYF	TRBV04-2_01	GILGFVFTL:HLA-A_02:01
CASSQDPHGFVANVLTF	TRBV04-1_01	GILGFVFTL:HLA-A_02:01
CASSQDRGTGYNEQFF	TRBV04-1_01	GILGFVFTL:HLA-A_02:01
CASSQDTGMGNQPQHF	TRBV04-1_01	GILGFVFTL:HLA-A_02:01
CASSQEMVGTEAFF	TRBV14_01	GILGFVFTL:HLA-A_02:01
CASSQERQTILEAFF	TRBV04-1_01	GILGFVFTL:HLA-A_02:01
CASSQEVLRTDTQYF	TRBV04-1_01	GILGFVFTL:HLA-A_02:01
CASSQEVQGGEKLFF	TRBV04-3_01	GILGFVFTL:HLA-A_02:01
CASSQEWAQGYEQYF	TRBV04-2_01	GILGFVFTL:HLA-A_02:01
CASSQGEGTEAFF	TRBV04-2_01	GILGFVFTL:HLA-A_02:01
CASSQGGQGYEQYF	TRBV04-1_01	GILGFVFTL:HLA-A_02:01
CASSQGGSGEDTEAFF	TRBV04-1_01	GILGFVFTL:HLA-A_02:01
CASSQGLAGDLQETQYF	TRBV04-3_01	GILGFVFTL:HLA-A_02:01
CASSQGNEQFF	TRBV14_01	GILGFVFTL:HLA-A_02:01
CASSQGPGARQPQHF	TRBV04-1_01	GILGFVFTL:HLA-A_02:01
CASSQGPGLLSYEQYF	TRBV04-1_01	GILGFVFTL:HLA-A_02:01
CASSQGRGPGKYF	TRBV04-1_01	GILGFVFTL:HLA-A_02:01
CASSQGRQETQYF	TRBV04-3_01	GILGFVFTL:HLA-A_02:01
CASSQGSGLAGYEQYF	TRBV04-2_01	GILGFVFTL:HLA-A_02:01
CASSQHYTGENTEAFF	TRBV04-2_01	GILGFVFTL:HLA-A_02:01
CASSQPKGPNEKLFF	TRBV07-8_01	GILGFVFTL:HLA-A_02:01
CASSQSTGSSYEQYF	TRBV04-1_01	GILGFVFTL:HLA-A_02:01
CASSQSTSGSYEQYF	TRBV04-3_01	GILGFVFTL:HLA-A_02:01
CASSQTGSTDTQYF	TRBV07-6_01	GILGFVFTL:HLA-A_02:01
CASSQWDLQETQYF	TRBV04-2_01	GILGFVFTL:HLA-A_02:01
CASSRDPDGDTEAFF	TRBV04-1_01	GILGFVFTL:HLA-A_02:01
CASSREPNPNYGYTF	TRBV07-3_01	GILGFVFTL:HLA-A_02:01
CASSRQTEAFF	TRBV07-9_01	GILGFVFTL:HLA-A_02:01
CASSRTGTYEQYF	TRBV04-1_01	GILGFVFTL:HLA-A_02:01
CASSRTSDTQYF	TRBV07-9_01	GILGFVFTL:HLA-A_02:01
CASSSAGGRDEQFF	TRBV04-2_01	GILGFVFTL:HLA-A_02:01
CASSSGFVGPYQPQHF	TRBV07-3_01	GILGFVFTL:HLA-A_02:01
CASSSGSFYEQYF	TRBV07-8_01	GILGFVFTL:HLA-A_02:01
CASSSKLADQETQYF	TRBV07-9_01	GILGFVFTL:HLA-A_02:01
CASSSKRGPYNEQFF	TRBV07-8_01	GILGFVFTL:HLA-A_02:01
CASSSPLIAGATDTQYF	TRBV07-8_01	GILGFVFTL:HLA-A_02:01
CASSSRIGTYGYTF	TRBV07-9_01	GILGFVFTL:HLA-A_02:01
CASSSRQGPTGELFF	TRBV07-8_01	GILGFVFTL:HLA-A_02:01
CASSSRTGGEQYF	TRBV07-9_01	GILGFVFTL:HLA-A_02:01
CASSSSGTGAYEQYF	TRBV07-9_01	GILGFVFTL:HLA-A_02:01
CASSSSNQPQHF	TRBV12-3_01	GILGFVFTL:HLA-A_02:01
CASSSSSVNEQFF	TRBV06-5_01	GILGFVFTL:HLA-A_02:01
CASSSVSGGAFNEQFF	TRBV07-8_01	GILGFVFTL:HLA-A_02:01
CASSTRDRREKTQYF	TRBV06-2_01	GILGFVFTL:HLA-A_02:01
CASSVADRGFADTQYF	TRBV09_01	GILGFVFTL:HLA-A_02:01
CASSVGSGTEAFF	TRBV09_01	GILGFVFTL:HLA-A_02:01
CASSVLGVADTQYF	TRBV09_01	GILGFVFTL:HLA-A_02:01
CASSWDKTYEQYF	TRBV05-1_01	GILGFVFTL:HLA-A_02:01
CASSWGLDNEQFF	TRBV07-6_01	GILGFVFTL:HLA-A_02:01
CASSYGGYEQYF	TRBV06-5_01	GILGFVFTL:HLA-A_02:01
CASSYGQNYEQYF	TRBV07-8_01	GILGFVFTL:HLA-A_02:01
CASSYGVGTEAFF	TRBV06-5_01	GILGFVFTL:HLA-A_02:01
CASSYLTGMNQPQHF	TRBV06-6_01	GILGFVFTL:HLA-A_02:01
CASSYRVGPLHF	TRBV07-6_01	GILGFVFTL:HLA-A_02:01
CASSYRVTEAFF	TRBV06-2_01	GILGFVFTL:HLA-A_02:01
CASSYSEVTEAFF	TRBV06-5_01	GILGFVFTL:HLA-A_02:01
CASSYSGDYNEQFF	TRBV06-5_01	GILGFVFTL:HLA-A_02:01
CASSYSSSYNEQFF	TRBV12-3_01	GILGFVFTL:HLA-A_02:01
CASSYVASGSSNYGYTF	TRBV06-6_01	GILGFVFTL:HLA-A_02:01
CASTEMGREGYNEQFF	TRBV07-2_01	GILGFVFTL:HLA-A_02:01
CASTGTANLNTEAFF	TRBV07-8_01	GILGFVFTL:HLA-A_02:01
CASTLGGGYEQYF	TRBV07-9_01	GILGFVFTL:HLA-A_02:01
CASTPAGGRDEQYF	TRBV04-2_01	GILGFVFTL:HLA-A_02:01
CASTPDSEIYEQYF	TRBV09_01	GILGFVFTL:HLA-A_02:01
CASTPPGGRGYTF	TRBV07-9_01	GILGFVFTL:HLA-A_02:01
CASTPSWAGGPTDTQYF	TRBV07-8_01	GILGFVFTL:HLA-A_02:01
CASTSWGETQYF	TRBV07-8_01	GILGFVFTL:HLA-A_02:01
CATDPGEGNTIYF	TRBV07-9_01	GILGFVFTL:HLA-A_02:01
CATSLRTSGIIEQYF	TRBV15_01	GILGFVFTL:HLA-A_02:01
CATSRDRLAGGIHEQYF	TRBV15_01	GILGFVFTL:HLA-A_02:01
CATSRDRYEQYF	TRBV15_01	GILGFVFTL:HLA-A_02:01
CATSRVPSSYNEQFF	TRBV15_01	GILGFVFTL:HLA-A_02:01
CATSSGSRQGNNEQFF	TRBV15_01	GILGFVFTL:HLA-A_02:01
CATSTYRVGSSDEQYF	TRBV15_01	GILGFVFTL:HLA-A_02:01
CAWDYNRGGYTF	TRBV30_01	GILGFVFTL:HLA-A_02:01
CAWIGLGGETQYF	TRBV30_01	GILGFVFTL:HLA-A_02:01
CAWITEMNTEAFF	TRBV30_01	GILGFVFTL:HLA-A_02:01
CAWMGAGQRNTIYF	TRBV30_01	GILGFVFTL:HLA-A_02:01
CAWRGAQGYTF	TRBV30_01	GILGFVFTL:HLA-A_02:01
CAWRGGQGQIYEQYF	TRBV30_01	GILGFVFTL:HLA-A_02:01
CAWSAVGGGYGYTF	TRBV30_01	GILGFVFTL:HLA-A_02:01
CAWSAVGGGYTF	TRBV30_01	GILGFVFTL:HLA-A_02:01
CAWSDIWENYNSPLHF	TRBV30_01	GILGFVFTL:HLA-A_02:01
CAWSEIGGGYGYTF	TRBV30_01	GILGFVFTL:HLA-A_02:01
CAWSGGTSRRTQYF	TRBV30_01	GILGFVFTL:HLA-A_02:01
CAWSGQGYEQFF	TRBV30_01	GILGFVFTL:HLA-A_02:01
CAWSGVSYEQYF	TRBV30_01	GILGFVFTL:HLA-A_02:01
CAWSLSMNTEAFF	TRBV30_01	GILGFVFTL:HLA-A_02:01
CAWSNGGRAEAFF	TRBV30_01	GILGFVFTL:HLA-A_02:01
CAWSPGQGGETQYF	TRBV30_01	GILGFVFTL:HLA-A_02:01
CAWSPGTGAYGYTF	TRBV30_01	GILGFVFTL:HLA-A_02:01
CAWSPGTVSEQYF	TRBV30_01	GILGFVFTL:HLA-A_02:01
CAWSQGASGNQPQHF	TRBV30_01	GILGFVFTL:HLA-A_02:01
CAWSRTGATEAFF	TRBV30_01	GILGFVFTL:HLA-A_02:01
CAWSRVGGYEQYF	TRBV30_01	GILGFVFTL:HLA-A_02:01
CAWSSADTYYEQYF	TRBV30_01	GILGFVFTL:HLA-A_02:01
CAWSSGLGNEKLFF	TRBV30_01	GILGFVFTL:HLA-A_02:01
CAWSVAGDTDTQYF	TRBV30_01	GILGFVFTL:HLA-A_02:01
CAWSVFNRGTGYTF	TRBV30_01	GILGFVFTL:HLA-A_02:01
CAWSVGGGGYGYTF	TRBV30_01	GILGFVFTL:HLA-A_02:01
CAWSVGGGGYTF	TRBV30_01	GILGFVFTL:HLA-A_02:01
CAWSVLGSTDTQYF	TRBV30_01	GILGFVFTL:HLA-A_02:01
CAWSVLTDSPLHF	TRBV30_01	GILGFVFTL:HLA-A_02:01
CAWSVPGTYSYEQYF	TRBV30_01	GILGFVFTL:HLA-A_02:01
CAWSVSSYEQYF	TRBV30_01	GILGFVFTL:HLA-A_02:01
CAYSGTAPHEQYF	TRBV30_01	GILGFVFTL:HLA-A_02:01
CSAEGGGSYEQYF	TRBV29-1_01	GILGFVFTL:HLA-A_02:01
CSAFDRVYGYTF	TRBV20-1_01	GILGFVFTL:HLA-A_02:01
CSAGEDWHEQYF	TRBV20-1_01	GILGFVFTL:HLA-A_02:01
CSAIPGTGGRIKAFF	TRBV29-1_01	GILGFVFTL:HLA-A_02:01
CSALHGSVGLNQPQHF	TRBV20-1_01	GILGFVFTL:HLA-A_02:01
CSALSDEQYF	TRBV20-1_01	GILGFVFTL:HLA-A_02:01
CSAPGGVNAFF	TRBV20-1_01	GILGFVFTL:HLA-A_02:01
CSAPTSGPYNEQFF	TRBV20-1_01	GILGFVFTL:HLA-A_02:01
CSAPYRVEGRIVNEQFF	TRBV20-1_01	GILGFVFTL:HLA-A_02:01
CSARDDFGQGSYNEQFF	TRBV20-1_01	GILGFVFTL:HLA-A_02:01
CSARDKAGEGYNEQFF	TRBV20-1_01	GILGFVFTL:HLA-A_02:01
CSARDKFYRASGDSYEQYF	TRBV20-1_01	GILGFVFTL:HLA-A_02:01
CSARDRAGEGYNEQFF	TRBV20-1_01	GILGFVFTL:HLA-A_02:01
CSARDYAAYEQYF	TRBV20-1_01	GILGFVFTL:HLA-A_02:01
CSAREVYEQFF	TRBV20-1_01	GILGFVFTL:HLA-A_02:01
CSARGALADFNSYEQYF	TRBV20-1_01	GILGFVFTL:HLA-A_02:01
CSARLTGGSGQPQHF	TRBV20-1_01	GILGFVFTL:HLA-A_02:01
CSARTIAGEGYNEQFF	TRBV20-1_01	GILGFVFTL:HLA-A_02:01
CSASPRTGGIYEQYF	TRBV20-1_01	GILGFVFTL:HLA-A_02:01
CSASSDESSYNEQFF	TRBV20-1_01	GILGFVFTL:HLA-A_02:01
CSATEGGLWEQYF	TRBV20-1_01	GILGFVFTL:HLA-A_02:01
CSATHRLAGQIYNEQFF	TRBV20-1_01	GILGFVFTL:HLA-A_02:01
CSETGVSDEQFF	TRBV29-1_01	GILGFVFTL:HLA-A_02:01
CSPIQDSLGYTF	TRBV20-1_01	GILGFVFTL:HLA-A_02:01
CSVASGTGTNTEAFF	TRBV29-1_01	GILGFVFTL:HLA-A_02:01
CSVDDRGTTEAFF	TRBV29-1_01	GILGFVFTL:HLA-A_02:01
CSVDTGSPGYGYTF	TRBV29-1_01	GILGFVFTL:HLA-A_02:01
CSVDTLGRGGTEAFF	TRBV29-1_01	GILGFVFTL:HLA-A_02:01
CSVEDEGLTDTQYF	TRBV29-1_01	GILGFVFTL:HLA-A_02:01
CSVEDISGYNEQFF	TRBV29-1_01	GILGFVFTL:HLA-A_02:01
CSVEDISGYNEQYF	TRBV29-1_01	GILGFVFTL:HLA-A_02:01
CSVEDVASGSGEQFF	TRBV29-1_01	GILGFVFTL:HLA-A_02:01
CSVEENGNYGYTF	TRBV29-1_01	GILGFVFTL:HLA-A_02:01
CSVEENTGTGAIYEQYF	TRBV29-1_01	GILGFVFTL:HLA-A_02:01
CSVEGTRGYNEQFF	TRBV29-1_01	GILGFVFTL:HLA-A_02:01
CSVEKGTATLEQYF	TRBV29-1_01	GILGFVFTL:HLA-A_02:01
CSVELASGTYEQYF	TRBV29-1_01	GILGFVFTL:HLA-A_02:01
CSVETGQTQETQYF	TRBV29-1_01	GILGFVFTL:HLA-A_02:01
CSVEVGRAVNTEAFF	TRBV29-1_01	GILGFVFTL:HLA-A_02:01
CSVEVPPGEQFF	TRBV29-1_01	GILGFVFTL:HLA-A_02:01
CSVGSGGTNEKLFF	TRBV29-1_01	GILGFVFTL:HLA-A_02:01
CSVLGTQEESYEQYF	TRBV29-1_01	GILGFVFTL:HLA-A_02:01
CSVLPPDRGLNQPQHF	TRBV20-1_01	GILGFVFTL:HLA-A_02:01
CSVLRYF	TRBV29-1_01	GILGFVFTL:HLA-A_02:01
CSVRSGGAKNIQYF	TRBV29-1_01	GILGFVFTL:HLA-A_02:01
CSVRTGRDEQYF	TRBV29-1_01	GILGFVFTL:HLA-A_02:01
CSVRTNEFYEQYF	TRBV29-1_01	GILGFVFTL:HLA-A_02:01
CSVSTGGFGNQPQHF	TRBV29-1_01	GILGFVFTL:HLA-A_02:01
CSVVDSGKTHNEQFF	TRBV29-1_01	GILGFVFTL:HLA-A_02:01
CSVVGSERRSSYNEQFF	TRBV29-1_01	GILGFVFTL:HLA-A_02:01
CSVVSGKGLNTEAFF	TRBV29-1_01	GILGFVFTL:HLA-A_02:01
CSVVTENNYGYTF	TRBV29-1_01	GILGFVFTL:HLA-A_02:01
CAIPTDSSGNTIYF	TRBV07-9_01	GLCTLVAML:HLA-A_02:01
CASGPYTGGYNEQFF	TRBV07-7_01	GLCTLVAML:HLA-A_02:01
CASGQGRMKENTEAFF	TRBV04-3_01	GLCTLVAML:HLA-A_02:01
CASIGQGGSPLHF	TRBV19_01	GLCTLVAML:HLA-A_02:01
CASRDNNQPQHF	TRBV06-6_01	GLCTLVAML:HLA-A_02:01
CASRDRAPSYEQYF	TRBV07-2_01	GLCTLVAML:HLA-A_02:01
CASRLGETQYF	TRBV06-2_01	GLCTLVAML:HLA-A_02:01
CASSAPGAGANVLTF	TRBV06-1_01	GLCTLVAML:HLA-A_02:01
CASSASAGPGDTQYF	TRBV07-7_01	GLCTLVAML:HLA-A_02:01
CASSDGTDQETQYF	TRBV06-1_01	GLCTLVAML:HLA-A_02:01
CASSDRTYEQFF	TRBV07-9_01	GLCTLVAML:HLA-A_02:01
CASSEGVDTEAFF	TRBV04-3_01	GLCTLVAML:HLA-A_02:01
CASSFGATDTQYF	TRBV07-7_01	GLCTLVAML:HLA-A_02:01
CASSFRPLAAPSDEQFF	TRBV07-7_01	GLCTLVAML:HLA-A_02:01
CASSFSWTEAFF	TRBV12-3_01	GLCTLVAML:HLA-A_02:01
CASSFVHGYTF	TRBV06-2_01	GLCTLVAML:HLA-A_02:01
CASSGLRRDRDTQYF	TRBV07-8_01	GLCTLVAML:HLA-A_02:01
CASSHASNEQFF	TRBV14_01	GLCTLVAML:HLA-A_02:01
CASSHPSEQYF	TRBV06-6_01	GLCTLVAML:HLA-A_02:01
CASSHRGQIGQFF	TRBV07-8_01	GLCTLVAML:HLA-A_02:01
CASSKQGSTEAFF	TRBV06-5_01	GLCTLVAML:HLA-A_02:01
CASSKTGGLNQPQHF	TRBV04-2_01	GLCTLVAML:HLA-A_02:01
CASSLAGTSYYNEQFF	TRBV07-6_01	GLCTLVAML:HLA-A_02:01
CASSLALDRGVETQYF	TRBV07-8_01	GLCTLVAML:HLA-A_02:01
CASSLAYNEQFF	TRBV07-8_01	GLCTLVAML:HLA-A_02:01
CASSLDRGNTIYF	TRBV07-8_01	GLCTLVAML:HLA-A_02:01
CASSLEAAPHYGYTF	TRBV07-6_01	GLCTLVAML:HLA-A_02:01
CASSLESGRTNTEAFF	TRBV07-2_01	GLCTLVAML:HLA-A_02:01
CASSLGGGGGNQPQHF	TRBV07-8_01	GLCTLVAML:HLA-A_02:01
CASSLGGGPQETQYF	TRBV07-2_01	GLCTLVAML:HLA-A_02:01
CASSLGGRASTDTQYF	TRBV07-6_01	GLCTLVAML:HLA-A_02:01
CASSLGGTYEQYF	TRBV07-8_01	GLCTLVAML:HLA-A_02:01
CASSLGGYEQYF	TRBV07-2_01	GLCTLVAML:HLA-A_02:01
CASSLGLSGTQYF	TRBV07-2_01	GLCTLVAML:HLA-A_02:01
CASSLGPGKRETQYF	TRBV07-8_01	GLCTLVAML:HLA-A_02:01
CASSLGQAYEQYF	TRBV07-8_01	GLCTLVAML:HLA-A_02:01
CASSLKSPGVDTQYF	TRBV07-8_01	GLCTLVAML:HLA-A_02:01
CASSLLGSNQPQHF	TRBV07-8_01	GLCTLVAML:HLA-A_02:01
CASSLMLQQETQYF	TRBV07-8_01	GLCTLVAML:HLA-A_02:01
CASSLPLAGYNEQFF	TRBV07-3_01	GLCTLVAML:HLA-A_02:01
CASSLQGGSKYF	TRBV07-6_01	GLCTLVAML:HLA-A_02:01
CASSLRRGLEQYF	TRBV07-3_01	GLCTLVAML:HLA-A_02:01
CASSLSQGGNSPLHF	TRBV07-8_01	GLCTLVAML:HLA-A_02:01
CASSLVGQGSYEQYF	TRBV07-9_01	GLCTLVAML:HLA-A_02:01
CASSLVKLGIALIETQYF	TRBV07-8_01	GLCTLVAML:HLA-A_02:01
CASSLWNTEAFF	TRBV07-2_01	GLCTLVAML:HLA-A_02:01
CASSPFRGGLGYGYTF	TRBV07-8_01	GLCTLVAML:HLA-A_02:01
CASSPGQGAGQPQHF	TRBV12-3_01	GLCTLVAML:HLA-A_02:01
CASSPHEDSDTGELFF	TRBV04-2_01	GLCTLVAML:HLA-A_02:01
CASSPQTGWDTEAFF	TRBV07-8_01	GLCTLVAML:HLA-A_02:01
CASSPTGGDIQYF	TRBV07-3_01	GLCTLVAML:HLA-A_02:01
CASSPWVSGDTQYF	TRBV07-8_01	GLCTLVAML:HLA-A_02:01
CASSQAGLEAYNEQFF	TRBV04-2_01	GLCTLVAML:HLA-A_02:01
CASSQAGQGAYEQYF	TRBV04-1_01	GLCTLVAML:HLA-A_02:01
CASSQDLTGPTDTQYF	TRBV14_01	GLCTLVAML:HLA-A_02:01
CASSQDRTGVRNIQYF	TRBV04-2_01	GLCTLVAML:HLA-A_02:01
CASSQDSSGGLGEQFF	TRBV04-2_01	GLCTLVAML:HLA-A_02:01
CASSQELAGAYNEQFF	TRBV04-3_01	GLCTLVAML:HLA-A_02:01
CASSQERGGKWAYEQYF	TRBV04-3_01	GLCTLVAML:HLA-A_02:01
CASSQERGNEQFF	TRBV04-3_01	GLCTLVAML:HLA-A_02:01
CASSQSPGGEQYF	TRBV14_01	GLCTLVAML:HLA-A_02:01
CASSQSPGGTQYF	TRBV14_01	GLCTLVAML:HLA-A_02:01
CASSQSPGGTQYF	TRBV14_01	GLCTLVAML:HLA-A_02:01
CASSQVGLGRGSQYF	TRBV04-3_01	GLCTLVAML:HLA-A_02:01
CASSRDRSYNEQFF	TRBV07-8_01	GLCTLVAML:HLA-A_02:01
CASSRDSGGNEQFF	TRBV06-2_01	GLCTLVAML:HLA-A_02:01
CASSRTGQGQETQYF	TRBV07-9_01	GLCTLVAML:HLA-A_02:01
CASSSGGNEQFF	TRBV06-5_01	GLCTLVAML:HLA-A_02:01
CASSSGLQETQYF	TRBV07-8_01	GLCTLVAML:HLA-A_02:01
CASSSLAGDLGEQYF	TRBV07-6_01	GLCTLVAML:HLA-A_02:01
CASSSQGASEQFF	TRBV07-9_01	GLCTLVAML:HLA-A_02:01
CASSSRWVGGSSYEQYF	TRBV07-8_01	GLCTLVAML:HLA-A_02:01
CASSSSTGDDYTF	TRBV07-3_01	GLCTLVAML:HLA-A_02:01
CASSTGTGSAGYTF	TRBV09_01	GLCTLVAML:HLA-A_02:01
CASSTQAQETQYF	TRBV06-2_01	GLCTLVAML:HLA-A_02:01
CASSTTSGARIGNEQFF	TRBV07-2_01	GLCTLVAML:HLA-A_02:01
CASSVAGGDEQFF	TRBV09_01	GLCTLVAML:HLA-A_02:01
CASSVLRTSGSYNEQFF	TRBV06-1_01	GLCTLVAML:HLA-A_02:01
CASSVRGRGTQTDTQYF	TRBV09_01	GLCTLVAML:HLA-A_02:01
CASSVVGGDEQYF	TRBV09_01	GLCTLVAML:HLA-A_02:01
CASSVVGGNEQFF	TRBV09_01	GLCTLVAML:HLA-A_02:01
CASSVVGNEQFF	TRBV09_01	GLCTLVAML:HLA-A_02:01
CASSVVGNEQYF	TRBV09_01	GLCTLVAML:HLA-A_02:01
CASSYEDGRYNEQFF	TRBV06-6_01	GLCTLVAML:HLA-A_02:01
CASSYRGDRPEAFF	TRBV06-2_01	GLCTLVAML:HLA-A_02:01
CASSYRLHEKLFF	TRBV06-2_01	GLCTLVAML:HLA-A_02:01
CASSYSASGGEQFF	TRBV06-5_01	GLCTLVAML:HLA-A_02:01
CASSYSPGNEQYF	TRBV06-2_01	GLCTLVAML:HLA-A_02:01
CASSYSPGPITDTQYF	TRBV07-8_01	GLCTLVAML:HLA-A_02:01
CASTLTTDPYEQYF	TRBV07-8_01	GLCTLVAML:HLA-A_02:01
CAWEDRYNEQFF	TRBV30_01	GLCTLVAML:HLA-A_02:01
CAWGDRGGYGYTF	TRBV30_01	GLCTLVAML:HLA-A_02:01
CAWNREGSALTTQYF	TRBV30_01	GLCTLVAML:HLA-A_02:01
CAWRHRDRGSEQFF	TRBV30_01	GLCTLVAML:HLA-A_02:01
CAWSVWDRGYEQYF	TRBV30_01	GLCTLVAML:HLA-A_02:01
CSADRTGSYEQYF	TRBV20-1_01	GLCTLVAML:HLA-A_02:01
CSAGTEGTNEKLFF	TRBV29-1_01	GLCTLVAML:HLA-A_02:01
CSAGTGGTNEKLFF	TRBV29-1_01	GLCTLVAML:HLA-A_02:01
CSAIPQGTPYNEQFF	TRBV20-1_01	GLCTLVAML:HLA-A_02:01
CSAMNAGLPPNIQYF	TRBV20-1_01	GLCTLVAML:HLA-A_02:01
CSARDGTGNGYTF	TRBV20-1_01	GLCTLVAML:HLA-A_02:01
CSARDQTGNGYTF	TRBV20-1_01	GLCTLVAML:HLA-A_02:01
CSARDRVGNTIYF	TRBV20-1_01	GLCTLVAML:HLA-A_02:01
CSARGDGGRLGTDTQYF	TRBV20-1_01	GLCTLVAML:HLA-A_02:01
CSARIEVGNTIYF	TRBV20-1_01	GLCTLVAML:HLA-A_02:01
CSARLGVGNTIYF	TRBV20-1_01	GLCTLVAML:HLA-A_02:01
CSARNPGSGYTF	TRBV20-1_01	GLCTLVAML:HLA-A_02:01
CSARSETGNTIYF	TRBV20-1_01	GLCTLVAML:HLA-A_02:01
CSARTPPGNTIYF	TRBV20-1_01	GLCTLVAML:HLA-A_02:01
CSARTSGTYEQYF	TRBV20-1_01	GLCTLVAML:HLA-A_02:01
CSARVGVGNTIYF	TRBV20-1_01	GLCTLVAML:HLA-A_02:01
CSAYPGPNYGEQYF	TRBV20-1_01	GLCTLVAML:HLA-A_02:01
CSGEDQETQYF	TRBV20-1_01	GLCTLVAML:HLA-A_02:01
CSGGQGETQYF	TRBV29-1_01	GLCTLVAML:HLA-A_02:01
CSVAEMNTEAFF	TRBV29-1_01	GLCTLVAML:HLA-A_02:01
CSVEGTSGRGEQFF	TRBV29-1_01	GLCTLVAML:HLA-A_02:01
CSVGRDGTNEKLFF	TRBV29-1_01	GLCTLVAML:HLA-A_02:01
CSVGTGGTNEKLFF	TRBV29-1_01	GLCTLVAML:HLA-A_02:01
CSYAAGVNEQFF	TRBV29-1_01	GLCTLVAML:HLA-A_02:01
CACAPGQGYEQYF	TRBV30_01	GLCTLVAML:HLA-A_02:01
CASGGHNEQFF	TRBV12-3_01	GLCTLVAML:HLA-A_02:01
CASGLGTSGGVGELFF	TRBV12-5_01	GLCTLVAML:HLA-A_02:01
CASGRRYNEQFF	TRBV07-3_01	GLCTLVAML:HLA-A_02:01
CASIQMARETDEQFF	TRBV04-1_01	GLCTLVAML:HLA-A_02:01
CASRGEEGTQYF	TRBV07-9_01	GLCTLVAML:HLA-A_02:01
CASRLDTAAYEQYF	TRBV14_01	GLCTLVAML:HLA-A_02:01
CASRLGTDHEQYF	TRBV07-9_01	GLCTLVAML:HLA-A_02:01
CASRPGQGVYEQYF	TRBV12-3_01	GLCTLVAML:HLA-A_02:01
CASRRTTGANTEAFF	TRBV04-1_01	GLCTLVAML:HLA-A_02:01
CASRSASNEQFF	TRBV07-8_01	GLCTLVAML:HLA-A_02:01
CASRSASNEQFF	TRBV07-2_01	GLCTLVAML:HLA-A_02:01
CASRSASNEQFF	TRBV07-9_01	GLCTLVAML:HLA-A_02:01
CASSAAGAVETQYF	TRBV14_01	GLCTLVAML:HLA-A_02:01
CASSAGTPLYYGYTF	TRBV19_01	GLCTLVAML:HLA-A_02:01
CASSALDTQYF	TRBV07-9_01	GLCTLVAML:HLA-A_02:01
CASSAPGQNYGYTF	TRBV04-1_01	GLCTLVAML:HLA-A_02:01
CASSASGKGVTGELFF	TRBV07-8_01	GLCTLVAML:HLA-A_02:01
CASSDRTDTQYF	TRBV07-9_01	GLCTLVAML:HLA-A_02:01
CASSEIARPRAFF	TRBV04-1_01	GLCTLVAML:HLA-A_02:01
CASSFGATDTQYF	TRBV07-7_01	GLCTLVAML:HLA-A_02:01
CASSFGPNTEAFF	TRBV12-3_01	GLCTLVAML:HLA-A_02:01
CASSFGQGLSGANVLTF	TRBV06-5_01	GLCTLVAML:HLA-A_02:01
CASSFGQGNTEAFF	TRBV07-2_01	GLCTLVAML:HLA-A_02:01
CASSFGVAGGASRHEQYF	TRBV12-3_01	GLCTLVAML:HLA-A_02:01
CASSFKGQPYTGELFF	TRBV07-8_01	GLCTLVAML:HLA-A_02:01
CASSFQGTEAFF	TRBV07-6_01	GLCTLVAML:HLA-A_02:01
CASSFSETSTDTQYF	TRBV07-2_01	GLCTLVAML:HLA-A_02:01
CASSFTGKGYNEQFF	TRBV07-9_01	GLCTLVAML:HLA-A_02:01
CASSGEQGDGYTF	TRBV07-2_01	GLCTLVAML:HLA-A_02:01
CASSGGQGNTEAFF	TRBV07-9_01	GLCTLVAML:HLA-A_02:01
CASSGQDGYTF	TRBV06-5_01	GLCTLVAML:HLA-A_02:01
CASSGTSSPYEQYF	TRBV12-3_01	GLCTLVAML:HLA-A_02:01
CASSHGGADTQYF	TRBV04-1_01	GLCTLVAML:HLA-A_02:01
CASSHPEGGTGELFF	TRBV07-8_01	GLCTLVAML:HLA-A_02:01
CASSHPYTGELFF	TRBV04-1_01	GLCTLVAML:HLA-A_02:01
CASSHSGGARNTIYF	TRBV04-1_01	GLCTLVAML:HLA-A_02:01
CASSKREIRSTGTLRYEQYF	TRBV07-8_01	GLCTLVAML:HLA-A_02:01
CASSLAGQRTDTQYF	TRBV07-2_01	GLCTLVAML:HLA-A_02:01
CASSLALDSAGEQYF	TRBV13_01	GLCTLVAML:HLA-A_02:01
CASSLDIGVSEAFF	TRBV04-1_01	GLCTLVAML:HLA-A_02:01
CASSLDTDTQYF	TRBV07-9_01	GLCTLVAML:HLA-A_02:01
CASSLDTWTGELFF	TRBV07-8_01	GLCTLVAML:HLA-A_02:01
CASSLEAGGGYLEKLFF	TRBV07-2_01	GLCTLVAML:HLA-A_02:01
CASSLEANTEAFF	TRBV07-2_01	GLCTLVAML:HLA-A_02:01
CASSLEDRVIGKRDNEQFF	TRBV07-8_01	GLCTLVAML:HLA-A_02:01
CASSLEWDLAGTQYF	TRBV07-8_01	GLCTLVAML:HLA-A_02:01
CASSLFSGGLNEQFF	TRBV07-3_01	GLCTLVAML:HLA-A_02:01
CASSLGAAITGTF	TRBV07-8_01	GLCTLVAML:HLA-A_02:01
CASSLGAYEQYF	TRBV07-8_01	GLCTLVAML:HLA-A_02:01
CASSLGGEETQYF	TRBV07-6_01	GLCTLVAML:HLA-A_02:01
CASSLGGPFNEQFF	TRBV07-8_01	GLCTLVAML:HLA-A_02:01
CASSLGGPYEQYF	TRBV06-6_01	GLCTLVAML:HLA-A_02:01
CASSLGLAGARGSSYNEQFF	TRBV07-2_01	GLCTLVAML:HLA-A_02:01
CASSLGLAGARGSSYNEQFF	TRBV05-1_01	GLCTLVAML:HLA-A_02:01
CASSLGQGEAFF	TRBV07-6_01	GLCTLVAML:HLA-A_02:01
CASSLGVAYGGEDTEAFF	TRBV07-8_01	GLCTLVAML:HLA-A_02:01
CASSLHNEQFF	TRBV12-3_01	GLCTLVAML:HLA-A_02:01
CASSLLAGGPNYNEQFF	TRBV07-8_01	GLCTLVAML:HLA-A_02:01
CASSLLGLPGSEQYF	TRBV07-6_01	GLCTLVAML:HLA-A_02:01
CASSLLQGRQPQHF	TRBV07-8_01	GLCTLVAML:HLA-A_02:01
CASSLLSGTSLRVTGELFF	TRBV07-8_01	GLCTLVAML:HLA-A_02:01
CASSLPQGEQYF	TRBV06-5_01	GLCTLVAML:HLA-A_02:01
CASSLRASPRTEAFF	TRBV07-9_01	GLCTLVAML:HLA-A_02:01
CASSLRGTETEAFF	TRBV07-6_01	GLCTLVAML:HLA-A_02:01
CASSLRPQQDSSYNEQFF	TRBV07-2_01	GLCTLVAML:HLA-A_02:01
CASSLSGDYGYTF	TRBV07-6_01	GLCTLVAML:HLA-A_02:01
CASSLSGDYGYTF	TRBV07-8_01	GLCTLVAML:HLA-A_02:01
CASSLSGDYGYTF	TRBV07-2_01	GLCTLVAML:HLA-A_02:01
CASSLSGDYGYTF	TRBV07-9_01	GLCTLVAML:HLA-A_02:01
CASSLSGNEQYF	TRBV12-3_01	GLCTLVAML:HLA-A_02:01
CASSLSLGRIDGYTF	TRBV27_01	GLCTLVAML:HLA-A_02:01
CASSLSPSASYEQYF	TRBV07-3_01	GLCTLVAML:HLA-A_02:01
CASSLVGGSGISTDTQYF	TRBV07-8_01	GLCTLVAML:HLA-A_02:01
CASSLVQGYEQYF	TRBV07-9_01	GLCTLVAML:HLA-A_02:01
CASSLVRGGNEQFF	TRBV07-9_01	GLCTLVAML:HLA-A_02:01
CASSLVRNYEQYF	TRBV11-2_01	GLCTLVAML:HLA-A_02:01
CASSNGQGAVGEQFF	TRBV07-9_01	GLCTLVAML:HLA-A_02:01
CASSPGGASGRSNEQFF	TRBV28_01	GLCTLVAML:HLA-A_02:01
CASSPGGAYNSPLHF	TRBV07-2_01	GLCTLVAML:HLA-A_02:01
CASSPGLAGANEQFF	TRBV04-2_01	GLCTLVAML:HLA-A_02:01
CASSPGLAGANEQFF	TRBV07-2_01	GLCTLVAML:HLA-A_02:01
CASSPGLAGANEQFF	TRBV07-8_01	GLCTLVAML:HLA-A_02:01
CASSPGPYTLNTGELFF	TRBV07-3_01	GLCTLVAML:HLA-A_02:01
CASSPGQGGTDTQYF	TRBV07-9_01	GLCTLVAML:HLA-A_02:01
CASSPGTSGREKETQYF	TRBV07-6_01	GLCTLVAML:HLA-A_02:01
CASSPGYEQYF	TRBV04-1_01	GLCTLVAML:HLA-A_02:01
CASSPIMNTEAFF	TRBV07-8_01	GLCTLVAML:HLA-A_02:01
CASSPKTSGTSYEQYF	TRBV04-1_01	GLCTLVAML:HLA-A_02:01
CASSPLRVAEPQETQYF	TRBV04-1_01	GLCTLVAML:HLA-A_02:01
CASSPNPAYEQYF	TRBV04-1_01	GLCTLVAML:HLA-A_02:01
CASSPNRVGDQPQHF	TRBV06-6_01	GLCTLVAML:HLA-A_02:01
CASSPPGQGIYGYTF	TRBV07-9_01	GLCTLVAML:HLA-A_02:01
CASSPRAGVNQPQHF	TRBV07-6_01	GLCTLVAML:HLA-A_02:01
CASSPRANPGELFF	TRBV07-8_01	GLCTLVAML:HLA-A_02:01
CASSPRGDTQYF	TRBV07-9_01	GLCTLVAML:HLA-A_02:01
CASSPRGGAGTDTQYF	TRBV07-8_01	GLCTLVAML:HLA-A_02:01
CASSPRQGTETQYF	TRBV14_01	GLCTLVAML:HLA-A_02:01
CASSPRTDLGEQYF	TRBV04-1_01	GLCTLVAML:HLA-A_02:01
CASSPTGGPPSYEQYF	TRBV13_01	GLCTLVAML:HLA-A_02:01
CASSPTPGPQFF	TRBV04-1_01	GLCTLVAML:HLA-A_02:01
CASSPTSGGYEQYF	TRBV06-5_01	GLCTLVAML:HLA-A_02:01
CASSPVGAASSYEQYF	TRBV04-1_01	GLCTLVAML:HLA-A_02:01
CASSQAGSREQYF	TRBV04-3_01	GLCTLVAML:HLA-A_02:01
CASSQAKNTEAFF	TRBV04-1_01	GLCTLVAML:HLA-A_02:01
CASSQAKNTEAFF	TRBV04-3_01	GLCTLVAML:HLA-A_02:01
CASSQARLYQETQYF	TRBV04-1_01	GLCTLVAML:HLA-A_02:01
CASSQDDRVEKLFF	TRBV04-3_01	GLCTLVAML:HLA-A_02:01
CASSQDGGNEQFF	TRBV04-3_01	GLCTLVAML:HLA-A_02:01
CASSQDGGSPYEQYF	TRBV04-3_01	GLCTLVAML:HLA-A_02:01
CASSQDGLALRETQYF	TRBV04-3_01	GLCTLVAML:HLA-A_02:01
CASSQDGSGGLGEQFF	TRBV04-2_01	GLCTLVAML:HLA-A_02:01
CASSQDGSGGLGEQFF	TRBV07-8_01	GLCTLVAML:HLA-A_02:01
CASSQDGSGGLGEQFF	TRBV07-2_01	GLCTLVAML:HLA-A_02:01
CASSQDRGGNTIYF	TRBV04-3_01	GLCTLVAML:HLA-A_02:01
CASSQDRNRRVSPLHF	TRBV04-2_01	GLCTLVAML:HLA-A_02:01
CASSQDRTDGNTIYF	TRBV04-2_01	GLCTLVAML:HLA-A_02:01
CASSQEIPYEQYF	TRBV04-1_01	GLCTLVAML:HLA-A_02:01
CASSQEPGLVGGELFF	TRBV04-1_01	GLCTLVAML:HLA-A_02:01
CASSQGGGPAAFF	TRBV04-2_01	GLCTLVAML:HLA-A_02:01
CASSQGQGGNQPQHF	TRBV04-1_01	GLCTLVAML:HLA-A_02:01
CASSQGQGGYEQYF	TRBV04-3_01	GLCTLVAML:HLA-A_02:01
CASSQGTAYGYTF	TRBV14_01	GLCTLVAML:HLA-A_02:01
CASSQKTGKNTEAFF	TRBV04-1_01	GLCTLVAML:HLA-A_02:01
CASSQLAGVETQYF	TRBV04-1_01	GLCTLVAML:HLA-A_02:01
CASSQLTGGVHEQYF	TRBV04-1_01	GLCTLVAML:HLA-A_02:01
CASSQPQYSGANVLTF	TRBV07-9_01	GLCTLVAML:HLA-A_02:01
CASSQRDLSSGNTIYF	TRBV07-2_01	GLCTLVAML:HLA-A_02:01
CASSQRGVQETQYF	TRBV04-1_01	GLCTLVAML:HLA-A_02:01
CASSQRIALGDGNQPQHF	TRBV04-1_01	GLCTLVAML:HLA-A_02:01
CASSQSGNTEAFF	TRBV14_01	GLCTLVAML:HLA-A_02:01
CASSQSPGGTQYF	TRBV14_01	GLCTLVAML:HLA-A_02:01
CASSQSPGGTQYF	TRBV14_01	GLCTLVAML:HLA-A_02:01
CASSQVLDTEAFF	TRBV04-2_01	GLCTLVAML:HLA-A_02:01
CASSQVLRGPSSYNEQFF	TRBV04-3_01	GLCTLVAML:HLA-A_02:01
CASSQVSGLAGGQNTGELFF	TRBV04-1_01	GLCTLVAML:HLA-A_02:01
CASSQVSPVVLDRDNEQFF	TRBV04-1_01	GLCTLVAML:HLA-A_02:01
CASSRLGGRNQPQHF	TRBV04-1_01	GLCTLVAML:HLA-A_02:01
CASSRPGQGDTEAFF	TRBV04-1_01	GLCTLVAML:HLA-A_02:01
CASSRPTGNTEAFF	TRBV07-9_01	GLCTLVAML:HLA-A_02:01
CASSRQGGGGNQPQHF	TRBV14_01	GLCTLVAML:HLA-A_02:01
CASSRRPGLGETQYF	TRBV12-3_01	GLCTLVAML:HLA-A_02:01
CASSRTGMGETQYF	TRBV06-2_01	GLCTLVAML:HLA-A_02:01
CASSSFCGRSYEQYF	TRBV07-7_01	GLCTLVAML:HLA-A_02:01
CASSSGGLSSGNTIYF	TRBV09_01	GLCTLVAML:HLA-A_02:01
CASSSGLATGSYEQYF	TRBV07-8_01	GLCTLVAML:HLA-A_02:01
CASSSGTGDYEQYF	TRBV07-6_01	GLCTLVAML:HLA-A_02:01
CASSSGTSGSVETQYF	TRBV07-9_01	GLCTLVAML:HLA-A_02:01
CASSSKGLVESTTEQFF	TRBV07-9_01	GLCTLVAML:HLA-A_02:01
CASSSLRVETQYF	TRBV07-8_01	GLCTLVAML:HLA-A_02:01
CASSSPPGVVEQYF	TRBV07-9_01	GLCTLVAML:HLA-A_02:01
CASSSQLWREEIEQFF	TRBV07-2_01	GLCTLVAML:HLA-A_02:01
CASSSRGTYEQYF	TRBV07-8_01	GLCTLVAML:HLA-A_02:01
CASSSTATYEQYF	TRBV07-8_01	GLCTLVAML:HLA-A_02:01
CASSSTDEATEAFF	TRBV07-6_01	GLCTLVAML:HLA-A_02:01
CASSSTETGTEAFF	TRBV07-9_01	GLCTLVAML:HLA-A_02:01
CASSSTGLNTEAFF	TRBV12-3_01	GLCTLVAML:HLA-A_02:01
CASSSTGTDDTDTQYF	TRBV07-9_01	GLCTLVAML:HLA-A_02:01
CASSSTGYEQYF	TRBV07-9_01	GLCTLVAML:HLA-A_02:01
CASSSTSVQETQYF	TRBV07-8_01	GLCTLVAML:HLA-A_02:01
CASSTHTDTQYF	TRBV04-1_01	GLCTLVAML:HLA-A_02:01
CASSTPSNNEQFF	TRBV07-3_01	GLCTLVAML:HLA-A_02:01
CASSWDSSYNEQFF	TRBV13_01	GLCTLVAML:HLA-A_02:01
CASSWGAGQPQHF	TRBV06-2_01	GLCTLVAML:HLA-A_02:01
CASSYGREAFF	TRBV07-2_01	GLCTLVAML:HLA-A_02:01
CASSYRDRENIQYF	TRBV07-8_01	GLCTLVAML:HLA-A_02:01
CASSYRDSYEQYF	TRBV07-9_01	GLCTLVAML:HLA-A_02:01
CASSYRNTIYF	TRBV06-5_01	GLCTLVAML:HLA-A_02:01
CASSYSEGYEQYF	TRBV06-5_01	GLCTLVAML:HLA-A_02:01
CASSYSGTGAYEQYF	TRBV06-6_01	GLCTLVAML:HLA-A_02:01
CASSYTGGTTDTQYF	TRBV07-2_01	GLCTLVAML:HLA-A_02:01
CASTGGLAGGRTTQETQYF	TRBV07-8_01	GLCTLVAML:HLA-A_02:01
CASTLAQGSQTEAFF	TRBV06-5_01	GLCTLVAML:HLA-A_02:01
CASTLGGDWGGQETQYF	TRBV07-8_01	GLCTLVAML:HLA-A_02:01
CASTLGGNTGELFF	TRBV09_01	GLCTLVAML:HLA-A_02:01
CATSRDVIGSNEQFF	TRBV15_01	GLCTLVAML:HLA-A_02:01
CATSRGQSYGYTF	TRBV15_01	GLCTLVAML:HLA-A_02:01
CATSRLLSEQYF	TRBV15_01	GLCTLVAML:HLA-A_02:01
CATSRVNPQETQYF	TRBV15_01	GLCTLVAML:HLA-A_02:01
CATSTFAGELFF	TRBV15_01	GLCTLVAML:HLA-A_02:01
CAWSATSSNQPQHF	TRBV30_01	GLCTLVAML:HLA-A_02:01
CAWSGLVSGGNEQYF	TRBV30_01	GLCTLVAML:HLA-A_02:01
CAWSMDRDFYGYTF	TRBV30_01	GLCTLVAML:HLA-A_02:01
CSADAFF	TRBV29-1_01	GLCTLVAML:HLA-A_02:01
CSARDGTGNGYTF	TRBV20-1_01	GLCTLVAML:HLA-A_02:01
CSARDQTGNGYTF	TRBV20-1_01	GLCTLVAML:HLA-A_02:01
CSARDRIGNGYTF	TRBV20-1_01	GLCTLVAML:HLA-A_02:01
CSARDRVGNTIYF	TRBV20-1_01	GLCTLVAML:HLA-A_02:01
CSARDSTGNGYTF	TRBV20-1_01	GLCTLVAML:HLA-A_02:01
CSARGQAPYEQYF	TRBV20-1_01	GLCTLVAML:HLA-A_02:01
CSARLQGENTIYF	TRBV20-1_01	GLCTLVAML:HLA-A_02:01
CSARNPGLAGVGETQYF	TRBV20-1_01	GLCTLVAML:HLA-A_02:01
CSARSETGNTIYF	TRBV20-1_01	GLCTLVAML:HLA-A_02:01
CSAVETGNEQFF	TRBV20-1_01	GLCTLVAML:HLA-A_02:01
CSGWDTSGEQYF	TRBV29-1_01	GLCTLVAML:HLA-A_02:01
CSVDEGSDTQYF	TRBV29-1_01	GLCTLVAML:HLA-A_02:01
CSVDGGTTNTGELFF	TRBV29-1_01	GLCTLVAML:HLA-A_02:01
CSVEGPAGGPYEQYF	TRBV29-1_01	GLCTLVAML:HLA-A_02:01
CSVEPPETQYF	TRBV29-1_01	GLCTLVAML:HLA-A_02:01
CSVEREGGYTF	TRBV29-1_01	GLCTLVAML:HLA-A_02:01
CSVESVAENEQFF	TRBV29-1_01	GLCTLVAML:HLA-A_02:01
CSVEVARAYEQYF	TRBV29-1_01	GLCTLVAML:HLA-A_02:01
CSVGGRGDGYTF	TRBV29-1_01	GLCTLVAML:HLA-A_02:01
CSVGGSFYGYTF	TRBV29-1_01	GLCTLVAML:HLA-A_02:01
CSVGTSAYEQFF	TRBV29-1_01	GLCTLVAML:HLA-A_02:01
CASDRANEQFF	TRBV19_01	GLCTLVAML:HLA-A_02:01
CASFGGGGRNTEAFF	TRBV04-1_01	GLCTLVAML:HLA-A_02:01
CASGQGIAEAFF	TRBV27_01	GLCTLVAML:HLA-A_02:01
CASGTGTGELFF	TRBV12-3_01	GLCTLVAML:HLA-A_02:01
CASKDPGWFLAFF	TRBV06-5_01	GLCTLVAML:HLA-A_02:01
CASMKYEAFF	TRBV06-1_01	GLCTLVAML:HLA-A_02:01
CASNQSPGGTQYF	TRBV14_01	GLCTLVAML:HLA-A_02:01
CASRPRRAGGDRELFF	TRBV07-8_01	GLCTLVAML:HLA-A_02:01
CASSDIYEQYF	TRBV11-2_01	GLCTLVAML:HLA-A_02:01
CASSDSQNEQFF	TRBV06-4_01	GLCTLVAML:HLA-A_02:01
CASSDSSTDTQYF	TRBV06-4_01	GLCTLVAML:HLA-A_02:01
CASSEETGEGGHEQFF	TRBV06-4_01	GLCTLVAML:HLA-A_02:01
CASSEFFPSAPYEQYF	TRBV06-1_01	GLCTLVAML:HLA-A_02:01
CASSEGQVAPGEQYF	TRBV02_01	GLCTLVAML:HLA-A_02:01
CASSERQGADTQYF	TRBV06-4_01	GLCTLVAML:HLA-A_02:01
CASSEVGSYNSPLHF	TRBV06-1_01	GLCTLVAML:HLA-A_02:01
CASSEYPGYYGYTF	TRBV06-1_01	GLCTLVAML:HLA-A_02:01
CASSFHRVMNTEAFF	TRBV12-3_01	GLCTLVAML:HLA-A_02:01
CASSFNNEQFF	TRBV05-1_01	GLCTLVAML:HLA-A_02:01
CASSFRWRERDTQYF	TRBV07-6_01	GLCTLVAML:HLA-A_02:01
CASSFSGSTDTQYF	TRBV05-1_01	GLCTLVAML:HLA-A_02:01
CASSGAGGGSPDTQYF	TRBV11-2_01	GLCTLVAML:HLA-A_02:01
CASSGRQAYGYTF	TRBV09_01	GLCTLVAML:HLA-A_02:01
CASSGWTGPNTEAFF	TRBV07-9_01	GLCTLVAML:HLA-A_02:01
CASSIDFTANTEAFF	TRBV19_01	GLCTLVAML:HLA-A_02:01
CASSIDGTAYEQYF	TRBV19_01	GLCTLVAML:HLA-A_02:01
CASSIDRVLGRTGELFF	TRBV19_01	GLCTLVAML:HLA-A_02:01
CASSILGNSPLHF	TRBV19_01	GLCTLVAML:HLA-A_02:01
CASSISGPSNQPQHF	TRBV19_01	GLCTLVAML:HLA-A_02:01
CASSKSSSSYEQYF	TRBV27_01	GLCTLVAML:HLA-A_02:01
CASSLAIGELFF	TRBV07-3_01	GLCTLVAML:HLA-A_02:01
CASSLAWGQLSGYTF	TRBV05-1_01	GLCTLVAML:HLA-A_02:01
CASSLDGTGYNEQFF	TRBV07-9_01	GLCTLVAML:HLA-A_02:01
CASSLEGTAWSDTQYF	TRBV07-9_01	GLCTLVAML:HLA-A_02:01
CASSLEGTGYYEQYF	TRBV07-9_01	GLCTLVAML:HLA-A_02:01
CASSLLGGSLYEQYF	TRBV28_01	GLCTLVAML:HLA-A_02:01
CASSLLTLGGADTQYF	TRBV14_01	GLCTLVAML:HLA-A_02:01
CASSLMGRGPNTGELFF	TRBV07-8_01	GLCTLVAML:HLA-A_02:01
CASSLMTGRETQYF	TRBV07-8_01	GLCTLVAML:HLA-A_02:01
CASSLQGYLLNQPQHF	TRBV07-8_01	GLCTLVAML:HLA-A_02:01
CASSLRDGGLNYGYTF	TRBV05-1_01	GLCTLVAML:HLA-A_02:01
CASSLSGQETDTQYF	TRBV07-6_01	GLCTLVAML:HLA-A_02:01
CASSLTDPYEQYF	TRBV07-8_01	GLCTLVAML:HLA-A_02:01
CASSLTNPYEQYF	TRBV07-8_01	GLCTLVAML:HLA-A_02:01
CASSLTRRGNQPQHF	TRBV13_01	GLCTLVAML:HLA-A_02:01
CASSLVLQETQYF	TRBV28_01	GLCTLVAML:HLA-A_02:01
CASSLWRLGKAYEQYF	TRBV28_01	GLCTLVAML:HLA-A_02:01
CASSPDGRVEQYF	TRBV18_01	GLCTLVAML:HLA-A_02:01
CASSPDRGNQPQHF	TRBV12-3_01	GLCTLVAML:HLA-A_02:01
CASSPEVTSGGHEQYF	TRBV04-1_01	GLCTLVAML:HLA-A_02:01
CASSPLEYSYEQYF	TRBV11-1_01	GLCTLVAML:HLA-A_02:01
CASSPLVRGRFSNQPQHF	TRBV07-8_01	GLCTLVAML:HLA-A_02:01
CASSPPRRETTNEKLFF	TRBV04-2_01	GLCTLVAML:HLA-A_02:01
CASSPQRGGPTDTQYF	TRBV07-9_01	GLCTLVAML:HLA-A_02:01
CASSPTSSTTSYEQYF	TRBV07-8_01	GLCTLVAML:HLA-A_02:01
CASSPWGGGTEAFF	TRBV09_01	GLCTLVAML:HLA-A_02:01
CASSQDFRGGYEQYF	TRBV04-1_01	GLCTLVAML:HLA-A_02:01
CASSQDFRGGYEQYF	TRBV04-1_01	GLCTLVAML:HLA-A_02:01
CASSQDFRGGYEQYF	TRBV04-1_01	GLCTLVAML:HLA-A_02:01
CASSQDSGNNEQFF	TRBV04-2_01	GLCTLVAML:HLA-A_02:01
CASSQEGPPGRNYEQYF	TRBV04-2_01	GLCTLVAML:HLA-A_02:01
CASSQGHGPFNQPQHF	TRBV04-1_01	GLCTLVAML:HLA-A_02:01
CASSQGVLTEAFF	TRBV12-3_01	GLCTLVAML:HLA-A_02:01
CASSQIGGSDYGYTF	TRBV14_01	GLCTLVAML:HLA-A_02:01
CASSQLAQGRGAYNEQFF	TRBV04-1_01	GLCTLVAML:HLA-A_02:01
CASSQLIPGLLYGYTF	TRBV04-1_01	GLCTLVAML:HLA-A_02:01
CASSQLIPGLLYGYTF	TRBV04-1_01	GLCTLVAML:HLA-A_02:01
CASSQPPGGTQYF	TRBV14_01	GLCTLVAML:HLA-A_02:01
CASSQQLRVINTEAFF	TRBV04-1_01	GLCTLVAML:HLA-A_02:01
CASSQSPDGTQYF	TRBV14_01	GLCTLVAML:HLA-A_02:01
CASSQSPGDTQYF	TRBV14_01	GLCTLVAML:HLA-A_02:01
CASSQSPGGFQFF	TRBV14_01	GLCTLVAML:HLA-A_02:01
CASSQSPGGTQHF	TRBV14_01	GLCTLVAML:HLA-A_02:01
CASSQSPGGTQYF	TRBV14_01	GLCTLVAML:HLA-A_02:01
CASSQSPSGTQYF	TRBV14_01	GLCTLVAML:HLA-A_02:01
CASSRGHALDQPQHF	TRBV07-8_01	GLCTLVAML:HLA-A_02:01
CASSRQAPWGRDTEAFF	TRBV07-9_01	GLCTLVAML:HLA-A_02:01
CASSSGAGEANEQFF	TRBV25-1_01	GLCTLVAML:HLA-A_02:01
CASSSGNNEQFF	TRBV19_01	GLCTLVAML:HLA-A_02:01
CASSSGRASGANVLTF	TRBV07-9_01	GLCTLVAML:HLA-A_02:01
CASSSGRDSGANVLTF	TRBV07-9_01	GLCTLVAML:HLA-A_02:01
CASSSKTGAYEQYF	TRBV27_01	GLCTLVAML:HLA-A_02:01
CASSSPARAYGYTF	TRBV12-3_01	GLCTLVAML:HLA-A_02:01
CASSSTGAGTDTQYF	TRBV07-9_01	GLCTLVAML:HLA-A_02:01
CASSTGLAGGLETQYF	TRBV09_01	GLCTLVAML:HLA-A_02:01
CASSYLLSYEQYF	TRBV06-5_01	GLCTLVAML:HLA-A_02:01
CASSYPLGLGGTEAFF	TRBV06-6_01	GLCTLVAML:HLA-A_02:01
CASSYSSLAGLNTEAFF	TRBV06-6_01	GLCTLVAML:HLA-A_02:01
CASSYYDGYGYTF	TRBV06-6_01	GLCTLVAML:HLA-A_02:01
CASTEGTVAPGTQYF	TRBV02_01	GLCTLVAML:HLA-A_02:01
CASTPALGAKQYF	TRBV06-5_01	GLCTLVAML:HLA-A_02:01
CATGTSRVYEQYF	TRBV10-3_01	GLCTLVAML:HLA-A_02:01
CATRQGNQPQHF	TRBV15_01	GLCTLVAML:HLA-A_02:01
CATSRDGSGGASGELFF	TRBV15_01	GLCTLVAML:HLA-A_02:01
CATSRERGGGGETQYF	TRBV15_01	GLCTLVAML:HLA-A_02:01
CATSRTEGLSEQYF	TRBV15_01	GLCTLVAML:HLA-A_02:01
CATSRVKAFRDTQYF	TRBV15_01	GLCTLVAML:HLA-A_02:01
CATSSASGSGSDTQYF	TRBV15_01	GLCTLVAML:HLA-A_02:01
CATSSASGSTDTQYF	TRBV15_01	GLCTLVAML:HLA-A_02:01
CATSYGTGEEEAFF	TRBV15_01	GLCTLVAML:HLA-A_02:01
CATVVLLLARGEEGTDTQYF	TRBV06-9_01	GLCTLVAML:HLA-A_02:01
CAWIPTERQTYGYTF	TRBV30_01	GLCTLVAML:HLA-A_02:01
CAWSPIAGGRNEQFF	TRBV30_01	GLCTLVAML:HLA-A_02:01
CAWSRGAAEQFF	TRBV30_01	GLCTLVAML:HLA-A_02:01
CAWSRGAVEQFF	TRBV30_01	GLCTLVAML:HLA-A_02:01
CAWSTVTYEQYF	TRBV30_01	GLCTLVAML:HLA-A_02:01
CAWSVIGPYEQYF	TRBV30_01	GLCTLVAML:HLA-A_02:01
CAWTLAGRDTGELFF	TRBV30_01	GLCTLVAML:HLA-A_02:01
CRARGQAITEKLFF	TRBV20-1_01	GLCTLVAML:HLA-A_02:01
CSADPGLGGTDTQYF	TRBV20-1_01	GLCTLVAML:HLA-A_02:01
CSAFLSTFFTEAFF	TRBV20-1_01	GLCTLVAML:HLA-A_02:01
CSARAGADTEAFF	TRBV20-1_01	GLCTLVAML:HLA-A_02:01
CSARAGVGNTIYF	TRBV20-1_01	GLCTLVAML:HLA-A_02:01
CSARDKTGNGYTF	TRBV20-1_01	GLCTLVAML:HLA-A_02:01
CSARDRDRSLATEAFF	TRBV20-1_01	GLCTLVAML:HLA-A_02:01
CSARDRGIGNTIYF	TRBV20-1_01	GLCTLVAML:HLA-A_02:01
CSARDRVGNGYTF	TRBV20-1_01	GLCTLVAML:HLA-A_02:01
CSARDRVGNTIYF	TRBV20-1_01	GLCTLVAML:HLA-A_02:01
CSARDSVGNGYTF	TRBV20-1_01	GLCTLVAML:HLA-A_02:01
CSARDTGLDTGELFF	TRBV20-1_01	GLCTLVAML:HLA-A_02:01
CSARFPPGNTIYF	TRBV20-1_01	GLCTLVAML:HLA-A_02:01
CSARGGPGEVGNTIYF	TRBV20-1_01	GLCTLVAML:HLA-A_02:01
CSARGQAITEKLFF	TRBV20-1_01	GLCTLVAML:HLA-A_02:01
CSARGQAITEKLFF	TRBV20-1_01	GLCTLVAML:HLA-A_02:01
CSARGQAITEKLFF	TRBV20-1_01	GLCTLVAML:HLA-A_02:01
CSARGQAITEKPFF	TRBV20-1_01	GLCTLVAML:HLA-A_02:01
CSARGQAITEQLFF	TRBV20-1_01	GLCTLVAML:HLA-A_02:01
CSARIGVGNGYTF	TRBV20-1_01	GLCTLVAML:HLA-A_02:01
CSARLIAGPTSYEQYF	TRBV20-1_01	GLCTLVAML:HLA-A_02:01
CSARSGVGNTIYF	TRBV20-1_01	GLCTLVAML:HLA-A_02:01
CSARSRPVGNTIYF	TRBV20-1_01	GLCTLVAML:HLA-A_02:01
CSARTGVGNTIYF	TRBV20-1_01	GLCTLVAML:HLA-A_02:01
CSARVGVGNTIYF	TRBV20-1_01	GLCTLVAML:HLA-A_02:01
CSASEGYGYTF	TRBV20-1_01	GLCTLVAML:HLA-A_02:01
CSATWGEGSSPLHF	TRBV20-1_01	GLCTLVAML:HLA-A_02:01
CSGMRLLFSSYEQYF	TRBV29-1_01	GLCTLVAML:HLA-A_02:01
CSVDGTNTGELFF	TRBV29-1_01	GLCTLVAML:HLA-A_02:01
CSVEDAGGNQPQHF	TRBV29-1_01	GLCTLVAML:HLA-A_02:01
CSVEDFYNEQFF	TRBV29-1_01	GLCTLVAML:HLA-A_02:01
CSVEDFYNEQFF	TRBV29-1_01	GLCTLVAML:HLA-A_02:01
CSVEGFRTENNQPQHF	TRBV29-1_01	GLCTLVAML:HLA-A_02:01
CSVESLGAPKSSGNTIYF	TRBV29-1_01	GLCTLVAML:HLA-A_02:01
CSVGAGGTNEKLFF	TRBV29-1_01	GLCTLVAML:HLA-A_02:01
CSVGGSFYGYTF	TRBV29-1_01	GLCTLVAML:HLA-A_02:01
CSVGQGGTNEKLFF	TRBV29-1_01	GLCTLVAML:HLA-A_02:01
CSVGSGGTNEKLFF	TRBV29-1_01	GLCTLVAML:HLA-A_02:01
CASSLAGGSNQPQHF	TRBV07-9_01	GILGFVFTL:HLA-A_02:01
CASSLAPLSTDTQYF	TRBV07-8_01	GILGFVFTL:HLA-A_02:01
CASSLVSAHEQYF	TRBV04-1_01	GILGFVFTL:HLA-A_02:01
CASSPLDTKQQFF	TRBV07-8_01	GILGFVFTL:HLA-A_02:01
CASSPLDTKQQFF	TRBV07-2_01	GILGFVFTL:HLA-A_02:01
CAWSVLPEAFF	TRBV30_01	GILGFVFTL:HLA-A_02:01
CASSARQGIDTGELFF	TRBV07-9_01	TPRVTGGGAM:HLA-B_07:02
CASSFRDRGHYEQYF	TRBV07-9_01	TPRVTGGGAM:HLA-B_07:02
CASSLIGIGETDTQYF	TRBV07-9_01	TPRVTGGGAM:HLA-B_07:02
CASSTHDRDGGGSAQHF	TRBV07-9_01	TPRVTGGGAM:HLA-B_07:02
CSGRSKGAVNEKLFF	TRBV29-1_01	TPRVTGGGAM:HLA-B_07:02
CASSLAGQGSPYEQYF	TRBV07-8_01	LPRRSGAAGA:HLA-B_07:02
CASSLIGVSSYNEQFF	TRBV07-9_01	TPRVTGGGAM:HLA-B_07:02
CASSLRGHSYEQYF	TRBV07-6_01	LPRRSGAAGA:HLA-B_07:02
CSARDLLGTSETQYF	TRBV20-1_01	LPRRSGAAGA:HLA-B_07:02
CASSLAGQGSPYEQYF	TRBV07-8_01	LPRRSGAAGA:HLA-B_07:02
CASSLIGVSSYNEQFF	TRBV07-9_01	LPRRSGAAGA:HLA-B_07:02
CAWSDRGLVDTQYF	TRBV30_01	LPRRSGAAGA:HLA-B_07:02
CASSGDHSYEQYF	TRBV03-1_01	LPRRSGAAGA:HLA-B_07:02
CSAISGSGGVGDTQYF	TRBV20-1_01	GILGFVFTL:HLA-A_02:01
CAISVGVDEQFF	TRBV10-3_01	CTELKLSDY:HLA-A_01:01
CASIDSGAATDTQYF	TRBV07-8_01	CTELKLSDY:HLA-A_01:01
CASSAGTGKTQYF	TRBV07-8_01	CTELKLSDY:HLA-A_01:01
CASSEDRLARTEAFF	TRBV06-1_01	CTELKLSDY:HLA-A_01:01
CASSFEGLLSTDTQYF	TRBV28_01	CTELKLSDY:HLA-A_01:01
CASSFRQGSDTGELFF	TRBV07-9_01	CTELKLSDY:HLA-A_01:01
CASSLALRQESREQYF	TRBV04-1_01	CTELKLSDY:HLA-A_01:01
CASSLALRQESREQYF	TRBV07-2_01	CTELKLSDY:HLA-A_01:01
CASSLGRQGPSTDTQYF	TRBV28_01	CTELKLSDY:HLA-A_01:01
CASSLTGFKETQYF	TRBV07-9_01	CTELKLSDY:HLA-A_01:01
CASSPGTGTYGYTF	TRBV10-2_01	VTEHDTLLY:HLA-A_01:01
CASSQGEGQFF	TRBV07-9_01	CTELKLSDY:HLA-A_01:01
CASSQGRASSGNTIYF	TRBV04-2_01	CTELKLSDY:HLA-A_01:01
CASSVGQGVTYEQYF	TRBV09_01	VTEHDTLLY:HLA-A_01:01
CASSVRGQGNYGYTF	TRBV05-4_01	VTEHDTLLY:HLA-A_01:01
CASSYGTIYEQYF	TRBV06-5_01	CTELKLSDY:HLA-A_01:01
CASSYSGDEKLFF	TRBV06-5_01	CTELKLSDY:HLA-A_01:01
CASTGGNEQFF	TRBV25-1_01	CTELKLSDY:HLA-A_01:01
CATSRERWGEYEQYF	TRBV15_01	CTELKLSDY:HLA-A_01:01
CASSLERSRRPYEAFF	TRBV07-9_01	CTELKLSDY:HLA-A_01:01
CASSPGLAGVYEQYF	TRBV12-3_01	CTELKLSDY:HLA-A_01:01
CASRLAGGGGEQFF	TRBV07-9_01	VTEHDTLLY:HLA-A_01:01
CATSSLSGRVTGELFF	TRBV15_01	VTEHDTLLY:HLA-A_01:01
CSVRTGGLGANVLTF	TRBV29-1_01	VTEHDTLLY:HLA-A_01:01
CASSKENNNRPYEQYF	TRBV07-9_01	VTEHDTLLY:HLA-A_01:01
CASSQDRVGTIFYGYTF	TRBV14_01	VTEHDTLLY:HLA-A_01:01
CASSQERGGKWAYEQYF	TRBV04-3_01	VTEHDTLLY:HLA-A_01:01
CASSQERGGKWAYEQYF	TRBV09_01	VTEHDTLLY:HLA-A_01:01
CASSQQGPEQFF	TRBV19_01	VTEHDTLLY:HLA-A_01:01
CASSVGQGKTYEQYF	TRBV09_01	VTEHDTLLY:HLA-A_01:01
CATHRAGGFNEQFF	TRBV15_01	VTEHDTLLY:HLA-A_01:01
CASRPDGRETQYF	TRBV12-3_01	NLVPMVATV:HLA-A_02:01
CASSSVNEQYF	TRBV12-3_01	NLVPMVATV:HLA-A_02:01
CASSSVNEQYF	TRBV12-3_01	NLVPMVATV:HLA-A_02:01
CASSLGMFNTEAFF	TRBV13_01	NLVPMVATV:HLA-A_02:01
CSAREEGTQAWETQYF	TRBV20-1_01	NLVPMVATV:HLA-A_02:01
CSAREEGTQAWETQYF	TRBV20-1_01	NLVPMVATV:HLA-A_02:01
CSAREEGTQAWETQYF	TRBV20-1_01	NLVPMVATV:HLA-A_02:01
CASSETGFGNQPQHF	TRBV25-1_01	NLVPMVATV:HLA-A_02:01
CASSQTGFGNQPQHF	TRBV25-1_01	NLVPMVATV:HLA-A_02:01
CASSPRQSNQPQHF	TRBV28_01	NLVPMVATV:HLA-A_02:01
CASSQDISRGQTLFGNSPLHF	TRBV04-3_01	NLVPMVATV:HLA-A_02:01
CASSNLPGTVEAFF	TRBV06-2_01	NLVPMVATV:HLA-A_02:01
CASSNLPGTVEAFF	TRBV06-2_01	NLVPMVATV:HLA-A_02:01
CASSSETTSPLHF	TRBV07-3_01	NLVPMVATV:HLA-A_02:01
CASSSETTSPLHF	TRBV07-3_01	NLVPMVATV:HLA-A_02:01
CASSLAPGATNEKLFF	TRBV07-6_01	NLVPMVATV:HLA-A_02:01
CASSLAPGATNEKLFF	TRBV07-6_01	NLVPMVATV:HLA-A_02:01
CASSLAPGTTNEKLFF	TRBV07-6_01	NLVPMVATV:HLA-A_02:01
CAIQYRGNQPQHF	TRBV28_01	GLCTLVAML:HLA-A_02:01
CASSQLGGISNQPQHF	TRBV12-3_01	GILGFVFTL:HLA-A_02:01
CASSIDGNVAPLHF	TRBV19_01	GILGFVFTL:HLA-A_02:01
CASSIFGGAREQFF	TRBV19_01	GILGFVFTL:HLA-A_02:01
CASSIRSAYEQYF	TRBV19_01	GILGFVFTL:HLA-A_02:01
CASSIRSLDIQYF	TRBV19_01	GILGFVFTL:HLA-A_02:01
CASSIRSSYEQYF	TRBV19_01	GILGFVFTL:HLA-A_02:01
CASSIRSSYEQYF	TRBV19_01	GILGFVFTL:HLA-A_02:01
CASSIRSTDTQYF	TRBV19_01	GILGFVFTL:HLA-A_02:01
CASSIRSTDTQYF	TRBV19_01	GILGFVFTL:HLA-A_02:01
CASSIRSTGELFF	TRBV19_01	GILGFVFTL:HLA-A_02:01
CASSIRSTGELFF	TRBV19_01	GILGFVFTL:HLA-A_02:01
CASSISSINEQFF	TRBV19_01	GILGFVFTL:HLA-A_02:01
CASSISSINEQFF	TRBV19_01	GILGFVFTL:HLA-A_02:01
CASSISSINEQFF	TRBV19_01	GILGFVFTL:HLA-A_02:01
CASSISSINEQFF	TRBV19_01	GILGFVFTL:HLA-A_02:01
CASSMGQGTYEQYF	TRBV19_01	GILGFVFTL:HLA-A_02:01
CASSMRSSYEQYF	TRBV19_01	GILGFVFTL:HLA-A_02:01
CASSMRSTDTQYF	TRBV19_01	GILGFVFTL:HLA-A_02:01
CASSNRASEKLFF	TRBV19_01	GILGFVFTL:HLA-A_02:01
CASSNRASEKLFF	TRBV19_01	GILGFVFTL:HLA-A_02:01
CASSSRASYEQYF	TRBV19_01	GILGFVFTL:HLA-A_02:01
CASSSRASYEQYF	TRBV19_01	GILGFVFTL:HLA-A_02:01
CASSSRSTGELFF	TRBV19_01	GILGFVFTL:HLA-A_02:01
CASSTRAANEQFF	TRBV19_01	GILGFVFTL:HLA-A_02:01
CASSTRAANEQFF	TRBV19_01	GILGFVFTL:HLA-A_02:01
CASSTRSSSEQYF	TRBV19_01	GILGFVFTL:HLA-A_02:01
CSASGGRQRTEAFF	TRBV20-1_01	GILGFVFTL:HLA-A_02:01
CASRSPQETQYF	TRBV27_01	GILGFVFTL:HLA-A_02:01
CASSQERGGKWAYEQYF	TRBV04-3_01	GILGFVFTL:HLA-A_02:01
CASSQERGGKWAYEQYF	TRBV04-3_01	GILGFVFTL:HLA-A_02:01
CASMVGQGTGELFF	TRBV06-5_01	GILGFVFTL:HLA-A_02:01
CASSYGTGSSEQYF	TRBV06-5_01	GILGFVFTL:HLA-A_02:01
CASSFSPSSYNEQFF	TRBV07-2_01	GILGFVFTL:HLA-A_02:01
CASSFSTGYADGYTF	TRBV12-3_01	NLVPMVATV:HLA-A_02:01
CSAFDREGVDGYTF	TRBV20-1_01	NLVPMVATV:HLA-A_02:01
CASSDRETYEQYF	TRBV06-2_01	NLVPMVATV:HLA-A_02:01
CASSYSSSTGELFF	TRBV06-2_01	NLVPMVATV:HLA-A_02:01
CASSYFRDRVGDQPQHF	TRBV07-6_01	NLVPMVATV:HLA-A_02:01
CASSLWVGGSSGANVLTF	TRBV27_01	GLCTLVAML:HLA-A_02:01
CASSPTSGSVYEQYF	TRBV03-1_01	GLCTLVAML:HLA-A_02:01
CASSEESYLMNTEAFF	TRBV06-1_01	GLCTLVAML:HLA-A_02:01
CASSEESYLMNTEAFF	TRBV06-1_01	GLCTLVAML:HLA-A_02:01
CASSFGVYEQYF	TRBV12-3_01	GILGFVFTL:HLA-A_02:01
CASSGRATDTQYF	TRBV19_01	GILGFVFTL:HLA-A_02:01
CASSGRSGIEQYF	TRBV19_01	GILGFVFTL:HLA-A_02:01
CASSGRSTDTQYF	TRBV19_01	GILGFVFTL:HLA-A_02:01
CASSGRSTDTQYF	TRBV19_01	GILGFVFTL:HLA-A_02:01
CASSGRSTDTQYF	TRBV19_01	GILGFVFTL:HLA-A_02:01
CASSGRSTDTQYF	TRBV19_01	GILGFVFTL:HLA-A_02:01
CASSIFASGNTQYF	TRBV19_01	GILGFVFTL:HLA-A_02:01
CASSIFSGQPQHF	TRBV19_01	GILGFVFTL:HLA-A_02:01
CASSIHGADTQYF	TRBV19_01	GILGFVFTL:HLA-A_02:01
CASSIHGAETQYF	TRBV19_01	GILGFVFTL:HLA-A_02:01
CASSILSNQPQHF	TRBV19_01	GILGFVFTL:HLA-A_02:01
CASSIRAAYEQYF	TRBV19_01	GILGFVFTL:HLA-A_02:01
CASSIRASNEQFF	TRBV19_01	GILGFVFTL:HLA-A_02:01
CASSIRSAYEQFF	TRBV19_01	GILGFVFTL:HLA-A_02:01
CASSIRSAYEQFF	TRBV19_01	GILGFVFTL:HLA-A_02:01
CASSIRSAYEQYF	TRBV19_01	GILGFVFTL:HLA-A_02:01
CASSIRSAYEQYF	TRBV19_01	GILGFVFTL:HLA-A_02:01
CASSIRSAYEQYF	TRBV19_01	GILGFVFTL:HLA-A_02:01
CASSIRSAYEQYF	TRBV19_01	GILGFVFTL:HLA-A_02:01
CASSIRSAYEQYF	TRBV19_01	GILGFVFTL:HLA-A_02:01
CASSIRSAYEQYF	TRBV19_01	GILGFVFTL:HLA-A_02:01
CASSIRSAYEQYF	TRBV19_01	GILGFVFTL:HLA-A_02:01
CASSIRSAYEQYF	TRBV19_01	GILGFVFTL:HLA-A_02:01
CASSIRSMDIQYF	TRBV19_01	GILGFVFTL:HLA-A_02:01
CASSIRSSAEAFF	TRBV19_01	GILGFVFTL:HLA-A_02:01
CASSIRSSDTQYF	TRBV19_01	GILGFVFTL:HLA-A_02:01
CASSIRSSYEQYF	TRBV19_01	GILGFVFTL:HLA-A_02:01
CASSIRSSYEQYF	TRBV19_01	GILGFVFTL:HLA-A_02:01
CASSIRSSYEQYF	TRBV19_01	GILGFVFTL:HLA-A_02:01
CASSIRSSYEQYF	TRBV19_01	GILGFVFTL:HLA-A_02:01
CASSIRSSYEQYF	TRBV19_01	GILGFVFTL:HLA-A_02:01
CASSIRSSYEQYF	TRBV19_01	GILGFVFTL:HLA-A_02:01
CASSIRSSYEQYF	TRBV19_01	GILGFVFTL:HLA-A_02:01
CASSIRSSYEQYF	TRBV19_01	GILGFVFTL:HLA-A_02:01
CASSIRSSYEQYF	TRBV19_01	GILGFVFTL:HLA-A_02:01
CASSIRSSYEQYF	TRBV19_01	GILGFVFTL:HLA-A_02:01
CASSIRSSYEQYF	TRBV19_01	GILGFVFTL:HLA-A_02:01
CASSIRSSYEQYF	TRBV19_01	GILGFVFTL:HLA-A_02:01
CASSIRSTDTQYF	TRBV19_01	GILGFVFTL:HLA-A_02:01
CASSIRSTDTQYF	TRBV19_01	GILGFVFTL:HLA-A_02:01
CASSIRSTDTQYF	TRBV19_01	GILGFVFTL:HLA-A_02:01
CASSIRSTDTQYF	TRBV19_01	GILGFVFTL:HLA-A_02:01
CASSIRSTDTQYF	TRBV19_01	GILGFVFTL:HLA-A_02:01
CASSIRSTDTQYF	TRBV19_01	GILGFVFTL:HLA-A_02:01
CASSIRSTDTQYF	TRBV19_01	GILGFVFTL:HLA-A_02:01
CASSIYGLSSYNEQFF	TRBV19_01	GILGFVFTL:HLA-A_02:01
CASSIYSNGEQYF	TRBV19_01	GILGFVFTL:HLA-A_02:01
CASSIYSNQPQHF	TRBV19_01	GILGFVFTL:HLA-A_02:01
CASSIYSNQPQHF	TRBV19_01	GILGFVFTL:HLA-A_02:01
CASSIYSTPDQPQHF	TRBV19_01	GILGFVFTL:HLA-A_02:01
CASSIYSVNEQFF	TRBV19_01	GILGFVFTL:HLA-A_02:01
CASSKRSGIEQYF	TRBV19_01	GILGFVFTL:HLA-A_02:01
CASSLLAGPYNEQFF	TRBV19_01	GILGFVFTL:HLA-A_02:01
CASSLYSNQPQHF	TRBV19_01	GILGFVFTL:HLA-A_02:01
CASSMFVGQPQHF	TRBV19_01	GILGFVFTL:HLA-A_02:01
CASSMRSSYEQYF	TRBV19_01	GILGFVFTL:HLA-A_02:01
CASSMRSTDTQYF	TRBV19_01	GILGFVFTL:HLA-A_02:01
CASSPYHTNEQFF	TRBV19_01	GILGFVFTL:HLA-A_02:01
CASSQGSYGYTF	TRBV19_01	GILGFVFTL:HLA-A_02:01
CASSQGSYGYTF	TRBV19_01	GILGFVFTL:HLA-A_02:01
CASSSFGTDTQYF	TRBV19_01	GILGFVFTL:HLA-A_02:01
CASSSHHGSPLGQYF	TRBV19_01	GILGFVFTL:HLA-A_02:01
CASSSRASYEQYF	TRBV19_01	GILGFVFTL:HLA-A_02:01
CASSSRSAYEQYF	TRBV19_01	GILGFVFTL:HLA-A_02:01
CASSSRSAYEQYF	TRBV19_01	GILGFVFTL:HLA-A_02:01
CASSSRSSYEQYF	TRBV19_01	GILGFVFTL:HLA-A_02:01
CASSSRSTGELFF	TRBV19_01	GILGFVFTL:HLA-A_02:01
CASSTHSGNEQFF	TRBV19_01	GILGFVFTL:HLA-A_02:01
CASSTRSAAPLHF	TRBV19_01	GILGFVFTL:HLA-A_02:01
CASSTRSAYEQYF	TRBV19_01	GILGFVFTL:HLA-A_02:01
CASSTRSQETQYF	TRBV19_01	GILGFVFTL:HLA-A_02:01
CASSTRSSYEQYF	TRBV19_01	GILGFVFTL:HLA-A_02:01
CASSTRSTDTQYF	TRBV19_01	GILGFVFTL:HLA-A_02:01
CASSTRSTDTQYF	TRBV19_01	GILGFVFTL:HLA-A_02:01
CASSTRSTDTQYF	TRBV19_01	GILGFVFTL:HLA-A_02:01
CASSTRSTDTQYF	TRBV19_01	GILGFVFTL:HLA-A_02:01
CASSTRSTDTQYF	TRBV19_01	GILGFVFTL:HLA-A_02:01
CASSTRSTDTQYF	TRBV19_01	GILGFVFTL:HLA-A_02:01
CASSTYSTDTQYF	TRBV19_01	GILGFVFTL:HLA-A_02:01
CASSVRSADTQYF	TRBV19_01	GILGFVFTL:HLA-A_02:01
CASSVRSTDTQYF	TRBV19_01	GILGFVFTL:HLA-A_02:01
CASSVRSTGELFF	TRBV19_01	GILGFVFTL:HLA-A_02:01
CASSVRSTGELFF	TRBV19_01	GILGFVFTL:HLA-A_02:01
CASSVYSNQPQHF	TRBV19_01	GILGFVFTL:HLA-A_02:01
CASSYRSTQPQHF	TRBV19_01	GILGFVFTL:HLA-A_02:01
CASSYYSNQPQHF	TRBV19_01	GILGFVFTL:HLA-A_02:01
CATSQGSYGYTF	TRBV15_01	GILGFVFTL:HLA-A_02:01
CSVRTIYEEQYF	TRBV20-1_01	GILGFVFTL:HLA-A_02:01
CASSLEVGQETQYF	TRBV27_01	GILGFVFTL:HLA-A_02:01
CASSFSGDTEAFF	TRBV28_01	GILGFVFTL:HLA-A_02:01
CSAARTGGNEKLFF	TRBV29-1_01	GILGFVFTL:HLA-A_02:01
CSVEISGKEDTQYF	TRBV29-1_01	GILGFVFTL:HLA-A_02:01
CSVVVGDLYNEQFF	TRBV29-1_01	GILGFVFTL:HLA-A_02:01
CASSQERGGKWAYEQYF	TRBV04-3_01	GILGFVFTL:HLA-A_02:01
CASSQERGGKWAYEQYF	TRBV04-3_01	GILGFVFTL:HLA-A_02:01
CASSQERGGKWAYEQYF	TRBV04-3_01	GILGFVFTL:HLA-A_02:01
CASSQERGGKWAYEQYF	TRBV04-3_01	GILGFVFTL:HLA-A_02:01
CASSEDPATNEKLFF	TRBV06-1_01	GILGFVFTL:HLA-A_02:01
CASSDSRTPFQRPLFEAFF	TRBV06-4_01	GILGFVFTL:HLA-A_02:01
CASSYNVRDGDYGYTF	TRBV06-5_01	GILGFVFTL:HLA-A_02:01
CASSGLEGAGDTQYF	TRBV07-2_01	GILGFVFTL:HLA-A_02:01
CASSSSGGEYNEQFF	TRBV07-2_01	GILGFVFTL:HLA-A_02:01
CASSPTGGLETQYF	TRBV07-3_01	GILGFVFTL:HLA-A_02:01
CASSWVVPPNEQFF	TRBV07-3_01	GILGFVFTL:HLA-A_02:01
CASSLAGEVNEQFF	TRBV07-6_01	GILGFVFTL:HLA-A_02:01
CASSLGQGRETQYF	TRBV07-6_01	GILGFVFTL:HLA-A_02:01
CASSLVGGLVGGYTF	TRBV07-9_01	GILGFVFTL:HLA-A_02:01
CASSSANYGYTF	TRBV12-3_01	NLVPMVATV:HLA-A_02:01
CASSSANYGYTF	TRBV12-3_01	NLVPMVATV:HLA-A_02:01
CASSVVERAFF	TRBV12-3_01	NLVPMVATV:HLA-A_02:01
CASSVVERAFF	TRBV12-3_01	NLVPMVATV:HLA-A_02:01
CASSVVERAFF	TRBV12-3_01	NLVPMVATV:HLA-A_02:01
CASSLEGFTEAFF	TRBV27_01	NLVPMVATV:HLA-A_02:01
CASSETGGNQPQHF	TRBV07-3_01	NLVPMVATV:HLA-A_02:01
CASSLAPGATNEKLFF	TRBV07-6_01	NLVPMVATV:HLA-A_02:01
CASSQSPGGTQYF	TRBV14_01	GLCTLVAML:HLA-A_02:01
CASSQSPGGTQYF	TRBV14_01	GLCTLVAML:HLA-A_02:01
CASSQSPGGTQYF	TRBV14_01	GLCTLVAML:HLA-A_02:01
CASSQSPGGTQYF	TRBV14_01	GLCTLVAML:HLA-A_02:01
CASSQSPGGTQYF	TRBV14_01	GLCTLVAML:HLA-A_02:01
CASSQSPGGTQYF	TRBV14_01	GLCTLVAML:HLA-A_02:01
CASSQSPGGTQYF	TRBV14_01	GLCTLVAML:HLA-A_02:01
CASSLGTGHNEQFF	TRBV11-2_01	GILGFVFTL:HLA-A_02:01
CASSTTSGGVETQYF	TRBV12-3_01	GILGFVFTL:HLA-A_02:01
CASSWQGNQPQHF	TRBV12-3_01	GILGFVFTL:HLA-A_02:01
CASSMRAGVEQFF	TRBV19_01	GILGFVFTL:HLA-A_02:01
CASSMRAGVEQFF	TRBV19_01	GILGFVFTL:HLA-A_02:01
CASSSDRGGYNEQFF	TRBV28_01	GILGFVFTL:HLA-A_02:01
CASSDLDSNQPQHF	TRBV06-1_01	GILGFVFTL:HLA-A_02:01
CASSYLYRIGQLEAFF	TRBV06-5_01	GILGFVFTL:HLA-A_02:01
CASSPRQGIETQYF	TRBV07-2_01	GILGFVFTL:HLA-A_02:01
CASSTVSSYEQYF	TRBV07-2_01	GILGFVFTL:HLA-A_02:01
CASSEALVLEQFF	TRBV07-6_01	GILGFVFTL:HLA-A_02:01
CAIRDKMNTEAFF	TRBV10-3_01	NLVPMVATV:HLA-A_02:01
CAISAGTGVRNEQYF	TRBV10-3_01	NLVPMVATV:HLA-A_02:01
CAISDGGRTDTYEQYF	TRBV10-3_01	NLVPMVATV:HLA-A_02:01
CAISESYEQYF	TRBV10-3_01	NLVPMVATV:HLA-A_02:01
CASGLTSGLAGGRGNEQFF	TRBV12-5_01	NLVPMVATV:HLA-A_02:01
CASSPGQGGDEQYF	TRBV13_01	NLVPMVATV:HLA-A_02:01
CASSQASGGPINEQFF	TRBV13_01	NLVPMVATV:HLA-A_02:01
CASSFGLAGVEDTQYF	TRBV14_01	NLVPMVATV:HLA-A_02:01
CASSQEQGDIQYF	TRBV14_01	NLVPMVATV:HLA-A_02:01
CATSRGTVSYEQYF	TRBV15_01	NLVPMVATV:HLA-A_02:01
CATSRPTVGSRLRDGYTF	TRBV15_01	NLVPMVATV:HLA-A_02:01
CASSIVPMFGEQYF	TRBV19_01	NLVPMVATV:HLA-A_02:01
CSAARGHYGYTF	TRBV20-1_01	NLVPMVATV:HLA-A_02:01
CSAGEASGVFQETQYF	TRBV20-1_01	NLVPMVATV:HLA-A_02:01
CSAKVEGYEQYF	TRBV20-1_01	NLVPMVATV:HLA-A_02:01
CSAMGMNTEAFF	TRBV20-1_01	NLVPMVATV:HLA-A_02:01
CSAPPDSLNTEAFF	TRBV20-1_01	NLVPMVATV:HLA-A_02:01
CSARAEGARDSPLHF	TRBV20-1_01	NLVPMVATV:HLA-A_02:01
CSARDVPGTTLGGELFF	TRBV20-1_01	NLVPMVATV:HLA-A_02:01
CSARPRVFRALETQYF	TRBV20-1_01	NLVPMVATV:HLA-A_02:01
CSARRTGSTYNEQFF	TRBV20-1_01	NLVPMVATV:HLA-A_02:01
CSARSLYSTDTQYF	TRBV20-1_01	NLVPMVATV:HLA-A_02:01
CSARYGSTCEQYF	TRBV20-1_01	NLVPMVATV:HLA-A_02:01
CSASRQSNQPQHF	TRBV20-1_01	NLVPMVATV:HLA-A_02:01
CSATTESNQPQHF	TRBV20-1_01	NLVPMVATV:HLA-A_02:01
CSGGRGEETQYF	TRBV20-1_01	NLVPMVATV:HLA-A_02:01
CASRSEETQYF	TRBV27_01	NLVPMVATV:HLA-A_02:01
CASSPSSGAYEQYF	TRBV27_01	NLVPMVATV:HLA-A_02:01
CASMGGSNEQFF	TRBV28_01	NLVPMVATV:HLA-A_02:01
CASSFTSRGTGELFF	TRBV28_01	NLVPMVATV:HLA-A_02:01
CASSTPGAKLGDTGELFF	TRBV28_01	NLVPMVATV:HLA-A_02:01
CSDGQAFF	TRBV29-1_01	NLVPMVATV:HLA-A_02:01
CSVEYRDNEQFF	TRBV29-1_01	NLVPMVATV:HLA-A_02:01
CSVGLAGSYNEQFF	TRBV29-1_01	NLVPMVATV:HLA-A_02:01
CAWIITSTDTQYF	TRBV30_01	NLVPMVATV:HLA-A_02:01
CAWRPAMVYEQYF	TRBV30_01	NLVPMVATV:HLA-A_02:01
CAWSEGDNQPQHF	TRBV30_01	NLVPMVATV:HLA-A_02:01
CAWSGRLAGESGELFF	TRBV30_01	NLVPMVATV:HLA-A_02:01
CAWSNQPQHF	TRBV30_01	NLVPMVATV:HLA-A_02:01
CAWSVADTQYF	TRBV30_01	NLVPMVATV:HLA-A_02:01
CASSNLRWKGRGYTF	TRBV04-1_01	NLVPMVATV:HLA-A_02:01
CASSQGRDRPTEAFF	TRBV04-1_01	NLVPMVATV:HLA-A_02:01
CASSQGGGPGANVLTF	TRBV04-2_01	NLVPMVATV:HLA-A_02:01
CASSQGKDTQYF	TRBV04-2_01	NLVPMVATV:HLA-A_02:01
CASSQRMGLSETQYF	TRBV04-2_01	NLVPMVATV:HLA-A_02:01
CASSHEVYYEQYF	TRBV04-3_01	NLVPMVATV:HLA-A_02:01
CASSQERGGKWAYEQYF	TRBV04-3_01	NLVPMVATV:HLA-A_02:01
CASSLLSGGSYNEQFF	TRBV05-1_01	NLVPMVATV:HLA-A_02:01
CASSLVGSGGEQYF	TRBV05-1_01	NLVPMVATV:HLA-A_02:01
CASSLVPSGSTDTQYF	TRBV05-1_01	NLVPMVATV:HLA-A_02:01
CASSLARGGLGEQYF	TRBV05-4_01	NLVPMVATV:HLA-A_02:01
CASSLGRGIYEQYF	TRBV05-4_01	NLVPMVATV:HLA-A_02:01
CASSLWDPGELFF	TRBV05-4_01	NLVPMVATV:HLA-A_02:01
CASSSRTSGINEQFF	TRBV05-4_01	NLVPMVATV:HLA-A_02:01
CASREDGTEAFF	TRBV06-1_01	NLVPMVATV:HLA-A_02:01
CASTGTARFTGELFF	TRBV06-2_01	NLVPMVATV:HLA-A_02:01
CASRDTSGTAYEQYF	TRBV06-5_01	NLVPMVATV:HLA-A_02:01
CASSYSRSDGHLGNTIYF	TRBV06-5_01	NLVPMVATV:HLA-A_02:01
CASSYSWGFQETQYF	TRBV06-5_01	NLVPMVATV:HLA-A_02:01
CASSRLGDGDSNQPQHF	TRBV06-6_01	NLVPMVATV:HLA-A_02:01
CASRDRAPSYEQYF	TRBV07-2_01	NLVPMVATV:HLA-A_02:01
CASSFLQGNQPQHF	TRBV07-2_01	NLVPMVATV:HLA-A_02:01
CASSFYGYSNQPQHF	TRBV07-2_01	NLVPMVATV:HLA-A_02:01
CASSLAQVDQYF	TRBV07-2_01	NLVPMVATV:HLA-A_02:01
CASSLQVASGSREEQFF	TRBV07-2_01	NLVPMVATV:HLA-A_02:01
CASSLTGTTYGGYTF	TRBV07-2_01	NLVPMVATV:HLA-A_02:01
CASSLVGDRDGYTF	TRBV07-2_01	NLVPMVATV:HLA-A_02:01
CASSQDALGYEQYF	TRBV07-2_01	NLVPMVATV:HLA-A_02:01
CASSSNIGGSPLHF	TRBV07-2_01	NLVPMVATV:HLA-A_02:01
CASSLAVGEDGSPLHF	TRBV07-6_01	NLVPMVATV:HLA-A_02:01
CASSLDSTGGIGELFF	TRBV07-6_01	NLVPMVATV:HLA-A_02:01
CASSLTYGEYEQYF	TRBV07-6_01	NLVPMVATV:HLA-A_02:01
CASSLASPETQYF	TRBV07-9_01	NLVPMVATV:HLA-A_02:01
CASSLGRDLNQPQHF	TRBV07-9_01	NLVPMVATV:HLA-A_02:01
CASSQSGGDVGELFF	TRBV07-9_01	NLVPMVATV:HLA-A_02:01
CASSGTNSPLHF	TRBV09_01	NLVPMVATV:HLA-A_02:01
CASSPRAGTGNSPLHF	TRBV09_01	NLVPMVATV:HLA-A_02:01
CAISRGNEQYF	TRBV10-3_01	GILGFVFTL:HLA-A_02:01
CASSFGQGGYEQYF	TRBV13_01	GILGFVFTL:HLA-A_02:01
CASSLGTGPYNEQFF	TRBV13_01	GILGFVFTL:HLA-A_02:01
CASSQEVFRLAETSGEYEQYF	TRBV14_01	GILGFVFTL:HLA-A_02:01
CASSMRSYNEQFF	TRBV19_01	GILGFVFTL:HLA-A_02:01
CSARVAGVEDTQYF	TRBV20-1_01	GILGFVFTL:HLA-A_02:01
CASSLMADTQYF	TRBV28_01	GILGFVFTL:HLA-A_02:01
CASSQDEPYEQYF	TRBV04-1_01	GILGFVFTL:HLA-A_02:01
CASSPDGPYNEQFF	TRBV06-4_01	GILGFVFTL:HLA-A_02:01
CASSGDFPNEQFF	TRBV09_01	GILGFVFTL:HLA-A_02:01
CASSSPTGSRNTEAFF	TRBV12-3_01	PKYVKQNTLKLAT:HLA-DRA_01:01
CASSIEGIYGYTF	TRBV19_01	PKYVKQNTLKLAT:HLA-DRA_01:01
CATQGVGGNTIYF	TRBV24-1_01	PKYVKQNTLKLAT:HLA-DRA_01:01
CATSPGTGITNQPQHF	TRBV24-1_01	PKYVKQNTLKLAT:HLA-DRA_01:01
CATSDPGGGTDTQYF	TRBV24-1_01	PKYVKQNTLKLAT:HLA-DRA_01:01
CASTGGGGPFQAFF	TRBV28_01	PKYVKQNTLKLAT:HLA-DRA_01:01
CASRTDMNSPLHF	TRBV28_01	PKYVKQNTLKLAT:HLA-DRA_01:01
CASSTPGGGTDTQYF	TRBV28_01	PKYVKQNTLKLAT:HLA-DRA_01:01
CASSSSGDGYTF	TRBV28_01	PKYVKQNTLKLAT:HLA-DRA_01:01
CASSLGGSDLYGYTF	TRBV28_01	PKYVKQNTLKLAT:HLA-DRA_01:01
CASTPGAGVNTDTQYF	TRBV28_01	PKYVKQNTLKLAT:HLA-DRA_01:01
CASSLGDRGLEQYF	TRBV28_01	PKYVKQNTLKLAT:HLA-DRA_01:01
CASSLGGRPEAFF	TRBV28_01	PKYVKQNTLKLAT:HLA-DRA_01:01
CASLVGGGDTGELFF	TRBV28_01	PKYVKQNTLKLAT:HLA-DRA_01:01
CASSLGGRPEAFF	TRBV28_01	PKYVKQNTLKLAT:HLA-DRA_01:01
CASSFQGWETQYF	TRBV28_01	PKYVKQNTLKLAT:HLA-DRA_01:01
CASSLGGRPEAFF	TRBV28_01	PKYVKQNTLKLAT:HLA-DRA_01:01
CASRTDMNSPLHF	TRBV28_01	PKYVKQNTLKLAT:HLA-DRA_01:01
CASSLQGTNEKLFF	TRBV28_01	PKYVKQNTLKLAT:HLA-DRA_01:01
CASSTTGTAFYEQYF	TRBV28_01	PKYVKQNTLKLAT:HLA-DRA_01:01
CAWSKASWGAEAFF	TRBV30_01	PKYVKQNTLKLAT:HLA-DRA_01:01
CASSPRTGDQPQHF	TRBV05-8_01	PKYVKQNTLKLAT:HLA-DRA_01:01
CASSEFWDGYTF	TRBV25-1_01	PKYVKQNTLKLAT:HLA-DRA_01:01
CASSSGPAFF	TRBV28_01	PKYVKQNTLKLAT:HLA-DRA_01:01
CASSSIKGAFF	TRBV28_01	PKYVKQNTLKLAT:HLA-DRA_01:01
CASSPGGGRNTYEQYF	TRBV28_01	PKYVKQNTLKLAT:HLA-DRA_01:01
CASSGPGQGTDTQYF	TRBV28_01	PKYVKQNTLKLAT:HLA-DRA_01:01
CASSLTGWQYF	TRBV28_01	PKYVKQNTLKLAT:HLA-DRA_01:01
CASVASPGTSALDYEQYF	TRBV28_01	PKYVKQNTLKLAT:HLA-DRA_01:01
CASSSGPPAKAFF	TRBV28_01	PKYVKQNTLKLAT:HLA-DRA_01:01
CASTPSPGVSSIGYEQYF	TRBV28_01	PKYVKQNTLKLAT:HLA-DRA_01:01
CASSQEEGGQPQHF	TRBV04-1_01	PKYVKQNTLKLAT:HLA-DRA_01:01
CASRPEKETGELFF	TRBV06-5_01	PKYVKQNTLKLAT:HLA-DRA_01:01
CASRPEKETGELFF	TRBV06-5_01	PKYVKQNTLKLAT:HLA-DRA_01:01
CASSYVGQGLGETQYF	TRBV06-5_01	PKYVKQNTLKLAT:HLA-DRA_01:01
CASSLEGQDYEQYF	TRBV07-8_01	PKYVKQNTLKLAT:HLA-DRA_01:01
CASSRDWETYEQYF	TRBV12-3_01	PKYVKQNTLKLAT:HLA-DRA_01:01
CASSLGNGNTIYF	TRBV28_01	PKYVKQNTLKLAT:HLA-DRA_01:01
CASSQDPTGYSGANVLTF	TRBV04-2_01	PKYVKQNTLKLAT:HLA-DRA_01:01
CASSVGRNTEAFF	TRBV06-1_01	PKYVKQNTLKLAT:HLA-DRA_01:01
CASSQSLHGATNEKLFF	TRBV14_01	PKYVKQNTLKLAT:HLA-DRA_01:01
CASSQSLHGATNEKLFF	TRBV14_01	PKYVKQNTLKLAT:HLA-DRA_01:01
CASRGGGNIQYF	TRBV19_01	PKYVKQNTLKLAT:HLA-DRA_01:01
CSADGGDIWSDEQFF	TRBV20-1_01	PKYVKQNTLKLAT:HLA-DRA_01:01
CATSDFGEGTDTQYF	TRBV24-1_01	PKYVKQNTLKLAT:HLA-DRA_01:01
CATQQVGANVLTF	TRBV24-1_01	PKYVKQNTLKLAT:HLA-DRA_01:01
CATSDPTSGREDEQYF	TRBV24-1_01	PKYVKQNTLKLAT:HLA-DRA_01:01
CATRPGTSDYNEQFF	TRBV24-1_01	PKYVKQNTLKLAT:HLA-DRA_01:01
CATSDFGEGTDTQYF	TRBV24-1_01	PKYVKQNTLKLAT:HLA-DRA_01:01
CATSDFGEGTDTQYF	TRBV24-1_01	PKYVKQNTLKLAT:HLA-DRA_01:01
CATSDFGEGTDTQYF	TRBV24-1_01	PKYVKQNTLKLAT:HLA-DRA_01:01
CASSFPPGQGVQGAFF	TRBV28_01	PKYVKQNTLKLAT:HLA-DRA_01:01
CASSSHGGGSYGYTF	TRBV28_01	PKYVKQNTLKLAT:HLA-DRA_01:01
CASTFSPGTRSRDTQYF	TRBV28_01	PKYVKQNTLKLAT:HLA-DRA_01:01
CASSFFSYEQYF	TRBV28_01	PKYVKQNTLKLAT:HLA-DRA_01:01
CASSSAGGTGMNYGYTF	TRBV28_01	PKYVKQNTLKLAT:HLA-DRA_01:01
CASSTPGTGSSPLHF	TRBV28_01	PKYVKQNTLKLAT:HLA-DRA_01:01
CASIPSAGTSGKEVTDTQYF	TRBV28_01	PKYVKQNTLKLAT:HLA-DRA_01:01
CASSSSGGGTDTQYF	TRBV28_01	PKYVKQNTLKLAT:HLA-DRA_01:01
CASSGIAGGPSYEQYF	TRBV28_01	PKYVKQNTLKLAT:HLA-DRA_01:01
CASSSHGGGSYGYTF	TRBV28_01	PKYVKQNTLKLAT:HLA-DRA_01:01
CASSTPGTGSSPLHF	TRBV28_01	PKYVKQNTLKLAT:HLA-DRA_01:01
CASRDSGSSTDTQYF	TRBV28_01	PKYVKQNTLKLAT:HLA-DRA_01:01
CASSYTDNGNTIYF	TRBV06-5_01	PKYVKQNTLKLAT:HLA-DRA_01:01
CASKPGQLLNYGYTF	TRBV06-5_01	PKYVKQNTLKLAT:HLA-DRA_01:01
CATSDPGQGAGDTQYF	TRBV24-1_01	PKYVKQNTLKLAT:HLA-DRA_01:01
CASWVGGREDSAQHF	TRBV28_01	PKYVKQNTLKLAT:HLA-DRA_01:01
CASPPAGDITGETQYF	TRBV28_01	PKYVKQNTLKLAT:HLA-DRA_01:01
CASSPGGGRGSYEQYF	TRBV28_01	PKYVKQNTLKLAT:HLA-DRA_01:01
CASSQGDRGNIQYF	TRBV28_01	PKYVKQNTLKLAT:HLA-DRA_01:01
CASSYDTNTEAFF	TRBV06-5_01	PKYVKQNTLKLAT:HLA-DRA_01:01
CASSLDGQDYEQYF	TRBV07-8_01	PKYVKQNTLKLAT:HLA-DRA_01:01
CATGPGTENTEAFF	TRBV10-3_01	PKYVKQNTLKLAT:HLA-DRA_01:01
CASSLAPPGRLNSPLHF	TRBV11-2_01	PKYVKQNTLKLAT:HLA-DRA_01:01
CASSLDLGLGSPLHF	TRBV11-2_01	PKYVKQNTLKLAT:HLA-DRA_01:01
CASSLDGRQSNTEAFF	TRBV11-3_01	PKYVKQNTLKLAT:HLA-DRA_01:01
CASSLQGIYTF	TRBV11-3_01	PKYVKQNTLKLAT:HLA-DRA_01:01
CASSPGVAGSSYNEQFF	TRBV11-3_01	PKYVKQNTLKLAT:HLA-DRA_01:01
CASSLISNTEAFF	TRBV12-3_01	PKYVKQNTLKLAT:HLA-DRA_01:01
CASSLVVGAGTEAFF	TRBV12-3_01	PKYVKQNTLKLAT:HLA-DRA_01:01
CASSLGTGGINYGYTF	TRBV12-3_01	PKYVKQNTLKLAT:HLA-DRA_01:01
CASSLQVNTFSSGNTIYF	TRBV12-3_01	PKYVKQNTLKLAT:HLA-DRA_01:01
CATRESSGNTIYF	TRBV12-3_01	PKYVKQNTLKLAT:HLA-DRA_01:01
CASRTEDNSPLHF	TRBV12-3_01	PKYVKQNTLKLAT:HLA-DRA_01:01
CASSFGAKAGEQFF	TRBV12-3_01	PKYVKQNTLKLAT:HLA-DRA_01:01
CASSLASGGVNEQFF	TRBV12-3_01	PKYVKQNTLKLAT:HLA-DRA_01:01
CASSLGQNSGNTDTQYF	TRBV12-3_01	PKYVKQNTLKLAT:HLA-DRA_01:01
CASSWGVETQYF	TRBV12-3_01	PKYVKQNTLKLAT:HLA-DRA_01:01
CASREDRGVSKAEQYF	TRBV12-3_01	PKYVKQNTLKLAT:HLA-DRA_01:01
CASSSQGLHEQYF	TRBV12-3_01	PKYVKQNTLKLAT:HLA-DRA_01:01
CASGAGRDRNTDTQYF	TRBV12-5_01	PKYVKQNTLKLAT:HLA-DRA_01:01
CASTRQNSNQPQHF	TRBV13_01	PKYVKQNTLKLAT:HLA-DRA_01:01
CASSQGRRNGYTF	TRBV14_01	PKYVKQNTLKLAT:HLA-DRA_01:01
CASSRGPSSEQYF	TRBV14_01	PKYVKQNTLKLAT:HLA-DRA_01:01
CATSREGGGYNEQFF	TRBV15_01	PKYVKQNTLKLAT:HLA-DRA_01:01
CATSRDAGEVETQYF	TRBV15_01	PKYVKQNTLKLAT:HLA-DRA_01:01
CASSPGLSVGEQFF	TRBV18_01	PKYVKQNTLKLAT:HLA-DRA_01:01
CASSASQGSHRLDTEAFF	TRBV19_01	PKYVKQNTLKLAT:HLA-DRA_01:01
CASKTQGGSLRGYTF	TRBV19_01	PKYVKQNTLKLAT:HLA-DRA_01:01
CASRSPGGYYGYTF	TRBV19_01	PKYVKQNTLKLAT:HLA-DRA_01:01
CASDRVGSNQPQHF	TRBV19_01	PKYVKQNTLKLAT:HLA-DRA_01:01
CASDYTGDGNQPQHF	TRBV19_01	PKYVKQNTLKLAT:HLA-DRA_01:01
CASTLGPGRDQGAQHF	TRBV19_01	PKYVKQNTLKLAT:HLA-DRA_01:01
CASSFKRGLGDEQFF	TRBV19_01	PKYVKQNTLKLAT:HLA-DRA_01:01
CASSLLRTDTDTQYF	TRBV19_01	PKYVKQNTLKLAT:HLA-DRA_01:01
CASSTPRGFRYEQYF	TRBV19_01	PKYVKQNTLKLAT:HLA-DRA_01:01
CASSDGLQGNTEAFF	TRBV02_01	PKYVKQNTLKLAT:HLA-DRA_01:01
CASRGDLEGYTF	TRBV02_01	PKYVKQNTLKLAT:HLA-DRA_01:01
CASPATEYNEQFF	TRBV02_01	PKYVKQNTLKLAT:HLA-DRA_01:01
CAKATRDTQYF	TRBV02_01	PKYVKQNTLKLAT:HLA-DRA_01:01
CASRLAKGRFETQYF	TRBV02_01	PKYVKQNTLKLAT:HLA-DRA_01:01
CSAEMDAAGAFF	TRBV20-1_01	PKYVKQNTLKLAT:HLA-DRA_01:01
CSALVKYKNTEAFF	TRBV20-1_01	PKYVKQNTLKLAT:HLA-DRA_01:01
CSASGSGGKTEAFF	TRBV20-1_01	PKYVKQNTLKLAT:HLA-DRA_01:01
CSARDFSYGYTF	TRBV20-1_01	PKYVKQNTLKLAT:HLA-DRA_01:01
CSARLPAGDGYTF	TRBV20-1_01	PKYVKQNTLKLAT:HLA-DRA_01:01
CSASGHRTDGNTIYF	TRBV20-1_01	PKYVKQNTLKLAT:HLA-DRA_01:01
CSARDSGDGGYQPQHF	TRBV20-1_01	PKYVKQNTLKLAT:HLA-DRA_01:01
CSVELAGGGGNEQFF	TRBV29-1_01	PKYVKQNTLKLAT:HLA-DRA_01:01
CSAIRTSGTGTQYF	TRBV20-1_01	PKYVKQNTLKLAT:HLA-DRA_01:01
CSASLGTGQETQYF	TRBV20-1_01	PKYVKQNTLKLAT:HLA-DRA_01:01
CSASSGTQETQYF	TRBV20-1_01	PKYVKQNTLKLAT:HLA-DRA_01:01
CSAVYQETQYF	TRBV20-1_01	PKYVKQNTLKLAT:HLA-DRA_01:01
CATSAEGGRRSEQFF	TRBV24-1_01	PKYVKQNTLKLAT:HLA-DRA_01:01
CASSPGVQGTVQPQHF	TRBV27_01	PKYVKQNTLKLAT:HLA-DRA_01:01
CASRTALAGGLRGSYNEQFF	TRBV27_01	PKYVKQNTLKLAT:HLA-DRA_01:01
CASSLGQPNTEAFF	TRBV28_01	PKYVKQNTLKLAT:HLA-DRA_01:01
CASTGLGRGGTEAFF	TRBV28_01	PKYVKQNTLKLAT:HLA-DRA_01:01
CASSSSGGSWGYTF	TRBV28_01	PKYVKQNTLKLAT:HLA-DRA_01:01
CATQGQLNYGYTF	TRBV28_01	PKYVKQNTLKLAT:HLA-DRA_01:01
CASTQDGTNEKLFF	TRBV28_01	PKYVKQNTLKLAT:HLA-DRA_01:01
CASSLSNQPQHF	TRBV28_01	PKYVKQNTLKLAT:HLA-DRA_01:01
CASAVRSPLHF	TRBV28_01	PKYVKQNTLKLAT:HLA-DRA_01:01
CASLRLGEGGEQFF	TRBV28_01	PKYVKQNTLKLAT:HLA-DRA_01:01
CASSRGLTINEQFF	TRBV28_01	PKYVKQNTLKLAT:HLA-DRA_01:01
CASTSGGTYNEQFF	TRBV28_01	PKYVKQNTLKLAT:HLA-DRA_01:01
CASSLLDRVLAGELFF	TRBV28_01	PKYVKQNTLKLAT:HLA-DRA_01:01
CASSLNPLRRIQETQYF	TRBV28_01	PKYVKQNTLKLAT:HLA-DRA_01:01
CASSSPTSGSLQYEQYF	TRBV28_01	PKYVKQNTLKLAT:HLA-DRA_01:01
CASSSQGYEQYF	TRBV28_01	PKYVKQNTLKLAT:HLA-DRA_01:01
CASSSSGGASYEQYF	TRBV28_01	PKYVKQNTLKLAT:HLA-DRA_01:01
CSVAGTGSNQPQHF	TRBV29-1_01	PKYVKQNTLKLAT:HLA-DRA_01:01
CSAIGPGRFETQYF	TRBV29-1_01	PKYVKQNTLKLAT:HLA-DRA_01:01
CSGAGEGIEQYF	TRBV29-1_01	PKYVKQNTLKLAT:HLA-DRA_01:01
CSVKVGYEQYF	TRBV29-1_01	PKYVKQNTLKLAT:HLA-DRA_01:01
CASSQSGGLKDTQYF	TRBV03-1_01	PKYVKQNTLKLAT:HLA-DRA_01:01
CASSQVEETQYF	TRBV03-1_01	PKYVKQNTLKLAT:HLA-DRA_01:01
CASDRGHTEAFF	TRBV30_01	PKYVKQNTLKLAT:HLA-DRA_01:01
CAWSGRRGVTEAFF	TRBV30_01	PKYVKQNTLKLAT:HLA-DRA_01:01
CAWSVGLGRQPQHF	TRBV30_01	PKYVKQNTLKLAT:HLA-DRA_01:01
CAWGGGDTQYF	TRBV30_01	PKYVKQNTLKLAT:HLA-DRA_01:01
CAWSLEADTQYF	TRBV30_01	PKYVKQNTLKLAT:HLA-DRA_01:01
CASSRQTGGTAEAFF	TRBV05-1_01	PKYVKQNTLKLAT:HLA-DRA_01:01
CASSLAPGQHNEQFF	TRBV05-1_01	PKYVKQNTLKLAT:HLA-DRA_01:01
CASSRDLTDTQYF	TRBV05-1_01	PKYVKQNTLKLAT:HLA-DRA_01:01
CASSRENTEAFF	TRBV05-4_01	PKYVKQNTLKLAT:HLA-DRA_01:01
CASSLASGSRYNEQFF	TRBV05-4_01	PKYVKQNTLKLAT:HLA-DRA_01:01
CASSYGGTGGLTEQYF	TRBV05-4_01	PKYVKQNTLKLAT:HLA-DRA_01:01
CASSTDGGYEQYF	TRBV05-8_01	PKYVKQNTLKLAT:HLA-DRA_01:01
CASSVGYNQPQHF	TRBV06-1_01	PKYVKQNTLKLAT:HLA-DRA_01:01
CASSDRGANSYNEQFF	TRBV06-1_01	PKYVKQNTLKLAT:HLA-DRA_01:01
CASPQGFPNYEQYF	TRBV06-1_01	PKYVKQNTLKLAT:HLA-DRA_01:01
CASSEEGRDEQYF	TRBV06-1_01	PKYVKQNTLKLAT:HLA-DRA_01:01
CASSEVVWGAEQYF	TRBV06-1_01	PKYVKQNTLKLAT:HLA-DRA_01:01
CASTRGAIEYYGYTF	TRBV06-2_01	PKYVKQNTLKLAT:HLA-DRA_01:01
CASSDSGGVHNEQFF	TRBV06-4_01	PKYVKQNTLKLAT:HLA-DRA_01:01
CASLAGTLTPMNTEAFF	TRBV06-5_01	PKYVKQNTLKLAT:HLA-DRA_01:01
CASSSTGRVLTEAFF	TRBV06-5_01	PKYVKQNTLKLAT:HLA-DRA_01:01
CASSYSHYTEAFF	TRBV06-5_01	PKYVKQNTLKLAT:HLA-DRA_01:01
CASRGDHEQFF	TRBV06-5_01	PKYVKQNTLKLAT:HLA-DRA_01:01
CASSQGGGGGAGELFF	TRBV06-5_01	PKYVKQNTLKLAT:HLA-DRA_01:01
CASSHGTGAYEQYF	TRBV06-5_01	PKYVKQNTLKLAT:HLA-DRA_01:01
CASSPERRAYEQYF	TRBV06-5_01	PKYVKQNTLKLAT:HLA-DRA_01:01
CASSPGTSGAYEQYF	TRBV06-5_01	PKYVKQNTLKLAT:HLA-DRA_01:01
CASSYAGAGAYEQYF	TRBV06-5_01	PKYVKQNTLKLAT:HLA-DRA_01:01
CASSYSSGGPREQYF	TRBV06-5_01	PKYVKQNTLKLAT:HLA-DRA_01:01
CASSYSEIQAAFF	TRBV06-6_01	PKYVKQNTLKLAT:HLA-DRA_01:01
CASSPQGGRHGYTF	TRBV06-6_01	PKYVKQNTLKLAT:HLA-DRA_01:01
CATRNLLAGGNEQFF	TRBV06-6_01	PKYVKQNTLKLAT:HLA-DRA_01:01
CASSLDRTSGTNEQFF	TRBV07-2_01	PKYVKQNTLKLAT:HLA-DRA_01:01
CASTAELKGAEGYTF	TRBV07-3_01	PKYVKQNTLKLAT:HLA-DRA_01:01
CASSLLGNEQFF	TRBV07-3_01	PKYVKQNTLKLAT:HLA-DRA_01:01
CASSLMGGVPYNEQFF	TRBV07-3_01	PKYVKQNTLKLAT:HLA-DRA_01:01
CASSLMGGVPYNEQFF	TRBV07-3_01	PKYVKQNTLKLAT:HLA-DRA_01:01
CASSLMGGVPYNEQFF	TRBV07-3_01	PKYVKQNTLKLAT:HLA-DRA_01:01
CASSLMGGVPYNEQFF	TRBV07-3_01	PKYVKQNTLKLAT:HLA-DRA_01:01
CASSPDGSSYNEQFF	TRBV07-3_01	PKYVKQNTLKLAT:HLA-DRA_01:01
CASSPGTGLDTQYF	TRBV07-3_01	PKYVKQNTLKLAT:HLA-DRA_01:01
CASSSGLAGGLETQYF	TRBV07-3_01	PKYVKQNTLKLAT:HLA-DRA_01:01
CASSPLAGPLYEQYF	TRBV07-3_01	PKYVKQNTLKLAT:HLA-DRA_01:01
CASSLGGTYSNQPQHF	TRBV07-6_01	PKYVKQNTLKLAT:HLA-DRA_01:01
CASSSSGQDANEQFF	TRBV07-6_01	PKYVKQNTLKLAT:HLA-DRA_01:01
CASSSSGQDANEQFF	TRBV07-6_01	PKYVKQNTLKLAT:HLA-DRA_01:01
CASSSSGQDANEQFF	TRBV07-6_01	PKYVKQNTLKLAT:HLA-DRA_01:01
CASRRPQEGTEAFF	TRBV07-9_01	PKYVKQNTLKLAT:HLA-DRA_01:01
CASSLAGGSDNEQFF	TRBV07-9_01	PKYVKQNTLKLAT:HLA-DRA_01:01
CASSFSGVSGANVLTF	TRBV07-9_01	PKYVKQNTLKLAT:HLA-DRA_01:01
CASSVEGTGYYEQYF	TRBV09_01	PKYVKQNTLKLAT:HLA-DRA_01:01
